# Blender 4.3.2
# www.blender.org
mtllib mars_surface_2.mtl
o Plane.001
v 1.413712 0.000000 9.369795
v 6.413713 0.000000 9.369795
v 1.413712 0.000000 2.369794
v 6.413713 0.000000 2.369794
v -11.701442 1.805986 9.345285
v 10.047668 0.636348 9.651527
v -10.408901 1.544755 -10.668671
v 10.035101 0.303346 -10.217291
v -11.462974 1.965838 9.280529
v -11.215837 2.117649 9.218894
v -10.951629 2.253259 9.164035
v -10.660826 2.363274 9.120278
v -10.333179 2.437279 9.092473
v -9.958435 2.464297 9.085514
v -9.528003 2.434201 9.103197
v -9.038043 2.340849 9.146296
v -8.493157 2.186595 9.211181
v -7.908016 1.985438 9.290335
v -7.303830 1.760233 9.374902
v -6.700922 1.534135 9.457471
v -6.113162 1.323413 9.533365
v -5.547184 1.136021 9.600486
v -5.004479 0.973899 9.658444
v -4.483772 0.835735 9.707781
v -3.982626 0.718866 9.749436
v -3.498330 0.620316 9.784441
v -3.028310 0.537261 9.813795
v -2.570279 0.467213 9.838379
v -2.122279 0.408053 9.858953
v -1.682664 0.358013 9.876165
v -1.250062 0.315631 9.890543
v -0.823331 0.279709 9.902529
v -0.401526 0.249272 9.912482
v 0.016141 0.223547 9.920690
v 0.430120 0.252518 9.927322
v 0.842195 0.192278 9.932842
v 1.251226 0.179696 9.936962
v 1.658076 0.175064 9.939075
v 2.064463 0.215755 9.936622
v 2.468670 0.170219 9.941161
v 2.859500 0.346912 9.921608
v 3.275995 0.334445 9.914434
v 3.691864 0.375528 9.889097
v 4.098175 0.279894 9.914862
v 4.494986 0.225472 9.904577
v 4.889657 0.247723 9.871436
v 5.337673 0.367531 9.830729
v 5.728534 0.448059 9.807417
v 6.073326 0.410242 9.848661
v 6.436445 0.388968 9.869295
v 6.853075 0.313731 9.823545
v 7.242880 0.355648 9.799623
v 7.634085 0.402252 9.770153
v 8.025496 0.452218 9.738891
v 8.419244 0.504107 9.707660
v 8.819314 0.558661 9.677790
v 9.231458 0.620160 9.649277
v 9.653217 0.674709 9.629157
v -10.039362 1.762022 -10.777130
v -9.637506 1.654548 -10.721071
v -9.201474 1.335255 -10.561884
v -8.755575 1.036695 -10.417345
v -8.326187 0.853036 -10.330126
v -7.915134 0.769116 -10.291725
v -7.518353 0.757486 -10.288605
v -7.129943 0.788832 -10.306520
v -6.738631 0.807254 -10.318623
v -6.332593 0.752456 -10.296103
v -5.913624 0.635269 -10.244160
v -5.492779 0.513886 -10.190487
v -5.076316 0.419779 -10.149963
v -4.664753 0.354293 -10.123140
v -4.256798 0.309858 -10.106380
v -3.851223 0.279928 -10.096569
v -3.447208 0.260861 -10.092016
v -3.044239 0.251543 -10.092268
v -2.642005 0.252457 -10.097672
v -2.240319 0.263539 -10.108246
v -1.839192 0.279396 -10.121155
v -1.438846 0.285793 -10.128841
v -1.039453 0.270458 -10.124826
v -0.640806 0.239493 -10.112383
v -0.242543 0.208357 -10.099749
v 0.155501 0.185408 -10.091354
v 0.553283 0.171452 -10.087584
v 0.950627 0.164964 -10.087530
v 1.347199 0.164868 -10.090420
v 1.742389 0.171330 -10.095949
v 2.135240 0.185712 -10.104225
v 2.524978 0.209081 -10.115334
v 2.913331 0.236959 -10.128027
v 3.306809 0.254518 -10.138659
v 3.709918 0.251323 -10.144634
v 4.117507 0.237816 -10.148230
v 4.523286 0.227247 -10.152437
v 4.925777 0.222703 -10.157919
v 5.325775 0.222202 -10.164118
v 5.724145 0.223548 -10.170414
v 6.121377 0.225788 -10.176567
v 6.517629 0.229159 -10.182739
v 6.912735 0.234578 -10.189243
v 7.306212 0.243317 -10.196407
v 7.697453 0.256481 -10.204432
v 8.086794 0.272664 -10.212652
v 8.476629 0.285314 -10.218697
v 8.867594 0.291541 -10.220873
v 9.253922 0.303117 -10.221529
v 9.636354 0.319962 -10.221937
v -11.808306 1.917984 8.915618
v -11.890005 2.004557 8.497810
v -11.945668 2.065372 8.092426
v -11.976657 2.102221 7.698988
v -11.985820 2.118181 7.316334
v -11.976989 2.117038 6.942822
v -11.954459 2.102849 6.576505
v -11.922464 2.079460 6.215322
v -11.884579 2.050047 5.857278
v -11.843237 2.016672 5.500640
v -11.799447 1.980016 5.144079
v -11.752768 1.939384 4.786760
v -11.701618 1.892992 4.428303
v -11.643868 1.838576 4.068668
v -11.577619 1.774131 3.707988
v -11.501872 1.698631 3.346388
v -11.416983 1.612473 2.983867
v -11.324653 1.517513 2.620258
v -11.227611 1.416730 2.255263
v -11.129039 1.313664 1.888534
v -11.032048 1.211823 1.519746
v -10.939277 1.114250 1.148658
v -10.852693 1.023285 0.775126
v -10.773395 0.939690 0.398678
v -10.697013 0.820405 0.021775
v -10.620944 0.668706 -0.325320
v -10.582870 0.740058 -0.733746
v -10.539160 0.702763 -1.128539
v -10.500031 0.666216 -1.515754
v -10.467729 0.638035 -1.904864
v -10.441704 0.617787 -2.295813
v -10.421456 0.605182 -2.688623
v -10.406606 0.600211 -3.083451
v -10.396976 0.603387 -3.480676
v -10.392717 0.616077 -3.881043
v -10.394459 0.640887 -4.285821
v -10.403226 0.681624 -4.696806
v -10.419576 0.741434 -5.115592
v -10.441231 0.817504 -5.541486
v -10.461687 0.898320 -5.970459
v -10.478486 0.984218 -6.403500
v -10.505887 1.116920 -6.858581
v -10.556487 1.325349 -7.347496
v -10.592409 1.483646 -7.814631
v -10.572206 1.458553 -8.201117
v -10.536881 1.398909 -8.574278
v -10.546460 1.504444 -9.022928
v -10.603469 1.807433 -9.563581
v -10.562863 1.970646 -10.059385
v -10.482598 1.886027 -10.434065
v 10.059692 0.680882 9.237922
v 10.030272 0.605738 8.876084
v 10.006474 0.522503 8.521363
v 9.997155 0.456369 8.162895
v 9.995325 0.399121 7.802358
v 9.996243 0.347330 7.439522
v 9.997553 0.300563 7.073436
v 9.998638 0.259724 6.703313
v 9.999834 0.226079 6.328718
v 10.001458 0.199976 5.949680
v 10.003580 0.180790 5.566585
v 10.006147 0.167527 5.179923
v 10.009107 0.159225 4.790161
v 10.012444 0.155093 4.397682
v 10.016160 0.154516 4.002777
v 10.020285 0.157036 3.605654
v 10.024842 0.162330 3.206436
v 10.029895 0.170193 2.805188
v 10.035500 0.180523 2.401915
v 10.041722 0.193300 1.996579
v 10.048646 0.208559 1.589113
v 10.056342 0.226361 1.179430
v 10.064878 0.246776 0.767446
v 10.074302 0.269856 0.353094
v 10.084640 0.295617 -0.063656
v 10.095896 0.324010 -0.482769
v 10.108023 0.354889 -0.904112
v 10.120922 0.387971 -1.327421
v 10.134425 0.422742 -1.752334
v 10.132288 0.356866 -2.194098
v 10.161995 0.494178 -2.603117
v 10.175486 0.529398 -3.027976
v 10.187804 0.561556 -3.449749
v 10.205132 0.788877 -3.854803
v 10.214523 0.810763 -4.269825
v 10.220918 0.824944 -4.678603
v 10.223651 0.830197 -5.079967
v 10.212592 0.626324 -5.468493
v 10.207474 0.613401 -5.848490
v 10.199042 0.593215 -6.221556
v 10.187473 0.568646 -6.589654
v 10.172245 0.545184 -6.956079
v 10.150181 0.536381 -7.328002
v 10.110606 0.578188 -7.723267
v 10.054001 0.671015 -8.142332
v 10.058839 0.575518 -8.470024
v 10.070793 0.453977 -8.781752
v 10.043036 0.437724 -9.132460
v 9.980118 0.502776 -9.504574
v 9.988542 0.437320 -9.864021
v -11.582114 2.089794 8.845583
v -11.671250 2.183364 8.424709
v -11.729751 2.246658 8.018414
v -11.759516 2.282158 7.625993
v -11.764030 2.293622 7.245998
v -11.747809 2.285486 6.876486
v -11.715907 2.262465 6.515182
v -11.673304 2.229060 6.159660
v -11.624267 2.189034 5.807564
v -11.571747 2.144902 5.456835
v -11.517066 2.097633 5.105901
v -11.459888 2.046628 4.753765
v -11.398587 1.990058 4.399986
v -11.330941 1.925554 4.044523
v -11.254979 1.851050 3.687540
v -11.169752 1.765577 3.329195
v -11.075763 1.669716 2.969513
v -10.974950 1.565605 2.608346
v -10.870267 1.456516 2.245412
v -10.765066 1.346205 1.880386
v -10.662522 1.238292 1.512976
v -10.565240 1.135808 1.142977
v -10.475101 1.041009 0.770288
v -10.393346 0.955154 0.394809
v -10.317731 0.861504 0.009571
v -10.276078 0.673971 -0.354367
v -10.204335 0.747478 -0.734518
v -10.153510 0.712582 -1.131650
v -10.113977 0.675920 -1.518860
v -10.081525 0.647976 -1.908063
v -10.055580 0.628338 -2.299220
v -10.035676 0.616808 -2.692399
v -10.021500 0.613618 -3.087857
v -10.013085 0.619823 -3.486200
v -10.011068 0.637995 -3.888664
v -10.017129 0.673349 -4.297577
v -10.034389 0.734856 -4.716830
v -10.066443 0.833247 -5.151134
v -10.110806 0.965945 -5.600018
v -10.146871 1.089002 -6.046543
v -10.156241 1.167147 -6.477522
v -10.180234 1.312845 -6.940274
v -10.267629 1.647937 -7.485344
v -10.324431 1.885999 -7.988378
v -10.284062 1.793779 -8.344276
v -10.225204 1.660700 -8.684937
v -10.235519 1.769700 -9.135742
v -10.296748 2.124051 -9.703815
v -10.182714 2.233532 -10.194483
v -10.104408 2.176006 -10.583897
v -11.347608 2.253935 8.778315
v -11.444234 2.354532 8.354169
v -11.505428 2.420113 7.946894
v -11.533708 2.453940 7.555514
v -11.533183 2.460460 7.178285
v -11.509033 2.444721 6.812953
v -11.467017 2.412040 6.456906
v -11.412850 2.367532 6.107345
v -11.351476 2.315542 5.761518
v -11.286395 2.259090 5.417006
v -11.219310 2.199502 5.071958
v -11.150099 2.136384 4.725210
v -11.077251 2.068024 4.376236
v -10.998618 1.992127 4.024987
v -10.912329 1.906741 3.671636
v -10.817590 1.811081 3.316376
v -10.715090 1.705965 2.959264
v -10.606932 1.593760 2.600190
v -10.496162 1.477893 2.238925
v -10.386118 1.362164 1.875193
v -10.279878 1.250114 1.508765
v -10.179885 1.144623 1.139492
v -10.087780 1.047680 0.767281
v -9.990145 0.930703 0.385428
v -9.930804 0.757498 0.024825
v -9.889415 0.771611 -0.345513
v -9.811073 0.762256 -0.748159
v -9.763451 0.716966 -1.133782
v -9.724036 0.680691 -1.521044
v -9.691815 0.653317 -1.910360
v -9.666224 0.634456 -2.301706
v -9.646808 0.623994 -2.695184
v -9.633338 0.622374 -3.091144
v -9.626050 0.631147 -3.490386
v -9.626069 0.654089 -3.894635
v -9.636300 0.699395 -4.307410
v -9.662892 0.783349 -4.735554
v -9.715900 0.932346 -5.190116
v -9.798867 1.158993 -5.676950
v -9.865151 1.357908 -6.154491
v -9.843991 1.368374 -6.558438
v -9.828878 1.429839 -6.987527
v -9.929687 1.811001 -7.551960
v -9.993159 2.081862 -8.068718
v -9.936702 1.975783 -8.419956
v -9.857874 1.813550 -8.750084
v -9.836419 1.832220 -9.163189
v -9.859800 2.043659 -9.668354
v -9.786784 2.133491 -10.138033
v -9.708586 2.033637 -10.506226
v -11.096332 2.402351 8.717436
v -11.200651 2.510267 8.289686
v -11.264625 2.578248 7.881199
v -11.291418 2.610373 7.490736
v -11.285785 2.611778 7.116238
v -11.253499 2.588070 6.755128
v -11.200969 2.545110 6.404448
v -11.134583 2.488582 6.060985
v -11.059949 2.423425 5.721558
v -10.981163 2.353204 5.383356
v -10.900398 2.279696 5.044230
v -10.817900 2.202883 4.702836
v -10.732446 2.121358 4.358562
v -10.642176 2.033125 4.011330
v -10.545496 1.936543 3.661325
v -10.441853 1.831121 3.308769
v -10.332108 1.717912 2.953771
v -10.218400 1.599390 2.596287
v -10.103670 1.478937 2.236164
v -9.991050 1.360166 1.873219
v -9.883337 1.246346 1.507301
v -9.782696 1.140055 1.138340
v -9.683530 1.022757 0.758548
v -9.624667 0.847035 0.413375
v -9.547191 0.865932 0.022721
v -9.470606 0.815221 -0.366711
v -9.415458 0.760570 -0.749683
v -9.368882 0.715759 -1.134882
v -9.330098 0.680353 -1.522249
v -9.298487 0.653843 -1.911687
v -9.273484 0.635858 -2.303179
v -9.254649 0.626330 -2.696850
v -9.241813 0.625812 -3.093083
v -9.235303 0.636102 -3.492779
v -9.236514 0.661609 -3.897906
v -9.249072 0.712217 -4.312657
v -9.281127 0.809027 -4.745787
v -9.348329 0.991848 -5.213739
v -9.464841 1.299181 -5.732953
v -9.568586 1.589684 -6.247646
v -9.517095 1.529116 -6.622509
v -9.443070 1.451473 -6.994260
v -9.501254 1.735411 -7.517074
v -9.569054 2.054934 -8.053982
v -9.493558 2.006516 -8.436211
v -9.398085 1.858068 -8.775646
v -9.351256 1.754685 -9.134003
v -9.341807 1.740298 -9.533928
v -9.320465 1.737837 -9.942772
v -9.268525 1.613658 -10.292595
v -10.818820 2.525906 8.667246
v -10.931381 2.641939 8.235340
v -10.998624 2.712925 7.825150
v -11.024298 2.743695 7.435266
v -11.013783 2.740059 7.063309
v -10.973438 2.708190 6.706340
v -10.910257 2.654469 6.360985
v -10.831294 2.585155 6.023563
v -10.742835 2.505813 5.690405
v -10.649627 2.420635 5.358291
v -10.554419 2.331985 5.024777
v -10.457987 2.240387 4.688354
v -10.359596 2.144961 4.348330
v -10.257851 2.044221 4.004605
v -10.151568 1.936990 3.657383
v -10.040467 1.823119 3.306918
v -9.925487 1.703810 2.953389
v -9.808623 1.581452 2.596847
v -9.692508 1.459140 2.237248
v -9.579865 1.340073 1.874518
v -9.473066 1.227070 1.508608
v -9.373794 1.121725 1.139024
v -9.288340 0.917489 0.756775
v -9.215800 0.909158 0.423073
v -9.130990 0.868677 0.014159
v -9.068686 0.805381 -0.366474
v -9.015172 0.752327 -0.749563
v -8.969885 0.709022 -1.134937
v -8.932212 0.674920 -1.522452
v -8.901544 0.649517 -1.912014
v -8.877328 0.632451 -2.303602
v -8.859130 0.623648 -2.697329
v -8.846775 0.623621 -3.093562
v -8.840552 0.634057 -3.493146
v -8.841737 0.659034 -3.897910
v -8.853576 0.707534 -4.311665
v -8.883206 0.798129 -4.742123
v -8.943517 0.963935 -5.202967
v -9.044286 1.232633 -5.706104
v -9.135342 1.491654 -6.207343
v -9.101830 1.475634 -6.599877
v -9.021995 1.390566 -6.968092
v -9.021886 1.566009 -7.446988
v -9.046739 1.899006 -7.995643
v -8.956338 2.023007 -8.460474
v -8.848506 1.921577 -8.818716
v -8.822658 1.719407 -9.126659
v -8.831564 1.518904 -9.436075
v -8.826211 1.372772 -9.771765
v -8.798604 1.226596 -10.106243
v -10.504745 2.614327 8.632759
v -10.626512 2.739869 8.195984
v -10.698051 2.815099 7.783319
v -10.723413 2.845309 7.393406
v -10.708548 2.836962 7.023594
v -10.660439 2.796860 6.670496
v -10.586747 2.732018 6.330196
v -10.495239 2.649379 5.998426
v -10.392943 2.555238 5.670990
v -10.285338 2.454516 5.344257
v -10.175857 2.350308 5.015548
v -10.065917 2.243840 4.683233
v -9.955425 2.134926 4.346582
v -9.843555 2.022726 4.005490
v -9.729550 1.906573 3.660182
v -9.613338 1.786594 3.310967
v -9.495789 1.663968 2.958111
v -9.378579 1.540781 2.601773
v -9.263840 1.419613 2.242033
v -9.153744 1.303077 1.878939
v -9.050165 1.193433 1.512537
v -8.954329 1.087654 1.139088
v -8.897123 0.841804 0.780712
v -8.794771 0.909185 0.408168
v -8.721195 0.849320 0.016070
v -8.661466 0.789432 -0.364946
v -8.610144 0.738277 -0.748349
v -8.566710 0.697025 -1.133973
v -8.530570 0.664595 -1.521676
v -8.501134 0.640497 -1.911356
v -8.477862 0.624361 -2.302985
v -8.460337 0.616065 -2.696646
v -8.448318 0.615966 -3.092633
v -8.441947 0.625336 -3.491618
v -8.442061 0.647183 -3.894984
v -8.450763 0.687708 -4.305417
v -8.472178 0.758219 -4.727694
v -8.511970 0.874443 -5.168444
v -8.569765 1.039304 -5.629389
v -8.617435 1.192517 -6.087135
v -8.609555 1.237437 -6.503679
v -8.567431 1.248232 -6.910243
v -8.547748 1.410776 -7.384870
v -8.536307 1.789743 -7.959654
v -8.405991 2.054795 -8.489733
v -8.250465 2.012830 -8.873299
v -8.288043 1.763466 -9.155306
v -8.355681 1.427500 -9.397734
v -8.371177 1.184641 -9.685307
v -8.355751 1.009975 -10.004276
v -10.143036 2.656046 8.619586
v -10.274986 2.792685 8.177469
v -10.352248 2.873900 7.761461
v -10.378564 2.904835 7.370645
v -10.360289 2.892478 7.002233
v -10.305140 2.844409 6.652320
v -10.221618 2.768513 6.316275
v -10.118361 2.672649 5.989137
v -10.003251 2.564000 5.666173
v -9.882545 2.448349 5.343433
v -9.760408 2.329603 5.018089
v -9.638953 2.209781 4.688467
v -9.518738 2.089442 4.353844
v -9.399467 1.968366 4.014139
v -9.280726 1.846300 3.669614
v -9.162519 1.723478 3.320640
v -9.045482 1.600861 2.967569
v -8.930827 1.480040 2.610672
v -8.820102 1.362951 2.250144
v -8.714881 1.251539 1.886142
v -8.616514 1.147481 1.518801
v -8.521681 0.907318 1.138548
v -8.469273 0.823059 0.779120
v -8.371534 0.888687 0.399729
v -8.307206 0.883938 0.019057
v -8.250632 0.826978 -0.362428
v -8.201208 0.736537 -0.746144
v -8.159755 0.680234 -1.132060
v -8.125482 0.649765 -1.519980
v -8.097508 0.627120 -1.909777
v -8.075326 0.611919 -2.301405
v -8.058503 0.603972 -2.694911
v -8.046739 0.603429 -3.090493
v -8.039987 0.611049 -3.488603
v -8.038589 0.628623 -3.890131
v -8.043487 0.659512 -4.296610
v -8.056226 0.708820 -4.710316
v -8.077891 0.781215 -5.133407
v -8.105371 0.872646 -5.564682
v -8.126323 0.959697 -5.995372
v -8.126317 1.019094 -6.416986
v -8.108978 1.082335 -6.843582
v -8.089862 1.237322 -7.313542
v -8.061030 1.562172 -7.863617
v -7.943862 1.870139 -8.410370
v -7.809550 1.939106 -8.844769
v -7.858667 1.707603 -9.134703
v -7.935416 1.368716 -9.374767
v -7.955394 1.113156 -9.654831
v -7.942014 0.925220 -9.966232
v -9.722929 2.638863 8.632987
v -9.864888 2.787242 8.186071
v -9.949041 2.876091 7.766249
v -9.977887 2.909421 7.373537
v -9.957822 2.894424 7.005261
v -9.897308 2.839561 6.657030
v -9.805865 2.753857 6.323462
v -9.693165 2.646327 5.998918
v -9.567986 2.525205 5.678231
v -9.437362 2.397202 5.357264
v -9.306121 2.267035 5.033158
v -9.176980 2.137443 4.704282
v -9.051013 2.009592 4.369950
v -8.928313 1.883720 4.030124
v -8.808651 1.759777 3.685091
v -8.691947 1.637922 3.335279
v -8.578525 1.518750 2.981104
v -8.469090 1.403283 2.622926
v -8.364616 1.292801 2.261032
v -8.266118 1.188611 1.895658
v -8.174489 1.091860 1.527007
v -8.068555 0.873068 1.157061
v -8.014350 0.923896 0.780660
v -7.947521 0.913981 0.403108
v -7.887149 0.852368 0.023314
v -7.834449 0.799638 -0.358803
v -7.788880 0.745856 -0.743057
v -7.749524 0.659269 -1.129297
v -7.717368 0.630966 -1.517459
v -7.691040 0.609876 -1.907373
v -7.670050 0.595621 -2.298979
v -7.653977 0.587948 -2.692284
v -7.642474 0.586826 -3.087400
v -7.635333 0.592586 -3.484598
v -7.632542 0.606093 -3.884386
v -7.634292 0.628871 -4.287549
v -7.640815 0.662811 -4.695060
v -7.651721 0.708827 -5.107547
v -7.664617 0.764098 -5.524224
v -7.674335 0.821060 -5.942525
v -7.675612 0.875668 -6.361472
v -7.667761 0.942581 -6.787960
v -7.652969 1.058648 -7.238615
v -7.627306 1.260980 -7.730793
v -7.574959 1.497419 -8.241028
v -7.522583 1.600881 -8.689951
v -7.536192 1.510643 -9.047289
v -7.570019 1.331667 -9.362761
v -7.574635 1.139191 -9.671511
v -7.551950 0.940782 -9.976795
v -9.237025 2.552794 8.675564
v -9.386151 2.710926 8.226061
v -9.477012 2.807873 7.803016
v -9.509840 2.845304 7.407638
v -9.490445 2.829988 7.037718
v -9.427779 2.771123 6.688670
v -9.332309 2.678946 6.354622
v -9.214684 2.563709 6.029515
v -9.084470 2.434716 5.707976
v -8.949306 2.299495 5.385856
v -8.814490 2.163388 5.060370
v -8.683110 2.029606 4.729966
v -8.556544 1.899676 4.394002
v -8.435087 1.774042 4.052456
v -8.318564 1.652685 3.705624
v -8.206761 1.535578 3.353945
v -8.099680 1.422934 2.997868
v -7.997609 1.315262 2.637792
v -7.901034 1.213276 2.274060
v -7.810526 1.117763 1.906955
v -7.726617 1.029444 1.536719
v -7.632649 0.831084 1.159339
v -7.560544 0.779718 0.768265
v -7.518971 0.872738 0.409130
v -7.463563 0.816553 0.028460
v -7.415081 0.768396 -0.354367
v -7.373185 0.727972 -0.739183
v -7.337475 0.694917 -1.125836
v -7.306735 0.609285 -1.514236
v -7.282155 0.589365 -1.904271
v -7.262443 0.576072 -2.295846
v -7.247171 0.568672 -2.688945
v -7.235991 0.567014 -3.083615
v -7.228603 0.571169 -3.480010
v -7.224813 0.581500 -3.878424
v -7.224493 0.598704 -4.279305
v -7.227488 0.623639 -4.683193
v -7.233308 0.656802 -5.090523
v -7.240684 0.697500 -5.501312
v -7.247270 0.743606 -5.915057
v -7.250118 0.793388 -6.331475
v -7.246761 0.849515 -6.752177
v -7.235963 0.922781 -7.182303
v -7.218362 1.029053 -7.629237
v -7.198534 1.166272 -8.091986
v -7.190285 1.293615 -8.551239
v -7.206019 1.376848 -8.990435
v -7.227304 1.395824 -9.399284
v -7.219563 1.279352 -9.743095
v -7.178639 1.035817 -10.025778
v -8.686355 2.395614 8.744681
v -8.836204 2.557358 8.296254
v -8.931182 2.660378 7.871828
v -8.968626 2.702973 7.473654
v -8.952919 2.690521 7.100279
v -8.892841 2.632360 6.747421
v -8.799302 2.539587 6.409298
v -8.683468 2.423388 6.079904
v -8.555320 2.293797 5.753994
v -8.422709 2.158797 5.427585
v -8.291085 2.023993 5.098035
v -8.163652 1.892759 4.763863
v -8.041912 1.766736 4.424447
v -7.926265 1.646431 4.079729
v -7.816546 1.531792 3.729968
v -7.712457 1.422637 3.375560
v -7.613792 1.318896 3.016937
v -7.520542 1.220707 2.654494
v -7.432872 1.128387 2.288581
v -7.351041 1.042350 1.919496
v -7.275324 0.963009 1.547489
v -7.205941 0.890701 1.172787
v -7.124150 0.724919 0.777229
v -7.075877 0.684679 0.399319
v -7.037526 0.777764 0.034282
v -6.993402 0.734311 -0.349300
v -6.955140 0.697746 -0.734702
v -6.922402 0.667761 -1.121784
v -6.894817 0.644011 -1.510419
v -6.871989 0.626136 -1.900498
v -6.853072 0.567623 -2.292119
v -6.836891 0.545258 -2.685335
v -6.827327 0.544389 -3.079082
v -6.820303 0.547714 -3.475108
v -6.815942 0.555848 -3.872550
v -6.814502 0.569729 -4.272057
v -6.815915 0.590339 -4.674208
v -6.820138 0.619134 -5.079817
v -6.827012 0.657810 -5.489832
v -6.835759 0.707103 -5.904850
v -6.843774 0.763467 -6.323682
v -6.845665 0.816256 -6.742137
v -6.836656 0.857224 -7.157023
v -6.819957 0.899301 -7.574205
v -6.806803 0.970282 -8.005980
v -6.809869 1.092668 -8.462599
v -6.835552 1.277020 -8.949177
v -6.867394 1.456388 -9.433750
v -6.858940 1.411877 -9.811077
v -6.801345 1.114644 -10.067278
v -8.084427 2.178884 8.832182
v -8.225902 2.334202 8.388632
v -8.319760 2.437905 7.965328
v -8.360848 2.485034 7.565022
v -8.351450 2.478621 7.187069
v -8.299195 2.427055 6.827991
v -8.214445 2.341290 6.482704
v -8.108039 2.232606 6.145801
v -7.989659 2.111044 5.812509
v -7.866900 1.984486 5.479179
v -7.745018 1.858420 5.143358
v -7.627168 1.736162 4.803624
v -7.514911 1.619375 4.459325
v -7.408739 1.508620 4.110325
v -7.308581 1.403882 3.756789
v -7.214154 1.304939 3.399031
v -7.125187 1.211600 3.037415
v -7.041534 1.123808 2.672292
v -6.963177 1.041648 2.303987
v -6.890197 0.965306 1.932776
v -6.822717 0.895002 1.558902
v -6.760839 0.830934 1.182580
v -6.704619 0.773237 0.803993
v -6.623607 0.570661 0.402383
v -6.610031 0.737203 0.040568
v -6.570249 0.698407 -0.343789
v -6.535613 0.665664 -0.729792
v -6.505848 0.638718 -1.117313
v -6.480639 0.617277 -1.506235
v -6.459651 0.601030 -1.896459
v -6.442251 0.572722 -2.289325
v -6.407184 0.420549 -2.707830
v -6.401454 0.470964 -3.048057
v -6.410809 0.522814 -3.469969
v -6.406228 0.529559 -3.866822
v -6.404323 0.541640 -4.265570
v -6.405332 0.560793 -4.667143
v -6.409945 0.590268 -5.073084
v -6.419501 0.635511 -5.485881
v -6.435435 0.702713 -5.908381
v -6.455886 0.788954 -6.339606
v -6.469002 0.862213 -6.766215
v -6.458855 0.877954 -7.169445
v -6.431490 0.855404 -7.557681
v -6.409060 0.860681 -7.959631
v -6.405589 0.937503 -8.394947
v -6.424329 1.099731 -8.870472
v -6.450539 1.281002 -9.355043
v -6.443205 1.273935 -9.749598
v -6.391093 1.027360 -10.029623
v -7.455455 1.928053 8.927277
v -7.580218 2.066771 8.491106
v -7.666655 2.163766 8.071064
v -7.708632 2.212517 7.669782
v -7.706473 2.213657 7.287222
v -7.665792 2.173502 6.920916
v -7.595284 2.101506 6.566875
v -7.504444 2.007838 6.220656
v -7.401908 1.901663 5.878232
v -7.294540 1.790234 5.536419
v -7.187195 1.678653 5.193002
v -7.082878 1.570094 4.846622
v -6.983212 1.466249 4.496574
v -6.888844 1.367811 4.142625
v -6.799865 1.274901 3.784817
v -6.716111 1.187386 3.423348
v -6.637370 1.105098 3.058494
v -6.563479 1.027929 2.690535
v -6.494363 0.955872 2.319740
v -6.430025 0.889000 1.946351
v -6.370502 0.827428 1.570584
v -6.315842 0.771275 1.192629
v -6.266065 0.720623 0.812655
v -6.222203 0.735680 0.430649
v -6.170654 0.569048 0.039457
v -6.146371 0.661625 -0.338017
v -6.115254 0.632558 -0.724618
v -6.088378 0.608541 -1.112578
v -6.065490 0.589330 -1.501791
v -6.046306 0.574657 -1.892163
v -6.029905 0.503747 -2.284764
v -6.009576 0.369729 -2.716996
v -6.012211 0.412208 -3.025798
v -6.000551 0.497008 -3.464762
v -5.995869 0.502785 -3.861200
v -5.993814 0.513791 -4.259472
v -5.994923 0.532647 -4.660927
v -6.000690 0.564718 -5.067973
v -6.014341 0.620564 -5.485229
v -6.041183 0.717136 -5.920075
v -6.083768 0.863791 -6.376749
v -6.121089 1.000630 -6.830077
v -6.107028 0.992263 -7.222413
v -6.053693 0.875100 -7.569280
v -6.010264 0.796334 -7.933811
v -5.991516 0.802371 -8.336355
v -5.992634 0.879124 -8.771080
v -5.999364 0.966406 -9.210220
v -5.989029 0.954525 -9.601917
v -5.954681 0.812603 -9.931540
v -6.825253 1.672500 9.020473
v -6.929188 1.788978 8.592380
v -7.003747 1.873555 8.176672
v -7.043374 1.920087 7.775511
v -7.047221 1.927720 7.389164
v -7.018819 1.900432 7.016050
v -6.964574 1.845291 6.653321
v -6.891962 1.770432 6.297623
v -6.808043 1.683474 5.945765
v -6.718650 1.590644 5.595119
v -6.628049 1.496479 5.243750
v -6.539069 1.403957 4.890390
v -6.453349 1.314807 4.534315
v -6.371709 1.229886 4.175189
v -6.294435 1.149504 3.812937
v -6.221539 1.073699 3.447649
v -6.152932 1.002405 3.079493
v -6.088510 0.935560 2.708671
v -6.028214 0.873150 2.335390
v -5.972027 0.815215 1.959845
v -5.919966 0.761826 1.582215
v -5.872058 0.713063 1.202662
v -5.828308 0.668986 0.821332
v -5.789557 0.682698 0.438219
v -5.742313 0.502489 0.050345
v -5.722407 0.624785 -0.332155
v -5.694619 0.599176 -0.719343
v -5.670496 0.577922 -1.107734
v -5.649820 0.560067 -1.497235
v -5.631842 0.487970 -1.887823
v -5.617591 0.477250 -2.280962
v -5.601176 0.317385 -2.721163
v -5.577398 0.377704 -3.021716
v -5.589596 0.470770 -3.459675
v -5.585021 0.475634 -3.855627
v -5.582873 0.485584 -4.253419
v -5.583985 0.503729 -4.654562
v -5.590373 0.536745 -5.061991
v -5.606569 0.598757 -5.481816
v -5.641239 0.716246 -5.925436
v -5.703438 0.917352 -6.405076
v -5.768496 1.131211 -6.890960
v -5.751517 1.106472 -7.275809
v -5.670269 0.895618 -7.581833
v -5.607151 0.743936 -7.913919
v -5.575012 0.689927 -8.288618
v -5.561880 0.695866 -8.689642
v -5.554682 0.712898 -9.094994
v -5.541771 0.690605 -9.481281
v -5.519307 0.613934 -9.841528
v -6.212199 1.433977 9.105792
v -6.295669 1.527983 8.685112
v -6.357117 1.598204 8.273790
v -6.392226 1.639797 7.873437
v -6.399798 1.651428 7.484383
v -6.381791 1.635274 7.105697
v -6.342482 1.596053 6.735460
v -6.287246 1.539658 6.371293
v -6.221459 1.471926 6.010798
v -6.149776 1.397867 5.651904
v -6.075789 1.321329 5.292997
v -6.002036 1.245000 4.932946
v -5.930130 1.170592 4.571031
v -5.860999 1.099081 4.206858
v -5.795105 1.030961 3.840263
v -5.732629 0.966435 3.471241
v -5.673613 0.905573 3.099864
v -5.618045 0.848394 2.726259
v -5.565918 0.794925 2.350569
v -5.517237 0.745212 1.972943
v -5.472021 0.699316 1.593524
v -5.430295 0.657306 1.212440
v -5.392070 0.619234 0.829813
v -5.357339 0.585136 0.445753
v -5.318445 0.420359 0.053763
v -5.298889 0.588589 -0.326367
v -5.274193 0.566169 -0.714118
v -5.252429 0.526208 -1.102914
v -5.233500 0.472701 -1.492712
v -5.217740 0.460971 -1.883444
v -5.204560 0.452388 -2.275066
v -5.191976 0.369255 -2.711314
v -5.177263 0.283655 -3.021775
v -5.178372 0.442927 -3.452907
v -5.173872 0.448330 -3.850121
v -5.171515 0.456812 -4.247246
v -5.172179 0.472858 -4.647473
v -5.177782 0.502693 -5.053524
v -5.192455 0.559105 -5.470928
v -5.223722 0.664921 -5.909492
v -5.278356 0.841139 -6.378343
v -5.333859 1.022680 -6.850056
v -5.320882 1.004466 -7.237185
v -5.250557 0.819033 -7.553410
v -5.191075 0.668494 -7.884980
v -5.156513 0.594046 -8.249432
v -5.137516 0.565944 -8.633886
v -5.124529 0.551138 -9.023697
v -5.111017 0.524630 -9.407528
v -5.094514 0.477956 -9.781563
v -5.624998 1.223105 9.180646
v -5.690841 1.297543 8.766147
v -5.740255 1.354352 8.358683
v -5.770138 1.390039 7.959388
v -5.779372 1.403327 7.568571
v -5.768950 1.395296 7.185695
v -5.741571 1.368896 6.809509
v -5.700883 1.328120 6.438383
v -5.650762 1.277179 6.070588
v -5.594727 1.219886 5.704552
v -5.535686 1.159358 5.338977
v -5.475808 1.097908 4.972892
v -5.416595 1.037137 4.605633
v -5.359001 0.978063 4.236789
v -5.303603 0.921293 3.866141
v -5.250703 0.867165 3.493605
v -5.200455 0.815860 3.119187
v -5.152943 0.767488 2.742949
v -5.108211 0.722123 2.364981
v -5.066301 0.679833 1.985388
v -5.027250 0.640683 1.604276
v -4.991094 0.604740 1.221751
v -4.957853 0.572061 0.837906
v -4.927534 0.542691 0.452829
v -4.890588 0.399496 0.066904
v -4.872615 0.455003 -0.321315
v -4.853734 0.474439 -0.709013
v -4.834592 0.458124 -1.098252
v -4.817981 0.444839 -1.488352
v -4.803747 0.434426 -1.879244
v -4.790826 0.424399 -2.273336
v -4.752041 0.266980 -2.690958
v -4.781071 0.349014 -3.016064
v -4.767352 0.418465 -3.449814
v -4.762645 0.421302 -3.844792
v -4.759939 0.427863 -4.241053
v -4.759721 0.440488 -4.639788
v -4.763316 0.463566 -5.042939
v -4.773249 0.505031 -5.453945
v -4.793073 0.575873 -5.877568
v -4.823260 0.678104 -6.314774
v -4.848685 0.767771 -6.746994
v -4.840530 0.760020 -7.138112
v -4.802279 0.664898 -7.492325
v -4.763479 0.569473 -7.846673
v -4.736138 0.508639 -8.215973
v -4.717983 0.474333 -8.596651
v -4.704300 0.450431 -8.981579
v -4.691626 0.424607 -9.365242
v -4.678417 0.391911 -9.745434
v -5.065401 1.042274 9.244690
v -5.117139 1.081950 8.835696
v -5.155916 1.146066 8.431086
v -5.181331 1.176447 8.032524
v -5.190863 1.189852 7.640616
v -5.185505 1.187166 7.254725
v -5.166905 1.170171 6.874053
v -5.137474 1.141490 6.497497
v -5.100742 1.072693 6.122958
v -5.052968 0.941047 5.750350
v -5.005630 0.904946 5.374806
v -4.962414 0.965081 5.009405
v -4.914274 0.916261 4.637446
v -4.866855 0.868197 4.264428
v -4.820765 0.821536 3.890111
v -4.776392 0.776695 3.514366
v -4.733957 0.733935 3.137149
v -4.691557 0.529752 2.767412
v -4.657878 0.531651 2.390533
v -4.617032 0.507745 2.010656
v -4.596218 0.457920 1.616672
v -4.554792 0.555926 1.230391
v -4.525990 0.528014 0.845423
v -4.497680 0.420505 0.466102
v -4.464155 0.335508 0.074603
v -4.454061 0.460713 -0.315499
v -4.434808 0.443811 -0.704300
v -4.417802 0.429601 -1.093919
v -4.402944 0.417976 -1.484294
v -4.390105 0.408796 -1.875361
v -4.377090 0.392612 -2.275670
v -4.365273 0.177290 -2.670644
v -4.365521 0.371486 -3.031950
v -4.356237 0.393641 -3.445643
v -4.351588 0.395163 -3.839852
v -4.348481 0.399597 -4.235150
v -4.347224 0.408296 -4.632174
v -4.348491 0.423666 -5.032003
v -4.353323 0.449210 -5.436194
v -4.362554 0.487794 -5.846027
v -4.374568 0.535088 -6.259736
v -4.382146 0.570183 -6.668488
v -4.376064 0.566072 -7.060817
v -4.357217 0.525281 -7.437762
v -4.335299 0.476129 -7.811337
v -4.316662 0.436800 -8.189217
v -4.302020 0.408453 -8.571791
v -4.289874 0.385505 -8.956545
v -4.278726 0.362615 -9.341072
v -4.267746 0.337276 -9.724283
v -4.531584 0.889607 9.298717
v -4.572287 0.935881 8.892752
v -4.680242 0.658234 8.522284
v -4.630741 0.806847 8.115885
v -4.657638 0.894796 7.678716
v -4.634386 0.866760 7.296833
v -4.612319 0.849649 6.918900
v -4.592405 0.859481 6.539937
v -4.568666 0.929639 6.168862
v -4.503430 1.117540 5.776430
v -4.500447 0.885132 5.417752
v -4.462384 0.847220 5.042090
v -4.412105 0.857133 4.663765
v -4.375161 0.818809 4.285451
v -4.337808 0.781062 3.907914
v -4.301516 0.744467 3.529372
v -4.268656 0.709320 3.146901
v -4.240163 0.626525 2.772592
v -4.207779 0.594821 2.390532
v -4.172475 0.473009 2.020137
v -4.156542 0.385612 1.632473
v -4.121560 0.511380 1.238120
v -4.096673 0.487600 0.852145
v -4.082526 0.315834 0.472775
v -4.052863 0.446617 0.077672
v -4.033938 0.429599 -0.310791
v -4.016960 0.414942 -0.700035
v -4.001870 0.402609 -1.090013
v -3.988587 0.392510 -1.480670
v -3.977014 0.384513 -1.871941
v -3.959481 0.340589 -2.289473
v -3.954160 0.199867 -2.625564
v -3.952561 0.366795 -3.043692
v -3.945574 0.370223 -3.441929
v -3.940798 0.372740 -3.835572
v -3.936176 0.394887 -4.229825
v -3.934117 0.398284 -4.625261
v -3.934666 0.386930 -5.022368
v -3.935776 0.400601 -5.421447
v -3.938492 0.419061 -5.822645
v -3.941485 0.438732 -6.224492
v -3.941793 0.451171 -6.623437
v -3.936525 0.448036 -7.015956
v -3.925895 0.429962 -7.402316
v -3.912954 0.405658 -7.786179
v -3.900399 0.382493 -8.170616
v -3.889169 0.362277 -8.556293
v -3.879051 0.343364 -8.942389
v -3.869548 0.323693 -9.327944
v -3.860309 0.302396 -9.712587
v -4.020350 0.761606 9.343955
v -4.052452 0.798496 8.940969
v -4.078334 0.791845 8.547492
v -4.091106 0.559764 8.158388
v -4.107255 0.673945 7.776353
v -4.102508 0.862982 7.362063
v -4.055724 1.053056 6.984602
v -4.046989 1.040959 6.598216
v -4.020031 1.020568 6.208920
v -3.990013 0.995379 5.820990
v -3.956163 0.964595 5.419545
v -3.972207 0.647358 5.071468
v -3.944165 0.713693 4.691483
v -3.901514 0.731840 4.311967
v -3.873387 0.701994 3.928012
v -3.843364 0.672398 3.546880
v -3.814228 0.643800 3.164928
v -3.786186 0.616485 2.782077
v -3.765093 0.541032 2.401155
v -3.739081 0.516580 2.016352
v -3.714791 0.465352 1.633428
v -3.688225 0.286730 1.262272
v -3.667741 0.289000 0.870621
v -3.652816 0.307793 0.481085
v -3.639782 0.300781 0.089081
v -3.615313 0.400938 -0.306733
v -3.600336 0.388158 -0.696343
v -3.586937 0.377473 -1.086655
v -3.575052 0.368801 -1.477614
v -3.564604 0.361978 -1.869195
v -3.550166 0.286873 -2.302765
v -3.522732 0.177755 -2.609277
v -3.540483 0.348648 -3.043662
v -3.535377 0.349152 -3.439209
v -3.530119 0.359766 -3.832279
v -3.524106 0.398873 -4.225781
v -3.520322 0.412713 -4.620152
v -3.522043 0.361874 -5.014832
v -3.521371 0.361423 -5.410638
v -3.520773 0.369231 -5.807224
v -3.519891 0.376676 -6.203770
v -3.517528 0.380542 -6.598952
v -3.512700 0.378219 -6.991695
v -3.505450 0.369975 -7.382126
v -3.496765 0.358564 -7.771397
v -3.487744 0.346426 -8.160460
v -3.478992 0.333819 -8.549259
v -3.470655 0.319379 -8.937023
v -3.462648 0.301988 -9.323172
v -3.454851 0.282000 -9.707914
v -3.528299 0.654519 9.381691
v -3.553849 0.684148 8.980885
v -3.573976 0.708097 8.582418
v -3.588166 0.725186 8.186111
v -3.604295 0.392204 7.812893
v -3.602371 0.546759 7.418644
v -3.593579 0.652387 7.015093
v -3.522444 0.918307 6.649085
v -3.520609 0.909344 6.242266
v -3.506350 0.892755 5.853055
v -3.490923 0.871215 5.446301
v -3.494778 0.516080 5.094492
v -3.460819 0.408197 4.698822
v -3.449740 0.607467 4.330958
v -3.424145 0.583630 3.948001
v -3.392381 0.609509 3.561949
v -3.368224 0.586585 3.177938
v -3.344850 0.564761 2.793178
v -3.327234 0.494586 2.409801
v -3.305202 0.475319 2.023249
v -3.284263 0.456855 1.636204
v -3.264508 0.438731 1.248957
v -3.245994 0.420934 0.861575
v -3.228764 0.403991 0.473864
v -3.217874 0.286246 0.091882
v -3.196339 0.198704 -0.286823
v -3.183425 0.210406 -0.687572
v -3.172312 0.278082 -1.083387
v -3.162420 0.347193 -1.475276
v -3.152930 0.341763 -1.867215
v -3.149183 0.307306 -2.283271
v -3.132659 0.089428 -2.642127
v -3.130429 0.324895 -3.036956
v -3.125627 0.331668 -3.438073
v -3.121186 0.329998 -3.830658
v -3.112830 0.395811 -4.223813
v -3.108029 0.411857 -4.617301
v -3.106875 0.387545 -5.010793
v -3.109712 0.330549 -5.403294
v -3.107610 0.333003 -5.797513
v -3.105182 0.335261 -6.191769
v -3.101918 0.336233 -6.585653
v -3.097437 0.335351 -6.978982
v -3.091716 0.333150 -7.372051
v -3.085090 0.330862 -7.765402
v -3.078015 0.328853 -8.159094
v -3.070872 0.325062 -8.551926
v -3.063897 0.315603 -8.941763
v -3.057174 0.298385 -9.327475
v -3.050648 0.275620 -9.710230
v -3.052286 0.564888 9.413127
v -3.072773 0.588920 9.013981
v -3.089055 0.608577 8.616632
v -3.100606 0.623276 8.221266
v -3.107138 0.632698 7.827946
v -3.105797 0.568143 7.442884
v -3.089466 0.388447 7.049682
v -3.096798 0.561625 6.655797
v -3.041687 0.815612 6.284555
v -3.035342 0.805128 5.883841
v -3.028569 0.791361 5.486383
v -3.035891 0.577456 5.117174
v -2.994137 0.445455 4.726572
v -2.995090 0.543137 4.346898
v -2.974125 0.525316 3.961485
v -2.950670 0.556749 3.572884
v -2.929142 0.538419 3.187169
v -2.908948 0.521545 2.801668
v -2.890365 0.506794 2.414118
v -2.875388 0.443835 2.026726
v -2.857561 0.430794 1.637665
v -2.840634 0.415886 1.249434
v -2.824674 0.398854 0.862209
v -2.809696 0.381481 0.475190
v -2.795735 0.365729 0.087482
v -2.782851 0.352516 -0.301306
v -2.771075 0.341943 -0.691186
v -2.760386 0.333831 -1.082052
v -2.750719 0.328015 -1.473815
v -2.742000 0.324384 -1.866419
v -2.735936 0.317340 -2.263409
v -2.738931 0.298728 -2.649784
v -2.721670 0.321100 -3.046258
v -2.716074 0.320270 -3.439756
v -2.711938 0.317015 -3.831518
v -2.705955 0.341284 -4.223556
v -2.698571 0.391107 -4.616783
v -2.696045 0.387421 -5.009356
v -2.699414 0.316160 -5.399191
v -2.697485 0.305890 -5.791622
v -2.694528 0.306026 -6.184899
v -2.691056 0.306516 -6.578547
v -2.686887 0.307908 -6.972915
v -2.681971 0.311675 -7.368796
v -2.676391 0.319785 -7.767210
v -2.670326 0.332526 -8.168243
v -2.664079 0.344300 -8.568867
v -2.658053 0.342879 -8.962519
v -2.652480 0.321071 -9.345341
v -2.647218 0.286778 -9.721518
v -2.589598 0.489744 9.439301
v -2.606143 0.509433 9.041420
v -2.619401 0.525723 8.644934
v -2.628989 0.538195 8.249968
v -2.634688 0.546613 7.856568
v -2.636472 0.550944 7.464713
v -2.634485 0.551355 7.074284
v -2.625778 0.428971 6.685442
v -2.620373 0.505551 6.296549
v -2.578627 0.730929 5.911218
v -2.567525 0.720938 5.517879
v -2.581041 0.512124 5.134953
v -2.564736 0.501678 4.746981
v -2.547554 0.492063 4.358210
v -2.534192 0.540989 3.969974
v -2.517257 0.527136 3.582181
v -2.495651 0.505574 3.191178
v -2.485886 0.488043 2.813931
v -2.481584 0.478399 2.419801
v -2.449544 0.428632 2.023579
v -2.434250 0.425634 1.630160
v -2.419713 0.414059 1.240770
v -2.406034 0.392581 0.856095
v -2.392998 0.368712 0.472559
v -2.380620 0.348605 0.087262
v -2.369087 0.333587 -0.300370
v -2.358495 0.322889 -0.689928
v -2.348815 0.315660 -1.080988
v -2.339947 0.311538 -1.473374
v -2.331750 0.310610 -1.867139
v -2.324131 0.312972 -2.262364
v -2.317114 0.317736 -2.658545
v -2.310818 0.321883 -3.054235
v -2.305976 0.320868 -3.447208
v -2.302495 0.313875 -3.837067
v -2.299801 0.304489 -4.225622
v -2.292151 0.360492 -4.617613
v -2.289359 0.374178 -5.009473
v -2.288764 0.360136 -5.401135
v -2.289038 0.301292 -5.789582
v -2.286386 0.284253 -6.181157
v -2.282989 0.285277 -6.575019
v -2.279121 0.289568 -6.970757
v -2.274698 0.300405 -7.370128
v -2.269640 0.323061 -7.775934
v -2.263922 0.361927 -8.190491
v -2.257822 0.408081 -8.609032
v -2.252252 0.425259 -9.012201
v -2.247925 0.386465 -9.385595
v -2.244211 0.320658 -9.744608
v -2.137948 0.426604 9.461102
v -2.151403 0.442898 9.064195
v -2.162261 0.456530 8.668365
v -2.170246 0.467196 8.273712
v -2.175191 0.474722 7.880269
v -2.177065 0.479079 7.488008
v -2.175956 0.480383 7.096850
v -2.172057 0.478896 6.706649
v -2.165397 0.458233 6.317105
v -2.157048 0.469409 5.928204
v -2.146561 0.462981 5.539193
v -2.134414 0.457476 5.149323
v -2.120656 0.456006 4.757056
v -2.105319 0.461709 4.360841
v -2.100177 0.527206 3.965733
v -2.089061 0.563334 3.569134
v -2.074569 0.506012 3.193101
v -2.071697 0.459505 2.829259
v -2.182949 0.991644 2.471735
v -2.088305 0.635215 1.987085
v -2.014163 0.472921 1.598537
v -2.001355 0.466748 1.206858
v -1.990065 0.420286 0.834505
v -1.978832 0.371679 0.463092
v -1.967581 0.338537 0.084234
v -1.956978 0.318433 -0.300782
v -1.947269 0.306477 -0.689559
v -1.938376 0.299864 -1.080753
v -1.930087 0.297798 -1.474000
v -1.922099 0.301051 -1.869704
v -1.914043 0.311420 -2.268768
v -1.905774 0.329253 -2.671378
v -1.898212 0.346947 -3.073752
v -1.893379 0.348324 -3.467852
v -1.891632 0.330044 -3.851946
v -1.891415 0.326823 -4.235412
v -1.889558 0.330525 -4.621506
v -1.884504 0.350205 -5.010479
v -1.883178 0.355296 -5.401703
v -1.882182 0.342207 -5.792637
v -1.880265 0.305617 -6.182386
v -1.876734 0.269001 -6.573533
v -1.873170 0.276053 -6.970564
v -1.869110 0.293987 -7.373475
v -1.864328 0.333824 -7.788132
v -1.858478 0.411712 -8.223131
v -1.851607 0.525370 -8.677271
v -1.845765 0.586345 -9.103436
v -1.843162 0.503083 -9.452808
v -1.841603 0.372480 -9.776987
v -1.695452 0.373434 9.479254
v -1.706458 0.387053 9.083092
v -1.715402 0.398572 8.687774
v -1.722073 0.407768 8.293364
v -1.732870 0.514527 7.902966
v -1.731179 0.527796 7.505376
v -1.727654 0.420675 7.115619
v -1.724873 0.420390 6.724634
v -1.720037 0.418297 6.334190
v -1.708724 0.464803 5.942955
v -1.699646 0.461557 5.553257
v -1.690289 0.461644 5.161641
v -1.682513 0.423862 4.761912
v -1.665606 0.468833 4.346087
v -1.665225 0.599477 3.919608
v -1.666889 0.614605 3.519358
v -1.649907 0.529457 3.179359
v -1.672187 0.836798 2.915702
v -1.759600 1.002057 2.534486
v -1.856432 1.065251 1.969719
v -1.601058 0.668464 1.497609
v -1.586294 0.675235 1.099425
v -1.577424 0.514897 0.781770
v -1.567691 0.394522 0.444840
v -1.556702 0.334804 0.078713
v -1.546470 0.306239 -0.302195
v -1.537338 0.292186 -0.689871
v -1.529037 0.286022 -1.081177
v -1.521156 0.286286 -1.475469
v -1.513081 0.295225 -1.873900
v -1.503794 0.319292 -2.279702
v -1.492080 0.366970 -2.697106
v -1.479401 0.426667 -3.120342
v -1.473784 0.436668 -3.518676
v -1.477391 0.383956 -3.884110
v -1.481798 0.362232 -4.251637
v -1.482151 0.354258 -4.629797
v -1.479612 0.346067 -5.014524
v -1.476609 0.366288 -5.404729
v -1.477545 0.347002 -5.793630
v -1.475698 0.334504 -6.184765
v -1.472337 0.288394 -6.575335
v -1.468526 0.264002 -6.970745
v -1.464835 0.285933 -7.375560
v -1.460370 0.336489 -7.795654
v -1.454524 0.443283 -8.245729
v -1.446920 0.620766 -8.733509
v -1.440583 0.732759 -9.186510
v -1.439754 0.597073 -9.507677
v -1.440109 0.405362 -9.799057
v -1.260555 0.328573 9.494361
v -1.269607 0.340069 9.098770
v -1.260534 0.548620 8.719257
v -1.283545 0.664813 8.334032
v -1.305098 0.582100 7.907519
v -1.292911 0.522921 7.514654
v -1.286750 0.479726 7.125154
v -1.286391 0.430398 6.739546
v -1.282710 0.429583 6.348425
v -1.272945 0.418314 5.954373
v -1.265470 0.417474 5.565464
v -1.261523 0.371569 5.170910
v -1.250449 0.395403 4.766263
v -1.232918 0.518676 4.330546
v -1.198308 0.796641 3.812164
v -1.201799 0.736876 3.435571
v -1.211956 0.552987 3.150536
v -1.207862 0.515830 2.820328
v -1.283251 1.027715 2.565934
v -1.263937 0.844149 1.972245
v -1.222100 1.096748 1.291364
v -1.170916 1.067411 0.904433
v -1.172143 0.650694 0.710731
v -1.160306 0.420444 0.425882
v -1.147805 0.331165 0.073607
v -1.137357 0.294792 -0.303626
v -1.128583 0.279090 -0.690475
v -1.120767 0.273420 -1.081961
v -1.113238 0.275752 -1.477204
v -1.105046 0.290091 -1.878253
v -1.094218 0.329815 -2.291798
v -1.076874 0.423630 -2.732145
v -1.089332 0.772158 -3.167429
v -1.091018 0.805429 -3.645188
v -1.059863 0.461090 -3.930759
v -1.072297 0.368961 -4.267136
v -1.075060 0.356766 -4.636204
v -1.073106 0.344616 -5.017530
v -1.070768 0.334834 -5.404224
v -1.069881 0.385802 -5.797307
v -1.066791 0.393855 -6.188048
v -1.064484 0.357754 -6.578902
v -1.064888 0.251481 -6.970389
v -1.061644 0.271874 -7.374174
v -1.057761 0.317769 -7.791540
v -1.052778 0.410673 -8.233934
v -1.046558 0.555058 -8.703762
v -1.041487 0.639596 -9.141815
v -1.040468 0.533990 -9.478746
v -1.040536 0.375693 -9.787670
v -0.827938 0.340498 9.508146
v -0.832722 0.348984 9.121841
v -0.812324 0.554602 8.744561
v -0.795897 0.667963 8.353215
v -0.803220 0.680144 7.935449
v -0.841139 0.541332 7.514736
v -0.842571 0.456089 7.136559
v -0.851828 0.438271 6.755744
v -0.855218 0.389425 6.360638
v -0.846283 0.332575 5.968477
v -0.842140 0.332125 5.570517
v -0.844508 0.325909 5.176693
v -0.814212 0.305990 4.761473
v -0.801563 0.479669 4.363441
v -0.773268 0.616584 3.890607
v -0.755235 0.614317 3.495206
v -0.782953 0.518403 3.164156
v -0.799693 0.520114 2.809225
v -0.829201 0.761022 2.424184
v -0.873856 0.961344 1.922301
v -0.869962 1.128228 1.278393
v -0.807133 1.029131 0.923223
v -0.777137 0.636645 0.712931
v -0.754948 0.409462 0.424968
v -0.739918 0.318382 0.073127
v -0.729226 0.281586 -0.303980
v -0.720824 0.266296 -0.691010
v -0.713503 0.261386 -1.082824
v -0.706434 0.264763 -1.478538
v -0.698545 0.280905 -1.880444
v -0.687591 0.325254 -2.296261
v -0.654728 0.626403 -2.690329
v -0.615620 0.824330 -3.192868
v -0.600952 0.872106 -3.690393
v -0.651263 0.481379 -3.947488
v -0.666317 0.341280 -4.270781
v -0.671367 0.279232 -4.632864
v -0.669659 0.296692 -5.016261
v -0.667440 0.308232 -5.404524
v -0.665192 0.319212 -5.794620
v -0.661515 0.374507 -6.187965
v -0.658448 0.361115 -6.579504
v -0.657410 0.312880 -6.972600
v -0.658929 0.258659 -7.370370
v -0.656170 0.283905 -7.779183
v -0.652493 0.338222 -8.200792
v -0.648424 0.407653 -8.630459
v -0.645046 0.439672 -9.040276
v -0.643296 0.390488 -9.406950
v -0.642228 0.306738 -9.755274
v -0.405244 0.308530 9.518392
v -0.408679 0.316537 9.126608
v -0.407753 0.322694 8.732832
v -0.407671 0.327484 8.340515
v -0.398175 0.440619 7.941858
v -0.411386 0.447151 7.538568
v -0.424802 0.346402 7.153860
v -0.424683 0.391080 6.766460
v -0.431182 0.405592 6.368883
v -0.428203 0.406405 5.980628
v -0.423249 0.455045 5.582997
v -0.417296 0.417416 5.188277
v -0.402815 0.324299 4.765401
v -0.391317 0.385125 4.395853
v -0.376137 0.414948 3.983208
v -0.385836 0.362746 3.587546
v -0.389066 0.357305 3.198581
v -0.395042 0.457472 2.795690
v -0.437673 0.641438 2.327682
v -0.520229 0.914530 1.772381
v -0.485482 0.894253 1.385622
v -0.390588 0.739465 1.054694
v -0.354261 0.535670 0.752414
v -0.346775 0.360274 0.441920
v -0.331799 0.295245 0.077622
v -0.321677 0.266125 -0.303118
v -0.313880 0.253583 -0.691433
v -0.307144 0.249744 -1.083735
v -0.300692 0.252943 -1.479334
v -0.293677 0.266294 -1.879833
v -0.284626 0.299480 -2.290079
v -0.236943 0.562369 -2.679081
v -0.193391 0.656564 -3.132473
v -0.174650 0.672423 -3.588429
v -0.259041 0.392651 -3.910071
v -0.270215 0.303713 -4.259987
v -0.276006 0.255131 -4.630967
v -0.276938 0.232589 -5.014637
v -0.274064 0.224174 -5.403383
v -0.268846 0.226254 -5.793327
v -0.260469 0.293990 -6.186156
v -0.256030 0.320847 -6.579177
v -0.254254 0.312871 -6.972784
v -0.252111 0.314027 -7.369040
v -0.251493 0.301957 -7.768898
v -0.252537 0.275190 -8.172527
v -0.249872 0.300259 -8.578342
v -0.247504 0.307493 -8.974705
v -0.245675 0.285069 -9.355337
v -0.244140 0.245811 -9.727057
v 0.010210 0.231905 9.525850
v 0.003787 0.289712 9.133129
v -0.001641 0.302900 8.738653
v -0.003792 0.304737 8.347489
v -0.010255 0.319823 7.948451
v -0.008596 0.328815 7.555075
v 0.000495 0.386121 7.159543
v 0.005589 0.389656 6.772896
v 0.010613 0.387143 6.378853
v 0.008817 0.389080 5.986393
v 0.011729 0.384875 5.591788
v 0.015739 0.381533 5.199677
v 0.019947 0.392641 4.806777
v 0.016450 0.328828 4.405066
v 0.021925 0.290698 4.010936
v 0.024430 0.294208 3.614805
v 0.022788 0.311164 3.214177
v 0.009883 0.373847 2.793623
v -0.014205 0.640146 2.359365
v -0.085421 0.851835 1.824439
v -0.036504 0.739799 1.454788
v 0.028058 0.538518 1.145818
v 0.057344 0.424110 0.810303
v 0.064244 0.307492 0.460230
v 0.076597 0.269359 0.083433
v 0.085028 0.249861 -0.301846
v 0.090500 0.239467 -0.691765
v 0.095759 0.235953 -1.085007
v 0.102219 0.239153 -1.480576
v 0.109698 0.249630 -1.878588
v 0.116920 0.268757 -2.281409
v 0.153303 0.496914 -2.670873
v 0.177718 0.527913 -3.089352
v 0.186669 0.526791 -3.506846
v 0.127180 0.294369 -3.868406
v 0.118877 0.248216 -4.242829
v 0.113636 0.216223 -4.626449
v 0.113014 0.200129 -5.017414
v 0.117009 0.196556 -5.410773
v 0.124395 0.201310 -5.802507
v 0.132921 0.209730 -6.191231
v 0.140899 0.234964 -6.579760
v 0.146525 0.284570 -6.973249
v 0.149650 0.305274 -7.367638
v 0.151373 0.311404 -7.762845
v 0.152324 0.306507 -8.159174
v 0.150396 0.260342 -8.553150
v 0.150923 0.240528 -8.943659
v 0.152490 0.227560 -9.329054
v 0.153982 0.207052 -9.710491
v 0.425222 0.269101 9.532706
v 0.421371 0.278537 9.140343
v 0.415988 0.325683 8.746999
v 0.411216 0.332875 8.349402
v 0.399077 0.345140 7.952928
v 0.398092 0.341311 7.561260
v 0.415148 0.215075 7.168622
v 0.399890 0.139470 6.788072
v 0.405135 0.141549 6.392061
v 0.413693 0.154935 5.995824
v 0.413707 0.165947 5.594599
v 0.415640 0.175420 5.201723
v 0.422896 0.159307 4.810163
v 0.426850 0.176059 4.414283
v 0.432518 0.196022 4.020710
v 0.436144 0.214244 3.625005
v 0.436704 0.230994 3.225667
v 0.428136 0.247135 2.813921
v 0.430766 0.274332 2.404992
v 0.434004 0.295795 1.961467
v 0.458511 0.383254 1.541667
v 0.455424 0.407167 1.205786
v 0.470411 0.351442 0.844536
v 0.474994 0.267384 0.472620
v 0.481434 0.242935 0.089571
v 0.483341 0.224592 -0.297996
v 0.484757 0.213000 -0.690720
v 0.488357 0.209114 -1.087231
v 0.495269 0.213344 -1.485136
v 0.505023 0.224967 -1.882450
v 0.515704 0.241715 -2.278945
v 0.524097 0.258515 -2.676656
v 0.551668 0.465759 -3.072903
v 0.553408 0.454016 -3.471160
v 0.519144 0.229262 -3.843459
v 0.512337 0.198735 -4.229896
v 0.507987 0.175481 -4.623308
v 0.507836 0.164344 -5.021825
v 0.512238 0.165570 -5.420721
v 0.520194 0.176298 -5.815515
v 0.529745 0.191797 -6.204298
v 0.538438 0.206465 -6.588807
v 0.543602 0.214340 -6.974802
v 0.547652 0.251436 -7.367835
v 0.551423 0.290309 -7.761439
v 0.552410 0.300401 -8.154221
v 0.551935 0.282843 -8.545134
v 0.550565 0.240806 -8.932739
v 0.550686 0.199746 -9.318331
v 0.551948 0.186169 -9.703230
v 0.837390 0.249879 9.538185
v 0.835186 0.258992 9.144918
v 0.831423 0.146542 8.761011
v 0.822023 0.109388 8.368860
v 0.816430 0.088666 7.975510
v 0.809216 0.063264 7.584509
v 0.808502 0.058627 7.188679
v 0.807280 0.043466 6.796474
v 0.808417 0.047544 6.401754
v 0.816352 0.091190 6.005262
v 0.823399 0.071572 5.608800
v 0.832555 0.103013 5.213767
v 0.835711 0.128842 4.816272
v 0.840595 0.159427 4.423991
v 0.843445 0.173825 4.027143
v 0.847457 0.193434 3.632469
v 0.848845 0.206486 3.234495
v 0.848279 0.219665 2.832941
v 0.850662 0.226286 2.430998
v 0.879835 0.232019 2.025206
v 0.869889 0.238916 1.621009
v 0.860727 0.238023 1.243161
v 0.871529 0.257052 0.861180
v 0.876365 0.228876 0.480828
v 0.879915 0.210624 0.097505
v 0.878856 0.192018 -0.292301
v 0.878126 0.178786 -0.689258
v 0.880222 0.159244 -1.090819
v 0.887426 0.168785 -1.492969
v 0.898220 0.184319 -1.892179
v 0.911192 0.214531 -2.286211
v 0.922543 0.232952 -2.677060
v 0.927002 0.234822 -3.062896
v 0.924501 0.216647 -3.446204
v 0.919918 0.189843 -3.831459
v 0.915262 0.162286 -4.223564
v 0.912426 0.141664 -4.623583
v 0.912811 0.133391 -5.028453
v 0.916789 0.138893 -5.432429
v 0.923534 0.155251 -5.830239
v 0.931537 0.177147 -6.219615
v 0.939067 0.198460 -6.602179
v 0.944328 0.212761 -6.983583
v 0.945905 0.214813 -7.372141
v 0.946795 0.219114 -7.763054
v 0.950142 0.271937 -8.155403
v 0.949539 0.258053 -8.544119
v 0.948528 0.227656 -8.930853
v 0.948379 0.189786 -9.316446
v 0.949412 0.177532 -9.702127
v 1.248251 0.164640 9.544974
v 1.250132 0.190419 9.148848
v 1.242060 0.156522 8.747836
v 1.241566 0.121508 8.366943
v 1.236243 0.086336 7.978945
v 1.234424 0.053171 7.587760
v 1.232236 0.021361 7.193533
v 1.233771 0.017278 6.800097
v 1.231837 0.002262 6.402722
v 1.232517 0.031496 6.009911
v 1.231984 0.029864 5.614526
v 1.232887 0.053684 5.218299
v 1.239319 0.088684 4.823904
v 1.245470 0.123478 4.426337
v 1.252627 0.155824 4.034521
v 1.256575 0.183565 3.638584
v 1.255715 0.180219 3.242252
v 1.255101 0.192022 2.846340
v 1.250590 0.192296 2.450970
v 1.248737 0.197966 2.055420
v 1.257681 0.201946 1.657083
v 1.255523 0.201775 1.263212
v 1.262877 0.194111 0.869195
v 1.269960 0.188451 0.483909
v 1.275586 0.184016 0.100177
v 1.277873 0.150192 -0.288748
v 1.277950 0.134200 -0.688955
v 1.281009 0.141177 -1.095674
v 1.287872 0.148262 -1.502429
v 1.297961 0.159210 -1.904635
v 1.309914 0.178479 -2.299311
v 1.322026 0.214047 -2.686080
v 1.329082 0.217745 -3.062847
v 1.330026 0.197894 -3.442812
v 1.329119 0.169546 -3.829081
v 1.328034 0.141707 -4.224133
v 1.327608 0.121315 -4.628210
v 1.328591 0.114629 -5.037453
v 1.331240 0.123832 -5.444998
v 1.335063 0.144925 -5.844912
v 1.339332 0.171948 -6.234921
v 1.343267 0.198537 -6.616739
v 1.346043 0.217964 -6.996018
v 1.346836 0.223480 -7.382038
v 1.346461 0.221792 -7.772057
v 1.345678 0.218106 -8.160866
v 1.345098 0.222664 -8.548775
v 1.344444 0.207197 -8.934977
v 1.344693 0.191721 -9.320383
v 1.345773 0.178477 -9.705404
v 1.638478 0.190755 9.499468
v 1.619046 0.148912 9.087768
v 1.608050 0.109863 8.689518
v 1.630996 0.079709 8.354433
v 1.635836 0.049150 7.981919
v 1.632155 0.015146 7.589946
v 1.629416 -0.017753 7.198242
v 1.619652 -0.043061 6.806686
v 1.618112 -0.013518 6.404898
v 1.622335 -0.035371 6.015000
v 1.622778 -0.022942 5.621011
v 1.626355 0.011897 5.224253
v 1.629591 0.024325 4.820984
v 1.640062 0.080086 4.423871
v 1.650106 0.121711 4.033329
v 1.655179 0.166112 3.644496
v 1.653383 0.177687 3.252623
v 1.648593 0.177991 2.860401
v 1.643966 0.173184 2.465416
v 1.643439 0.167749 2.067449
v 1.647070 0.164133 1.667598
v 1.654680 0.163139 1.266557
v 1.662721 0.164692 0.869811
v 1.669711 0.161422 0.482187
v 1.677126 0.142862 0.097271
v 1.684132 0.133612 -0.292161
v 1.688726 0.116745 -0.691208
v 1.692225 0.123705 -1.102022
v 1.698291 0.130667 -1.513174
v 1.706394 0.139199 -1.917922
v 1.715482 0.152925 -2.313495
v 1.725936 0.203215 -2.698596
v 1.734151 0.211232 -3.071414
v 1.739656 0.195007 -3.448395
v 1.743657 0.167128 -3.835604
v 1.747118 0.140126 -4.232144
v 1.749742 0.120590 -4.637919
v 1.751286 0.115227 -5.048817
v 1.751738 0.126803 -5.457563
v 1.751434 0.150599 -5.858255
v 1.750719 0.180871 -6.248909
v 1.749853 0.211420 -6.631430
v 1.748966 0.235189 -7.011485
v 1.748019 0.244425 -7.398158
v 1.746277 0.244751 -7.788285
v 1.743365 0.241550 -8.176100
v 1.739986 0.234840 -8.561974
v 1.737685 0.224017 -8.946415
v 1.737732 0.208415 -9.329763
v 1.739770 0.189755 -9.712660
v 2.045125 0.156096 9.521828
v 2.046620 0.111668 9.157951
v 2.042816 0.070526 8.772904
v 2.033466 0.041355 8.379868
v 2.024868 0.013447 7.986616
v 2.016751 -0.020093 7.589942
v 2.003094 -0.054399 7.201512
v 2.012271 -0.121677 6.800107
v 2.014480 -0.134820 6.396283
v 2.006906 -0.139329 6.015811
v 2.008940 -0.110690 5.619997
v 2.017738 -0.061040 5.221941
v 2.026348 -0.001843 4.819662
v 2.037056 0.059580 4.423265
v 2.043969 0.107052 4.032990
v 2.048509 0.135203 3.649797
v 2.047915 0.147126 3.263063
v 2.042964 0.147012 2.871188
v 2.040410 0.142239 2.473978
v 2.041853 0.136030 2.071896
v 2.048238 0.132011 1.665026
v 2.058725 0.131936 1.260087
v 2.070320 0.136101 0.864912
v 2.079601 0.131181 0.476073
v 2.089612 0.125730 0.089082
v 2.099156 0.117057 -0.300481
v 2.106464 0.098977 -0.698601
v 2.111904 0.105892 -1.109477
v 2.116678 0.113008 -1.523480
v 2.121606 0.122197 -1.930130
v 2.127049 0.149449 -2.326853
v 2.133774 0.203518 -2.712028
v 2.141312 0.217173 -3.085416
v 2.150022 0.206733 -3.462467
v 2.158821 0.182738 -3.850985
v 2.166504 0.159425 -4.248038
v 2.171670 0.142985 -4.653268
v 2.173303 0.139230 -5.062674
v 2.171369 0.150509 -5.469965
v 2.166963 0.174273 -5.870131
v 2.161490 0.206071 -6.261755
v 2.156273 0.240465 -6.647211
v 2.152369 0.270047 -7.032288
v 2.150115 0.285546 -7.424477
v 2.146158 0.291498 -7.815966
v 2.138777 0.290504 -8.202415
v 2.129156 0.285318 -8.585720
v 2.122103 0.273659 -8.967253
v 2.122588 0.249093 -9.346518
v 2.128758 0.216110 -9.724695
v 2.460952 0.122512 9.558014
v 2.450248 0.074307 9.172157
v 2.439635 0.032088 8.782095
v 2.426047 0.000945 8.389963
v 2.415379 -0.020082 7.992021
v 2.407954 -0.099936 7.606415
v 2.408559 -0.130207 7.196860
v 2.415242 -0.160430 6.791108
v 2.406246 -0.168120 6.407535
v 2.404812 -0.175741 6.014005
v 2.409324 -0.139797 5.616828
v 2.419348 -0.088976 5.218211
v 2.429487 -0.034901 4.816778
v 2.438133 0.026695 4.421792
v 2.443518 0.075541 4.033242
v 2.447953 0.103866 3.650964
v 2.449399 0.115624 3.268399
v 2.449594 0.115611 2.879227
v 2.450111 0.110036 2.476729
v 2.454358 0.103069 2.069745
v 2.462933 0.098884 1.657782
v 2.473225 0.100018 1.248988
v 2.485957 0.107053 0.853443
v 2.497884 0.108898 0.466245
v 2.508805 0.107454 0.077463
v 2.519103 0.100204 -0.312316
v 2.527759 0.093135 -0.708541
v 2.533679 0.088085 -1.117751
v 2.536928 0.095430 -1.532265
v 2.538456 0.111262 -1.940196
v 2.541358 0.180816 -2.336449
v 2.542848 0.215631 -2.724156
v 2.548036 0.235955 -3.102764
v 2.558478 0.232364 -3.484405
v 2.570798 0.216159 -3.875003
v 2.581240 0.199193 -4.271908
v 2.587487 0.186519 -4.674592
v 2.588365 0.183127 -5.079844
v 2.584224 0.192135 -5.483301
v 2.576706 0.213769 -5.881773
v 2.568051 0.246388 -6.275147
v 2.560620 0.287060 -6.667108
v 2.556521 0.329154 -7.064457
v 2.554677 0.362267 -7.468917
v 2.547533 0.380312 -7.864254
v 2.530936 0.380979 -8.246683
v 2.504908 0.383091 -8.625008
v 2.483200 0.381808 -9.003876
v 2.487608 0.337325 -9.375704
v 2.508420 0.265925 -9.743202
v 2.859126 0.297702 9.538134
v 2.859086 0.237829 9.127786
v 2.849222 -0.007952 8.790009
v 2.832700 -0.044111 8.398957
v 2.819874 -0.088439 8.000350
v 2.815616 -0.116457 7.597552
v 2.813923 -0.145012 7.191629
v 2.815257 -0.178244 6.796309
v 2.818105 -0.188270 6.403056
v 2.819288 -0.202322 6.010295
v 2.824266 -0.169370 5.612083
v 2.832819 -0.122775 5.209918
v 2.840787 -0.068229 4.810901
v 2.847805 -0.020765 4.420146
v 2.854307 0.043091 4.034934
v 2.857533 0.071755 3.649520
v 2.862138 0.083258 3.269936
v 2.867088 0.082364 2.879546
v 2.872526 0.076763 2.473633
v 2.880343 0.071462 2.062740
v 2.889049 0.066032 1.647754
v 2.896400 0.063908 1.237545
v 2.905329 0.066993 0.840266
v 2.915914 0.074891 0.453895
v 2.926215 0.083759 0.064560
v 2.935868 0.085518 -0.324931
v 2.944508 0.084848 -0.719447
v 2.949809 0.081031 -1.126515
v 2.954053 0.140622 -1.540191
v 2.953603 0.168595 -1.946723
v 2.951901 0.203065 -2.344171
v 2.950890 0.238121 -2.734457
v 2.953597 0.265450 -3.122364
v 2.965236 0.271880 -3.513535
v 2.979582 0.268636 -3.908044
v 2.991068 0.260602 -4.304973
v 2.996489 0.250442 -4.703459
v 2.995196 0.243805 -5.102057
v 2.988604 0.246922 -5.499453
v 2.979098 0.263763 -5.895163
v 2.969565 0.296671 -6.291355
v 2.963460 0.348145 -6.694842
v 2.964031 0.418213 -7.115880
v 2.964559 0.499153 -7.544269
v 2.954615 0.541272 -7.949140
v 2.922920 0.526217 -8.316511
v 2.861813 0.536761 -8.681015
v 2.797707 0.588298 -9.063026
v 2.818337 0.499480 -9.422256
v 2.878560 0.338109 -9.767536
v 3.275616 0.278471 9.541184
v 3.278899 0.219113 9.135324
v 3.264568 -0.016914 8.787214
v 3.258352 -0.063727 8.401871
v 3.244326 -0.095044 8.002117
v 3.241121 -0.127341 7.594329
v 3.240396 -0.160366 7.188234
v 3.241291 -0.182444 6.793972
v 3.245075 -0.209174 6.399741
v 3.247680 -0.209107 6.008733
v 3.250484 -0.194480 5.604254
v 3.254350 -0.151226 5.199770
v 3.259961 -0.106930 4.802838
v 3.264529 -0.060289 4.418226
v 3.269843 -0.018886 4.033660
v 3.273285 0.012540 3.647312
v 3.277688 0.004061 3.262291
v 3.286136 0.009744 2.872183
v 3.296863 0.014696 2.465597
v 3.307739 0.024897 2.052053
v 3.316051 0.037729 1.638600
v 3.320007 0.040043 1.229212
v 3.321482 0.039644 0.830240
v 3.326343 0.045489 0.442503
v 3.335660 0.076936 0.052928
v 3.346372 0.135310 -0.336329
v 3.353058 0.148504 -0.730714
v 3.358591 0.158414 -1.137132
v 3.360658 0.174991 -1.547447
v 3.359284 0.201617 -1.952647
v 3.356868 0.234591 -2.351300
v 3.356596 0.269550 -2.746214
v 3.362070 0.301609 -3.144829
v 3.375223 0.327733 -3.550081
v 3.391658 0.347752 -3.953310
v 3.403296 0.353550 -4.352409
v 3.405020 0.341131 -4.744679
v 3.398383 0.321429 -5.132642
v 3.387855 0.310201 -5.520824
v 3.377041 0.316771 -5.912331
v 3.347097 0.544397 -6.289840
v 3.342736 0.604505 -6.691285
v 3.374417 0.531081 -7.180900
v 3.381473 0.703882 -7.654874
v 3.372993 0.793284 -8.082039
v 3.327716 0.708966 -8.410315
v 3.236137 0.668075 -8.735533
v 3.127290 0.760384 -9.113842
v 3.166546 0.624096 -9.460239
v 3.261044 0.384649 -9.786297
v 3.677172 0.262150 9.538838
v 3.677423 0.163332 9.144281
v 3.699474 -0.027073 8.785964
v 3.697402 -0.060913 8.395371
v 3.676422 -0.095685 7.998119
v 3.673062 -0.128774 7.590796
v 3.672954 -0.155391 7.186958
v 3.675410 -0.184875 6.791745
v 3.676349 -0.201766 6.401093
v 3.677586 -0.202453 6.007431
v 3.676997 -0.198468 5.600782
v 3.677727 -0.152789 5.198466
v 3.680127 -0.109216 4.803682
v 3.681812 -0.086821 4.418348
v 3.684689 -0.063718 4.026851
v 3.688458 -0.042495 3.642495
v 3.692668 -0.034237 3.254854
v 3.703568 -0.025633 2.860826
v 3.717309 -0.010614 2.453817
v 3.727827 0.004261 2.042379
v 3.733261 0.016800 1.631659
v 3.732255 0.006469 1.225865
v 3.728657 0.024446 0.827369
v 3.728968 0.065320 0.435881
v 3.737852 0.158197 0.044384
v 3.742820 0.174473 -0.346346
v 3.748627 0.187302 -0.741937
v 3.754830 0.196610 -1.148229
v 3.757317 0.213478 -1.555467
v 3.756977 0.238455 -1.959575
v 3.756926 0.269564 -2.360601
v 3.761868 0.305126 -2.763104
v 3.776627 0.346782 -3.175314
v 3.798609 0.406280 -3.596128
v 3.823538 0.474194 -4.019921
v 3.837884 0.507869 -4.428430
v 3.829698 0.477899 -4.809164
v 3.809287 0.419321 -5.176898
v 3.790523 0.376612 -5.550115
v 3.756203 0.562479 -5.933370
v 3.757949 0.582401 -6.315879
v 3.761614 0.650010 -6.717732
v 3.782816 0.612265 -7.230639
v 3.795943 0.859067 -7.741581
v 3.793060 0.995549 -8.192900
v 3.749280 0.836191 -8.487011
v 3.676235 0.679713 -8.767773
v 3.608541 0.642497 -9.106348
v 3.623789 0.525909 -9.449617
v 3.678125 0.357598 -9.788393
v 4.093611 0.174091 9.552581
v 4.095567 0.064223 9.151529
v 4.122478 -0.023418 8.766273
v 4.120984 -0.055642 8.383203
v 4.102654 -0.087966 7.989374
v 4.098813 -0.122873 7.587884
v 4.098020 -0.152806 7.183657
v 4.100948 -0.174404 6.790414
v 4.099885 -0.149697 6.397606
v 4.097295 -0.158020 6.003510
v 4.094095 -0.157057 5.602561
v 4.093127 -0.139328 5.200483
v 4.089063 -0.130496 4.804197
v 4.091033 -0.111274 4.414497
v 4.093191 -0.073154 4.022844
v 4.096745 -0.059790 3.637925
v 4.100762 -0.052462 3.246778
v 4.110175 -0.044518 2.848299
v 4.122657 -0.026699 2.441825
v 4.027295 -0.011144 2.066830
v 4.099419 0.016695 1.636987
v 4.101615 0.100690 1.242035
v 4.133738 0.135092 0.831539
v 4.129162 0.172285 0.434999
v 4.128179 0.193905 0.038270
v 4.131036 0.210734 -0.355709
v 4.137805 0.221140 -0.755432
v 4.144466 0.231963 -1.160403
v 4.148343 0.248892 -1.565515
v 4.151184 0.271763 -1.969771
v 4.156902 0.300292 -2.375103
v 4.170734 0.338062 -2.787480
v 4.194648 0.403127 -3.211900
v 4.235805 0.518375 -3.657525
v 4.294037 0.683537 -4.123912
v 4.328614 0.781646 -4.560006
v 4.296189 0.688260 -4.912253
v 4.242331 0.535512 -5.238219
v 4.172006 0.632829 -5.621412
v 4.168566 0.599865 -5.970210
v 4.169271 0.609549 -6.343380
v 4.179030 0.473255 -6.781584
v 4.184826 0.609654 -7.238797
v 4.194140 0.804427 -7.723546
v 4.191480 0.899818 -8.155693
v 4.163474 0.777282 -8.474396
v 4.123258 0.610631 -8.766548
v 4.092509 0.500958 -9.089706
v 4.089985 0.403518 -9.432611
v 4.104963 0.307848 -9.785074
v 4.509920 0.201551 9.572818
v 4.522891 0.110586 9.122976
v 4.521241 -0.018561 8.741435
v 4.520603 -0.049365 8.364727
v 4.512396 -0.078584 7.978943
v 4.511678 -0.108279 7.583130
v 4.510662 -0.133809 7.182340
v 4.507985 -0.121882 6.785802
v 4.503839 -0.128958 6.389638
v 4.500536 -0.078988 5.997680
v 4.499022 -0.089035 5.602038
v 4.495008 -0.086783 5.206395
v 4.492519 -0.071520 4.810101
v 4.498691 0.086997 4.414560
v 4.500486 0.093476 4.027062
v 4.504054 0.095168 3.640280
v 4.509684 0.092109 3.246567
v 4.516912 0.088384 2.841200
v 4.518184 0.286107 2.471672
v 4.511652 0.487252 2.089553
v 4.509099 0.511272 1.653722
v 4.504920 0.343546 1.246179
v 4.522635 0.178482 0.834254
v 4.520936 0.198245 0.434144
v 4.520264 0.217054 0.034361
v 4.523001 0.232383 -0.366233
v 4.529670 0.243925 -0.769642
v 4.536240 0.257425 -1.173935
v 4.542665 0.273965 -1.578991
v 4.550807 0.294054 -1.985554
v 4.561955 0.322030 -2.395464
v 4.579217 0.367964 -2.812812
v 4.610431 0.454586 -3.247386
v 4.671783 0.628747 -3.719386
v 4.777410 0.931479 -4.245886
v 4.851839 1.145270 -4.731675
v 4.777770 0.932197 -5.032161
v 4.678141 0.647352 -5.300808
v 4.595601 0.686372 -5.676747
v 4.580218 0.633928 -6.006284
v 4.576797 0.630870 -6.370893
v 4.582424 0.475650 -6.793241
v 4.584400 0.572625 -7.230267
v 4.588189 0.695167 -7.678709
v 4.584534 0.744276 -8.088749
v 4.568373 0.668983 -8.434814
v 4.546492 0.542363 -8.754213
v 4.528971 0.431575 -9.083063
v 4.521462 0.345276 -9.428242
v 4.521491 0.277491 -9.785797
v 4.907780 0.202006 9.473554
v 4.928947 0.160070 9.093963
v 4.927456 0.027480 8.714632
v 4.919179 -0.007802 8.338250
v 4.906760 -0.064688 7.963981
v 4.904806 -0.062201 7.570069
v 4.903075 -0.082382 7.171135
v 4.894515 -0.097714 6.775835
v 4.888818 -0.082340 6.385806
v 4.887177 -0.081238 5.995056
v 4.885870 -0.091005 5.602640
v 4.882748 -0.087392 5.209517
v 4.884733 -0.023889 4.813076
v 4.887558 0.116009 4.414836
v 4.888439 0.122916 4.024193
v 4.893615 0.123520 3.634181
v 4.902598 0.117574 3.237011
v 4.895861 0.316140 2.835325
v 4.909695 0.323034 2.446015
v 4.932678 0.330853 2.072057
v 4.924862 0.550817 1.653687
v 4.909401 0.188421 1.231694
v 4.910329 0.203145 0.831784
v 4.913332 0.216216 0.429454
v 4.918294 0.228663 0.026205
v 4.924349 0.241450 -0.378109
v 4.930814 0.255473 -0.783154
v 4.937778 0.271041 -1.188974
v 4.945498 0.288934 -1.595798
v 4.954581 0.310978 -2.004292
v 4.966459 0.341389 -2.416158
v 4.984482 0.389959 -2.835534
v 5.016384 0.479194 -3.272107
v 5.077821 0.654609 -3.745486
v 5.181295 0.952669 -4.270649
v 5.252990 1.159777 -4.753802
v 5.183660 0.960530 -5.060194
v 5.087528 0.685143 -5.332610
v 5.032487 0.531680 -5.656927
v 4.989727 0.664295 -6.038413
v 4.981738 0.651730 -6.398987
v 4.986405 0.481611 -6.807354
v 4.986117 0.559817 -7.234488
v 4.989170 0.674721 -7.678835
v 4.988131 0.740981 -8.097797
v 4.975901 0.672062 -8.448349
v 4.958167 0.533721 -8.763952
v 4.943213 0.411964 -9.088577
v 4.933762 0.325348 -9.432226
v 4.928695 0.265239 -9.790405
v 5.329753 0.212870 9.464338
v 5.324044 0.078135 9.086599
v 5.324529 0.038039 8.692518
v 5.315305 0.011196 8.312556
v 5.288183 -0.016097 7.941523
v 5.285728 -0.040191 7.556603
v 5.279548 -0.057986 7.165932
v 5.274443 -0.064563 6.775688
v 5.269252 -0.066662 6.384479
v 5.267817 -0.076093 5.993454
v 5.266997 -0.065476 5.602437
v 5.274349 0.124259 5.207480
v 5.275804 0.126179 4.811714
v 5.276315 0.131818 4.416080
v 5.277854 0.138477 4.020463
v 5.285096 0.139475 3.624225
v 5.293374 0.139774 3.226319
v 5.287768 0.342805 2.830120
v 5.286513 0.346068 2.432289
v 5.297836 0.356871 2.047379
v 5.299913 0.193035 1.627737
v 5.302600 0.202605 1.226933
v 5.307471 0.212427 0.824126
v 5.312985 0.223952 0.420217
v 5.319034 0.236966 0.015304
v 5.325567 0.251362 -0.390533
v 5.332575 0.267169 -0.797239
v 5.340126 0.284632 -1.204824
v 5.348426 0.304414 -1.613452
v 5.357977 0.328054 -2.023645
v 5.369914 0.358949 -2.436724
v 5.386681 0.404353 -2.855690
v 5.413140 0.478634 -3.286648
v 5.456560 0.603277 -3.738730
v 5.515944 0.775929 -4.210320
v 5.552454 0.883622 -4.651553
v 5.526080 0.809224 -5.011949
v 5.475615 0.665105 -5.340741
v 5.432188 0.755623 -5.719215
v 5.429014 0.698054 -6.058961
v 5.399291 0.476814 -6.427846
v 5.391284 0.493712 -6.825073
v 5.389203 0.562993 -7.247121
v 5.392886 0.694540 -7.699213
v 5.395700 0.809183 -8.141991
v 5.384093 0.734762 -8.489866
v 5.364431 0.553537 -8.784292
v 5.348488 0.410463 -9.098141
v 5.337800 0.319655 -9.438810
v 5.330754 0.261668 -9.796581
v 5.706468 0.389790 9.429899
v 5.718232 0.401458 9.051582
v 5.709766 0.084148 8.684502
v 5.697208 0.023912 8.296921
v 5.670841 0.000223 7.931378
v 5.662524 -0.022283 7.545590
v 5.659290 -0.039545 7.160623
v 5.657989 -0.035144 6.772108
v 5.657494 -0.044897 6.382542
v 5.657122 -0.003069 5.990561
v 5.661336 0.137854 5.596515
v 5.663784 0.137005 5.203488
v 5.667418 0.137526 4.809054
v 5.672432 0.139702 4.412842
v 5.679206 0.139541 4.014616
v 5.687438 0.146148 3.614652
v 5.694512 0.150400 3.214610
v 5.697422 0.157895 2.816308
v 5.697163 0.185670 2.419383
v 5.697085 0.199202 2.021385
v 5.692115 0.400743 1.601264
v 5.698974 0.408742 1.223493
v 5.703949 0.418864 0.821081
v 5.713039 0.231489 0.410434
v 5.719503 0.245895 0.004101
v 5.726553 0.261951 -0.403341
v 5.734149 0.279599 -0.811804
v 5.742315 0.298988 -1.221250
v 5.751195 0.320606 -1.631753
v 5.761145 0.345586 -2.043640
v 5.772916 0.376297 -2.457747
v 5.787969 0.417247 -2.875843
v 5.813431 0.464143 -3.306142
v 5.837255 0.559130 -3.735878
v 5.870896 0.659998 -4.177104
v 5.895062 0.735778 -4.605492
v 5.894970 0.740738 -5.000866
v 5.875524 0.686588 -5.368443
v 5.808647 0.804468 -5.765714
v 5.793155 0.743344 -6.115514
v 5.788750 0.708037 -6.469149
v 5.796851 0.506242 -6.843305
v 5.791201 0.550928 -7.252317
v 5.791283 0.650990 -7.687809
v 5.791770 0.744236 -8.119102
v 5.781297 0.686225 -8.474657
v 5.763537 0.527991 -8.780220
v 5.748490 0.397849 -9.100058
v 5.737764 0.314225 -9.443583
v 5.730047 0.260512 -9.802572
v 5.969545 0.526371 9.467064
v 6.003222 0.603701 9.076940
v 6.027267 0.374793 8.685382
v 6.077045 0.259509 8.284111
v 6.063386 0.219416 7.908998
v 6.056091 0.053981 7.533197
v 6.053923 0.039354 7.149876
v 6.054090 0.161950 6.759474
v 6.054696 0.154543 6.371883
v 6.055858 0.148626 5.982583
v 6.057951 0.146313 5.591719
v 6.061031 0.141083 5.199184
v 6.065565 0.141183 4.804659
v 6.072506 0.145845 4.407566
v 6.083827 0.157521 4.006697
v 6.100588 0.183201 3.601388
v 6.115856 0.199738 3.196009
v 6.116402 0.252781 2.799171
v 6.106789 0.229482 2.407408
v 6.090399 0.413276 2.008363
v 6.058224 0.402751 1.578024
v 6.086313 0.414771 1.203371
v 6.103332 0.425722 0.812762
v 6.112740 0.239333 0.400611
v 6.119647 0.255168 -0.007190
v 6.127252 0.272938 -0.416303
v 6.135474 0.292490 -0.826607
v 6.144300 0.313872 -1.238014
v 6.153808 0.337401 -1.650509
v 6.164224 0.363872 -2.064246
v 6.176027 0.394930 -2.479719
v 6.194502 0.422539 -2.902646
v 6.214575 0.471405 -3.327334
v 6.228766 0.545188 -3.750230
v 6.260170 0.646518 -4.189620
v 6.291425 0.750552 -4.631577
v 6.313539 0.829015 -5.059766
v 6.310730 0.825596 -5.449074
v 6.206858 0.915173 -5.850523
v 6.195849 0.816701 -6.188861
v 6.193228 0.749610 -6.521554
v 6.203170 0.519553 -6.862009
v 6.192182 0.525830 -7.251057
v 6.185929 0.564020 -7.654659
v 6.180409 0.593786 -8.053310
v 6.170570 0.554523 -8.417368
v 6.157331 0.461258 -8.754650
v 6.145066 0.371931 -9.094219
v 6.135298 0.306239 -9.446032
v 6.127625 0.259846 -9.807972
v 6.268308 0.649918 9.492157
v 6.471141 0.634289 9.088003
v 6.481478 0.393753 8.635498
v 6.479930 0.320176 8.261784
v 6.467012 0.255116 7.888134
v 6.456965 0.217417 7.511965
v 6.452249 0.216183 7.131298
v 6.450384 0.179833 6.749399
v 6.450747 0.168223 6.363976
v 6.452096 0.156032 5.976313
v 6.454425 0.146724 5.586576
v 6.457876 0.147149 5.194643
v 6.463073 0.147588 4.800309
v 6.472073 0.158803 4.402302
v 6.489504 0.191543 3.997851
v 6.522495 0.280838 3.582688
v 6.520618 0.555807 3.177688
v 6.519954 0.536945 2.753248
v 6.503496 0.465827 2.366924
v 6.496100 0.428613 1.992686
v 6.490625 0.611870 1.554675
v 6.497520 0.420924 1.183604
v 6.502484 0.432441 0.804749
v 6.511992 0.247133 0.390992
v 6.519388 0.264458 -0.018313
v 6.527583 0.283991 -0.429142
v 6.536604 0.305138 -0.841412
v 6.546247 0.328903 -1.254866
v 6.561842 0.342591 -1.671457
v 6.573310 0.365328 -2.088414
v 6.579627 0.414211 -2.502609
v 6.593426 0.454033 -2.922203
v 6.592644 0.458759 -3.340607
v 6.634590 0.578957 -3.779603
v 6.669785 0.694583 -4.229856
v 6.722238 0.873759 -4.706192
v 6.781837 1.082647 -5.192029
v 6.796786 1.139296 -5.606625
v 6.647502 1.114055 -6.001779
v 6.617805 0.916855 -6.292984
v 6.604558 0.798256 -6.584954
v 6.598708 0.735435 -6.908062
v 6.593169 0.509061 -7.253837
v 6.581472 0.503131 -7.634209
v 6.571431 0.495198 -8.012819
v 6.560901 0.462763 -8.379189
v 6.549878 0.408030 -8.734823
v 6.539673 0.350152 -9.089409
v 6.531018 0.300613 -9.448715
v 6.523805 0.260909 -9.813484
v 6.747893 0.535030 9.466415
v 6.721733 0.786830 9.205738
v 6.880078 0.540869 8.643177
v 6.902957 0.427096 8.214318
v 6.879632 0.345177 7.855051
v 6.860936 0.282211 7.491018
v 6.851192 0.290510 7.115333
v 6.848306 0.265489 6.737343
v 6.847612 0.197399 6.355474
v 6.848558 0.182131 5.969636
v 6.850671 0.171834 5.581223
v 6.854033 0.167368 5.190278
v 6.859460 0.169952 4.796425
v 6.869261 0.183932 4.398375
v 6.889277 0.222013 3.992580
v 6.930780 0.308934 3.572093
v 6.992907 0.622525 3.158228
v 6.977468 0.587209 2.725671
v 6.927112 0.483670 2.351278
v 6.902372 0.436108 1.984282
v 6.897175 0.223579 1.600429
v 6.908628 0.426802 1.189333
v 6.901216 0.438522 0.797432
v 6.910703 0.254520 0.381841
v 6.918633 0.273412 -0.028981
v 6.927442 0.294736 -0.441532
v 6.938087 0.317678 -0.856102
v 6.954195 0.333261 -1.273438
v 6.969227 0.344206 -1.692933
v 6.953843 0.367330 -2.105181
v 6.979817 0.430530 -2.525316
v 6.997097 0.476032 -2.946957
v 7.015054 0.529210 -3.373386
v 7.040576 0.609880 -3.810818
v 7.082765 0.750575 -4.273370
v 7.157504 1.008268 -4.785167
v 7.264431 1.384432 -5.343155
v 7.304246 1.529220 -5.793808
v 7.209992 1.202446 -6.038167
v 7.071331 1.006909 -6.394248
v 7.026909 0.839984 -6.642060
v 7.004264 0.752953 -6.942595
v 6.993418 0.507487 -7.263674
v 6.977229 0.480743 -7.631808
v 6.963376 0.458483 -8.001364
v 6.951195 0.428294 -8.367430
v 6.940593 0.388539 -8.729717
v 6.931580 0.345236 -9.091143
v 6.924248 0.303589 -9.454214
v 6.918193 0.266333 -9.820133
v 7.269184 0.445830 9.381405
v 7.091538 0.724482 9.003412
v 7.294320 0.673034 8.538322
v 7.336719 0.536548 8.171339
v 7.305140 0.341596 7.833961
v 7.267499 0.261371 7.474958
v 7.250795 0.272585 7.101514
v 7.245707 0.235677 6.726603
v 7.244081 0.209070 6.346653
v 7.244439 0.190067 5.962965
v 7.246209 0.177727 5.576089
v 7.249355 0.171314 5.186265
v 7.254429 0.171641 4.793336
v 7.263072 0.182006 4.396447
v 7.278996 0.210294 3.993427
v 7.306993 0.266737 3.581396
v 7.394607 0.518256 3.189922
v 7.374180 0.510866 2.756361
v 7.308956 0.261888 2.387553
v 7.295744 0.231237 1.995677
v 7.292975 0.224435 1.595957
v 7.295780 0.230635 1.191381
v 7.301446 0.243769 0.783623
v 7.308782 0.261166 0.373423
v 7.317283 0.281674 -0.038886
v 7.326715 0.304768 -0.453112
v 7.336310 0.324873 -0.869159
v 7.342381 0.323492 -1.284424
v 7.344415 0.230579 -1.693908
v 7.379915 0.267730 -2.125858
v 7.384184 0.320178 -2.543281
v 7.397958 0.356782 -2.977496
v 7.416548 0.479116 -3.405360
v 7.442002 0.821905 -3.783809
v 7.493178 0.952331 -4.227698
v 7.584518 1.185366 -4.709431
v 7.716252 1.540419 -5.271419
v 7.695488 1.508829 -5.801107
v 7.608131 1.205508 -6.055543
v 7.510637 0.870322 -6.293056
v 7.450891 0.673657 -6.588574
v 7.415703 0.571096 -6.923496
v 7.390953 0.517105 -7.277823
v 7.369167 0.488322 -7.641266
v 7.348992 0.468768 -8.008066
v 7.333834 0.442487 -8.374023
v 7.323596 0.406901 -8.738361
v 7.316031 0.367149 -9.101955
v 7.311800 0.323223 -9.464905
v 7.309324 0.279988 -9.829065
v 7.647473 0.450364 9.356073
v 7.565562 0.653117 8.908605
v 7.698782 0.672047 8.509865
v 7.679163 0.687821 8.148828
v 7.695376 0.348373 7.817512
v 7.666349 0.316094 7.454925
v 7.650894 0.305859 7.084920
v 7.643970 0.258602 6.714233
v 7.640614 0.223897 6.337754
v 7.640005 0.199662 5.956507
v 7.641307 0.183663 5.571321
v 7.644085 0.174452 5.182738
v 7.650982 0.169798 4.788639
v 7.672159 0.134920 4.404478
v 7.678890 0.170129 4.000094
v 7.631864 0.060143 3.572676
v 7.710408 0.173281 3.204999
v 7.702720 0.230049 2.794514
v 7.690923 0.226877 2.394362
v 7.686662 0.220017 1.995514
v 7.687773 0.222267 1.592744
v 7.692671 0.231853 1.186516
v 7.704685 0.242550 0.774556
v 7.725079 0.194308 0.354978
v 7.734289 0.184506 -0.055049
v 7.747496 0.208738 -0.465410
v 7.736611 0.129559 -0.878967
v 7.737893 0.183485 -1.286656
v 7.759026 0.294967 -1.716433
v 7.772477 0.435352 -2.143705
v 7.787069 0.472815 -2.566955
v 7.802023 0.514056 -2.991545
v 7.799174 0.760095 -3.385304
v 7.841136 0.827419 -3.810853
v 7.894639 0.925878 -4.243523
v 7.974278 1.072188 -4.695715
v 8.074715 1.243301 -5.188576
v 7.988900 1.141693 -5.658212
v 7.945673 0.994968 -5.979429
v 7.887464 0.799233 -6.276690
v 7.843532 0.660224 -6.596295
v 7.812125 0.577439 -6.937992
v 7.784314 0.533855 -7.293404
v 7.750945 0.524792 -7.658374
v 7.711476 0.539876 -8.029812
v 7.691299 0.523084 -8.397692
v 7.686027 0.481051 -8.763247
v 7.679008 0.444002 -9.129261
v 7.684671 0.379024 -9.486256
v 7.694273 0.308171 -9.841972
v 8.034450 0.492626 9.327085
v 7.898153 0.720090 8.950721
v 7.992743 0.661796 8.554745
v 8.075073 0.516439 8.149683
v 8.071712 0.365809 7.804832
v 8.065430 0.413301 7.428792
v 8.055932 0.349139 7.067014
v 8.044193 0.285848 6.701686
v 8.037367 0.239170 6.329422
v 8.035304 0.208410 5.950772
v 8.036020 0.188640 5.567239
v 8.038401 0.176704 5.179823
v 8.061167 0.053337 4.761026
v 8.038008 0.160589 4.404903
v 8.014310 -0.078567 3.972160
v 8.020973 -0.076077 3.592716
v 8.020070 -0.044494 3.202268
v 8.037800 -0.009675 2.822349
v 8.090059 -0.054211 2.413199
v 8.101667 0.005574 2.004683
v 8.099717 0.017596 1.601947
v 8.085945 -0.050177 1.205937
v 8.073241 -0.061702 0.796598
v 8.072690 0.018845 0.383603
v 8.092761 0.072416 -0.050284
v 8.109965 0.150670 -0.459375
v 8.138709 0.230184 -0.883795
v 8.146729 0.381002 -1.312675
v 8.159715 0.414346 -1.735359
v 8.173322 0.449735 -2.159239
v 8.187493 0.487267 -2.583938
v 8.202335 0.527643 -3.009248
v 8.216501 0.771468 -3.412278
v 8.241611 0.824604 -3.834490
v 8.278140 0.890630 -4.257932
v 8.328669 0.969010 -4.688159
v 8.381333 1.038648 -5.130476
v 8.401209 1.051661 -5.570263
v 8.291059 0.813772 -5.914155
v 8.261336 0.719452 -6.255081
v 8.232613 0.636452 -6.598161
v 8.206155 0.578626 -6.949072
v 8.175275 0.552180 -7.308304
v 8.121609 0.585058 -7.680027
v 8.023520 0.715418 -8.071129
v 8.001022 0.705396 -8.442226
v 8.016201 0.632358 -8.810579
v 7.983996 0.657218 -9.197081
v 8.025636 0.509339 -9.529325
v 8.071313 0.353916 -9.859446
v 8.424378 0.537736 9.297915
v 8.410568 0.577953 8.909406
v 8.423999 0.562321 8.524797
v 8.447251 0.515059 8.146152
v 8.458196 0.485869 7.778886
v 8.473208 0.464556 7.409752
v 8.465055 0.397691 7.049401
v 8.444244 0.310190 6.691072
v 8.433294 0.250911 6.322906
v 8.429988 0.214649 5.946410
v 8.430304 0.191929 5.564198
v 8.432361 0.177844 5.177660
v 8.424578 0.154795 4.789546
v 8.417996 0.366709 4.390515
v 8.405412 0.365691 3.986717
v 8.400081 0.368733 3.605056
v 8.409449 0.376792 3.207646
v 8.459656 0.188972 2.801074
v 8.477264 0.083453 2.414562
v 8.493247 0.010261 2.014565
v 8.497797 0.049039 1.608367
v 8.437763 0.261142 1.212058
v 8.425530 0.438519 0.798194
v 8.443691 0.465973 0.369359
v 8.460539 0.492542 -0.046079
v 8.519784 0.326476 -0.479209
v 8.531697 0.356555 -0.899687
v 8.544443 0.389049 -1.322151
v 8.557906 0.423681 -1.746250
v 8.571931 0.460119 -2.171503
v 8.586390 0.498025 -2.597313
v 8.600999 0.537349 -3.023060
v 8.615815 0.578227 -3.448145
v 8.634795 0.820073 -3.850344
v 8.658718 0.864863 -4.270700
v 8.685821 0.907960 -4.690134
v 8.708803 0.938451 -5.108503
v 8.669794 0.746315 -5.510842
v 8.659743 0.716861 -5.883285
v 8.642722 0.667929 -6.243691
v 8.622764 0.617261 -6.600180
v 8.600303 0.576878 -6.957744
v 8.569740 0.560528 -7.320065
v 8.511046 0.607257 -7.694726
v 8.390655 0.782489 -8.093801
v 8.358705 0.792232 -8.469416
v 8.357652 0.761820 -8.854380
v 8.255763 0.946033 -9.286795
v 8.363655 0.644491 -9.572630
v 8.451318 0.390239 -9.872765
v 8.813485 0.689066 9.193036
v 8.796186 0.715150 8.780196
v 8.779926 0.668183 8.420277
v 8.815320 0.549494 8.113319
v 8.841944 0.483455 7.774062
v 8.859352 0.461848 7.405932
v 8.854598 0.398263 7.045547
v 8.836464 0.313509 6.687236
v 8.826579 0.254054 6.319763
v 8.823660 0.216724 5.944058
v 8.824093 0.192856 5.562516
v 8.826133 0.177716 5.176594
v 8.829109 0.168901 4.787149
v 8.833271 0.365055 4.394896
v 8.839072 0.365221 4.000755
v 8.844288 0.368558 3.604875
v 8.849481 0.374253 3.206542
v 8.846981 0.381752 2.798926
v 8.832043 0.389453 2.391455
v 8.862432 0.202586 1.994202
v 8.826653 0.411909 1.595820
v 8.846155 0.430342 1.195972
v 8.874610 0.452006 0.785482
v 8.893501 0.475517 0.363458
v 8.903639 0.500963 -0.052013
v 8.915513 0.329684 -0.483872
v 8.927737 0.360653 -0.905221
v 8.940806 0.394051 -1.328628
v 8.954583 0.429526 -1.753706
v 8.971864 0.461889 -2.185240
v 9.002885 0.446833 -2.590703
v 8.997840 0.542908 -3.032376
v 9.011840 0.580652 -3.456663
v 9.028060 0.816117 -3.860956
v 9.044135 0.849185 -4.279387
v 9.058924 0.875867 -4.693423
v 9.068905 0.890967 -5.101596
v 9.049431 0.690428 -5.494914
v 9.042358 0.671489 -5.871961
v 9.030290 0.640199 -6.239833
v 9.014554 0.604602 -6.602537
v 8.994968 0.573298 -6.963980
v 8.968024 0.558305 -7.328509
v 8.924976 0.579945 -7.701573
v 8.865063 0.638900 -8.082424
v 8.830531 0.648845 -8.453865
v 8.797283 0.666690 -8.833740
v 8.747621 0.723299 -9.223314
v 8.793383 0.560589 -9.547560
v 8.845936 0.386964 -9.871161
v 9.237061 0.656332 9.237940
v 9.227041 0.624082 8.859788
v 9.217450 0.567119 8.496426
v 9.216159 0.509797 8.137351
v 9.221829 0.460375 7.777424
v 9.229294 0.415305 7.415475
v 9.228683 0.358865 7.053713
v 9.222023 0.297364 6.690059
v 9.217534 0.248490 6.320244
v 9.216437 0.214318 5.943953
v 9.217452 0.191153 5.562376
v 9.219639 0.175929 5.176568
v 9.222556 0.166710 4.787283
v 9.226017 0.162252 4.395046
v 9.229939 0.161681 4.000237
v 9.236243 0.364308 3.605209
v 9.241044 0.369636 3.207216
v 9.246058 0.377332 2.807095
v 9.251367 0.387299 2.404979
v 9.255711 0.199740 1.994211
v 9.262527 0.214628 1.586766
v 9.271099 0.431975 1.186224
v 9.279445 0.452242 0.775423
v 9.288783 0.475323 0.362171
v 9.298680 0.301651 -0.066614
v 9.310123 0.330415 -0.486083
v 9.322495 0.361829 -0.907882
v 9.335706 0.395645 -1.331763
v 9.349604 0.431455 -1.757311
v 9.379021 0.416012 -2.220191
v 9.373834 0.448532 -2.580288
v 9.392646 0.543768 -3.036565
v 9.406054 0.579338 -3.460202
v 9.421755 0.811030 -3.865564
v 9.433885 0.838135 -4.282692
v 9.443351 0.857527 -4.693994
v 9.448483 0.866516 -5.097973
v 9.436485 0.663557 -5.487978
v 9.430496 0.648310 -5.866649
v 9.420403 0.623811 -6.237407
v 9.406674 0.594853 -6.602956
v 9.388778 0.568567 -6.967007
v 9.363418 0.558270 -7.335812
v 9.322549 0.589040 -7.720552
v 9.272109 0.646218 -8.115349
v 9.257386 0.603349 -8.465311
v 9.248925 0.542569 -8.805685
v 9.224064 0.528038 -9.164108
v 9.208306 0.497317 -9.519577
v 9.226595 0.404562 -9.868027
v 9.665298 0.722374 9.213820
v 9.636772 0.646645 8.852833
v 9.614079 0.560649 8.500413
v 9.606217 0.491452 8.144738
v 9.606328 0.432150 7.786812
v 9.608795 0.378241 7.426357
v 9.609689 0.326319 7.062991
v 9.608832 0.278136 6.695746
v 9.608273 0.238367 6.323442
v 9.608897 0.208401 5.945924
v 9.610563 0.187004 5.563773
v 9.612961 0.172497 5.177691
v 9.615897 0.163506 4.788282
v 9.619277 0.159015 4.396011
v 9.623074 0.158277 4.001215
v 9.627278 0.160737 3.604132
v 9.631913 0.165999 3.204920
v 9.637006 0.173814 2.803658
v 9.642625 0.184075 2.400355
v 9.648860 0.196787 1.994964
v 9.655801 0.212018 1.587407
v 9.663541 0.229858 1.177590
v 9.672144 0.250393 0.765421
v 9.681671 0.273680 0.350826
v 9.692154 0.299739 -0.066230
v 9.703582 0.328530 -0.485719
v 9.715921 0.359915 -0.907517
v 9.729076 0.393626 -1.331366
v 9.742887 0.429220 -1.756834
v 9.778256 0.306621 -2.229904
v 9.769368 0.495707 -2.603082
v 9.785220 0.539361 -3.035147
v 9.798110 0.573212 -3.458016
v 9.814910 0.802477 -3.863698
v 9.825188 0.826411 -4.279788
v 9.832456 0.842434 -4.689573
v 9.835799 0.848886 -5.091734
v 9.825065 0.645194 -5.480530
v 9.819575 0.631434 -5.859946
v 9.810448 0.609774 -6.232054
v 9.797873 0.583836 -6.599133
v 9.781098 0.560390 -6.964983
v 9.755623 0.556946 -7.338475
v 9.703724 0.629955 -7.746806
v 9.612578 0.819953 -8.209785
v 9.635196 0.668894 -8.510035
v 9.661937 0.500121 -8.798138
v 9.631022 0.486269 -9.146324
v 9.551851 0.579790 -9.520321
v 9.571581 0.490327 -9.874653
vn -0.0000 1.0000 -0.0000
vn -0.0289 0.9577 -0.2862
vn 0.1201 0.9469 -0.2984
vn 0.0856 0.9187 -0.3855
vn -0.0160 0.9239 -0.3822
vn -0.5944 0.5445 -0.5918
vn -0.0466 0.9403 -0.3371
vn -0.1419 0.4493 -0.8820
vn -0.5096 0.3513 -0.7854
vn 0.5260 0.7704 -0.3602
vn 0.5938 0.5268 -0.6082
vn 0.6735 0.6618 -0.3293
vn 0.6435 0.6352 -0.4272
vn 0.5463 0.7521 -0.3686
vn 0.4936 0.7761 -0.3924
vn 0.3308 0.8444 -0.4214
vn 0.2891 0.8681 -0.4036
vn 0.0948 0.8781 -0.4690
vn 0.0870 0.8902 -0.4472
vn -0.1285 0.8269 -0.5475
vn -0.0886 0.8429 -0.5307
vn -0.2416 0.7161 -0.6549
vn -0.1624 0.7373 -0.6558
vn 0.0085 0.6974 -0.7167
vn 0.0336 0.6811 -0.7314
vn 0.3850 0.7341 -0.5593
vn 0.3224 0.7393 -0.5912
vn 0.4549 0.8136 -0.3620
vn 0.3825 0.8424 -0.3796
vn 0.3697 0.9030 -0.2187
vn 0.3121 0.9210 -0.2333
vn 0.2563 0.9572 -0.1342
vn 0.2242 0.9635 -0.1461
vn 0.1684 0.9816 -0.0903
vn 0.1520 0.9836 -0.0970
vn 0.1094 0.9917 -0.0679
vn 0.1009 0.9923 -0.0711
vn 0.0683 0.9960 -0.0571
vn 0.0645 0.9962 -0.0590
vn 0.0331 0.9979 -0.0555
vn 0.0338 0.9978 -0.0571
vn -0.0074 0.9978 -0.0666
vn 0.0011 0.9977 -0.0679
vn -0.0616 0.9929 -0.1019
vn -0.0382 0.9943 -0.0998
vn -0.1219 0.9765 -0.1777
vn -0.0760 0.9838 -0.1626
vn -0.1389 0.9447 -0.2970
vn -0.0774 0.9651 -0.2503
vn -0.0157 0.9190 -0.3939
vn 0.0009 0.9507 -0.3102
vn 0.1555 0.9284 -0.3376
vn 0.1012 0.9563 -0.2743
vn 0.1819 0.9610 -0.2081
vn 0.1267 0.9748 -0.1833
vn 0.1318 0.9849 -0.1125
vn 0.0988 0.9893 -0.1070
vn 0.0768 0.9952 -0.0615
vn 0.0615 0.9962 -0.0620
vn 0.0371 0.9985 -0.0400
vn 0.0316 0.9987 -0.0412
vn 0.0093 0.9994 -0.0340
vn 0.0088 0.9994 -0.0347
vn -0.0162 0.9992 -0.0376
vn -0.0123 0.9992 -0.0379
vn -0.0501 0.9973 -0.0539
vn -0.0383 0.9979 -0.0531
vn -0.1045 0.9898 -0.0965
vn -0.0755 0.9930 -0.0904
vn -0.1757 0.9661 -0.1890
vn -0.1169 0.9795 -0.1642
vn -0.1951 0.9219 -0.3346
vn -0.1158 0.9574 -0.2645
vn -0.0341 0.9082 -0.4171
vn -0.0255 0.9486 -0.3153
vn 0.1041 0.9375 -0.3319
vn 0.0557 0.9619 -0.2677
vn 0.0951 0.9686 -0.2298
vn 0.0594 0.9793 -0.1934
vn 0.0493 0.9844 -0.1688
vn 0.0329 0.9892 -0.1426
vn 0.0166 0.9896 -0.1428
vn 0.0111 0.9929 -0.1181
vn 0.0040 0.9912 -0.1320
vn 0.0008 0.9942 -0.1071
vn 0.0024 0.9925 -0.1221
vn -0.0026 0.9950 -0.0997
vn 0.0008 0.9940 -0.1097
vn -0.0051 0.9957 -0.0924
vn -0.0075 0.9951 -0.0990
vn -0.0109 0.9961 -0.0871
vn -0.0255 0.9949 -0.0976
vn -0.0226 0.9958 -0.0887
vn -0.0602 0.9911 -0.1184
vn -0.0428 0.9935 -0.1057
vn -0.1161 0.9759 -0.1848
vn -0.0699 0.9862 -0.1503
vn -0.1483 0.9402 -0.3065
vn -0.0771 0.9724 -0.2203
vn -0.0456 0.9174 -0.3953
vn -0.0355 0.9625 -0.2689
vn 0.0232 0.9385 -0.3444
vn -0.0201 0.9614 -0.2743
vn -0.0795 0.9440 -0.3202
vn -0.0805 0.9443 -0.3192
vn -0.0833 0.9862 0.1428
vn -0.0237 0.9941 0.1054
vn -0.0056 0.9995 -0.0298
vn -0.0374 0.9988 0.0328
vn 0.0160 0.9811 -0.1929
vn 0.0662 0.9903 -0.1219
vn 0.0542 0.9786 -0.1987
vn 0.1064 0.9758 -0.1913
vn 0.0723 0.9832 -0.1676
vn 0.0875 0.9801 -0.1781
vn 0.0828 0.9857 -0.1465
vn 0.0822 0.9880 -0.1308
vn 0.0863 0.9864 -0.1398
vn 0.0983 0.9862 -0.1335
vn 0.0744 0.9878 -0.1372
vn 0.0883 0.9823 -0.1649
vn 0.0517 0.9913 -0.1207
vn 0.0521 0.9870 -0.1522
vn 0.0318 0.9951 -0.0935
vn 0.0244 0.9936 -0.1105
vn 0.0200 0.9975 -0.0673
vn 0.0123 0.9971 -0.0746
vn 0.0141 0.9988 -0.0463
vn 0.0081 0.9988 -0.0493
vn 0.0111 0.9995 -0.0299
vn 0.0069 0.9995 -0.0310
vn 0.0098 0.9998 -0.0169
vn 0.0544 0.9981 0.0303
vn 0.0092 0.9999 -0.0063
vn 0.1532 0.9871 0.0464
vn 0.0556 0.9973 0.0486
vn 0.2182 0.9709 0.0990
vn 0.1531 0.9863 0.0622
vn 0.2210 0.9693 0.1075
vn 0.1984 0.9800 0.0184
vn 0.2007 0.9795 0.0184
vn 0.1983 0.9798 0.0245
vn 0.1994 0.9796 0.0232
vn 0.1566 0.9875 -0.0199
vn 0.1647 0.9801 -0.1111
vn 0.0564 0.9983 -0.0115
vn 0.1259 0.9903 -0.0596
vn 0.0534 0.9950 0.0846
vn 0.1539 0.9702 0.1872
vn 0.1489 0.9838 0.0994
vn 0.2097 0.9678 0.1395
vn 0.1977 0.9787 0.0558
vn 0.1933 0.9795 0.0564
vn 0.1592 0.9872 0.0132
vn 0.2119 0.9765 -0.0388
vn 0.0581 0.9981 0.0193
vn 0.1656 0.9825 -0.0853
vn 0.0079 0.9974 0.0713
vn 0.0522 0.9983 0.0251
vn 0.0085 0.9970 0.0767
vn 0.0012 0.9971 0.0767
vn 0.0094 0.9966 0.0813
vn 0.0009 0.9967 0.0814
vn 0.0307 0.9989 -0.0341
vn 0.0459 0.9988 0.0189
vn 0.0229 0.9986 0.0470
vn 0.0856 0.9955 0.0394
vn -0.0102 0.9784 0.2063
vn 0.0248 0.9869 0.1594
vn 0.0022 0.9950 0.1000
vn -0.0096 0.9917 0.1284
vn 0.0186 0.9728 0.2311
vn 0.0095 0.9720 0.2346
vn 0.0261 0.9769 0.2122
vn 0.0202 0.9754 0.2196
vn 0.0343 0.9982 0.0496
vn 0.0298 0.9978 0.0586
vn 0.0409 0.9987 0.0289
vn 0.0424 0.9984 0.0376
vn 0.0485 0.9864 -0.1569
vn 0.0536 0.9868 -0.1528
vn 0.0506 0.9800 -0.1922
vn 0.0572 0.9794 -0.1938
vn 0.0453 0.9978 -0.0486
vn 0.0507 0.9971 -0.0561
vn 0.0405 0.9970 -0.0664
vn 0.0396 0.9963 -0.0762
vn 0.0352 0.9969 -0.0701
vn 0.0274 0.9965 -0.0786
vn 0.0312 0.9986 -0.0431
vn 0.0151 0.9986 -0.0503
vn 0.0273 0.9981 0.0546
vn -0.0093 0.9993 0.0366
vn 0.0116 0.9771 0.2122
vn -0.0608 0.9864 0.1524
vn -0.0285 0.9995 -0.0113
vn -0.1219 0.9916 0.0429
vn 0.0058 0.9385 -0.3452
vn -0.0035 0.9861 -0.1661
vn 0.0999 0.9780 -0.1830
vn 0.1482 0.9838 -0.1014
vn 0.0869 0.9953 0.0433
vn 0.1549 0.9873 -0.0358
vn -0.0016 0.9993 -0.0370
vn 0.0023 0.9812 -0.1929
vn -0.1411 0.9735 0.1797
vn -0.0882 0.9917 0.0932
vn -0.0498 0.9978 -0.0433
vn -0.0422 0.9844 -0.1709
vn 0.0041 0.9804 -0.1968
vn 0.0349 0.9934 -0.1089
vn 0.0538 0.9915 -0.1184
vn 0.0482 0.9801 -0.1924
vn 0.0214 0.9827 -0.1838
vn 0.0052 0.9923 -0.1235
vn 0.0010 0.9969 -0.0784
vn 0.0011 0.9988 -0.0498
vn -0.0024 0.9994 -0.0353
vn 0.0489 0.9922 0.1148
vn 0.1598 0.9778 0.1357
vn 0.1502 0.9871 0.0561
vn 0.0524 0.9969 0.0589
vn -0.0368 0.9988 -0.0310
vn -0.1476 0.9874 -0.0563
vn -0.2032 0.9665 -0.1568
vn -0.2782 0.9599 -0.0337
vn -0.1304 0.9481 0.2901
vn -0.0982 0.9751 0.1989
vn -0.0434 0.9952 0.0873
vn 0.0387 0.9992 0.0131
vn 0.0924 0.9868 -0.1329
vn 0.0518 0.9966 -0.0639
vn -0.0059 0.9971 0.0755
vn -0.0073 0.9967 0.0804
vn 0.0078 0.9977 0.0671
vn 0.0425 0.9983 0.0387
vn 0.0435 0.9943 0.0978
vn 0.0105 0.9912 0.1321
vn 0.0026 0.9709 0.2396
vn 0.0210 0.9721 0.2337
vn 0.0378 0.9963 0.0773
vn 0.0661 0.9961 0.0580
vn 0.0930 0.9854 -0.1423
vn 0.1002 0.9747 -0.1996
vn 0.0861 0.9934 -0.0754
vn 0.0577 0.9933 -0.0998
vn 0.0305 0.9948 -0.0976
vn 0.0123 0.9979 -0.0642
vn 0.0090 0.9998 0.0182
vn 0.0379 0.9912 0.1272
vn 0.1213 0.9887 0.0875
vn 0.1934 0.9804 -0.0375
vn 0.2694 0.9629 0.0176
vn 0.3227 0.9414 -0.0983
vn 0.2007 0.8943 -0.4000
vn -0.1590 0.9795 0.1240
vn -0.1346 0.9765 0.1682
vn -0.0685 0.9955 0.0648
vn -0.0473 0.9864 -0.1571
vn -0.0809 0.9741 -0.2110
vn -0.0994 0.9901 -0.0986
vn -0.0782 0.9928 -0.0904
vn -0.0575 0.9790 -0.1955
vn -0.0410 0.9825 -0.1816
vn -0.0223 0.9925 -0.1203
vn -0.0120 0.9971 -0.0752
vn -0.0059 0.9989 -0.0469
vn -0.0336 0.9971 -0.0681
vn -0.1347 0.9856 0.1020
vn -0.1996 0.9733 0.1131
vn -0.2564 0.9660 -0.0331
vn -0.2784 0.9604 0.0146
vn -0.2856 0.9553 -0.0762
vn -0.4832 0.8576 -0.1763
vn -0.4026 0.9004 -0.1650
vn -0.2638 0.9645 0.0142
vn -0.3463 0.9217 0.1746
vn -0.5452 0.8103 0.2147
vn -0.3348 0.9334 0.1294
vn -0.2967 0.9531 0.0589
vn -0.2433 0.9663 -0.0844
vn -0.2520 0.9657 -0.0621
vn -0.1120 0.9871 0.1147
vn -0.0436 0.9935 0.1053
vn -0.0155 0.9966 0.0812
vn 0.0014 0.9975 0.0708
vn 0.0172 0.9957 0.0909
vn 0.0533 0.9863 0.1562
vn 0.0995 0.9560 0.2761
vn 0.0772 0.9697 0.2316
vn 0.0626 0.9913 0.1155
vn 0.1251 0.9865 0.1059
vn 0.2690 0.9613 -0.0598
vn 0.2877 0.9211 -0.2623
vn 0.2052 0.9644 -0.1670
vn 0.1059 0.9820 -0.1561
vn 0.0456 0.9896 -0.1367
vn 0.0101 0.9964 -0.0842
vn 0.0018 0.9998 0.0217
vn 0.0333 0.9811 0.1908
vn 0.0396 0.9920 0.1198
vn 0.0025 0.9994 -0.0349
vn -0.0283 0.9955 0.0901
vn -0.0752 0.9952 -0.0619
vn -0.0828 0.8006 -0.5934
vn -0.1121 0.9891 0.0960
vn -0.0673 0.9749 0.2124
vn 0.0191 0.9943 0.1051
vn 0.1515 0.9825 -0.1085
vn 0.0710 0.9484 -0.3091
vn -0.1171 0.9840 -0.1341
vn -0.1657 0.9848 -0.0516
vn -0.1245 0.9806 -0.1514
vn -0.0718 0.9867 -0.1462
vn -0.0396 0.9941 -0.1011
vn -0.0214 0.9976 -0.0653
vn -0.0114 0.9991 -0.0407
vn 0.0005 0.9957 -0.0923
vn -0.0358 0.9993 0.0129
vn -0.1840 0.9826 0.0272
vn -0.0730 0.9865 -0.1463
vn -0.0912 0.9956 0.0212
vn -0.0520 0.9959 0.0734
vn 0.0685 0.9931 -0.0955
vn 0.0691 0.9958 -0.0596
vn 0.1515 0.9880 0.0306
vn 0.1351 0.9893 0.0547
vn 0.0213 0.9962 0.0847
vn -0.0133 0.9964 0.0837
vn -0.0665 0.9956 0.0661
vn -0.1062 0.9931 0.0496
vn -0.1617 0.9865 0.0247
vn -0.2425 0.9614 0.1299
vn -0.1957 0.9688 0.1522
vn -0.1171 0.9854 0.1238
vn -0.0523 0.9927 0.1086
vn -0.0273 0.9955 0.0904
vn 0.0306 0.9752 0.2190
vn 0.1038 0.9489 0.2979
vn 0.0776 0.9778 0.1949
vn 0.0959 0.9785 0.1828
vn 0.2129 0.9558 0.2027
vn 0.3948 0.9174 0.0495
vn 0.4606 0.8448 -0.2724
vn 0.3686 0.8539 -0.3674
vn 0.1793 0.9450 -0.2735
vn 0.0646 0.9761 -0.2077
vn 0.0021 0.9927 -0.1203
vn -0.0424 0.9991 0.0006
vn -0.1278 0.9763 0.1745
vn -0.2685 0.9529 0.1409
vn -0.3536 0.9334 -0.0612
vn -0.4524 0.8917 -0.0153
vn -0.5457 0.8292 -0.1210
vn -0.3788 0.8228 -0.4237
vn -0.0788 0.9877 0.1352
vn -0.0562 0.9655 0.2543
vn 0.0165 0.9853 0.1698
vn 0.0098 0.9950 -0.0996
vn 0.0106 0.9635 -0.2675
vn -0.0922 0.9678 -0.2344
vn -0.1277 0.9903 -0.0552
vn -0.1123 0.9901 -0.0841
vn -0.0671 0.9917 -0.1101
vn -0.0420 0.9960 -0.0786
vn -0.0253 0.9983 -0.0528
vn -0.0148 0.9994 -0.0326
vn 0.0235 0.9986 -0.0467
vn 0.0744 0.9969 -0.0267
vn 0.1345 0.9909 -0.0056
vn 0.2636 0.9626 -0.0628
vn 0.4510 0.8901 0.0655
vn 0.5824 0.7841 0.2143
vn 0.5803 0.8121 -0.0610
vn 0.3599 0.9297 -0.0786
vn 0.2250 0.9744 -0.0010
vn 0.2064 0.9784 -0.0062
vn 0.2228 0.9749 0.0024
vn 0.2364 0.9716 0.0047
vn 0.2916 0.9563 0.0204
vn 0.2531 0.9651 0.0680
vn 0.1852 0.9823 0.0281
vn 0.0750 0.9958 0.0526
vn -0.0117 0.9929 0.1185
vn -0.1881 0.9726 0.1363
vn -0.1972 0.9712 0.1335
vn -0.1797 0.9799 0.0870
vn -0.2180 0.9463 0.2386
vn -0.1480 0.9263 0.3465
vn -0.0247 0.9726 0.2312
vn 0.1049 0.9566 0.2720
vn 0.2694 0.8974 0.3494
vn 0.5104 0.8502 0.1294
vn 0.5532 0.7594 -0.3426
vn 0.4047 0.7057 -0.5815
vn 0.2251 0.8535 -0.4699
vn 0.0603 0.9501 -0.3060
vn -0.0107 0.9856 -0.1685
vn -0.0595 0.9967 -0.0557
vn -0.1434 0.9886 0.0456
vn -0.2769 0.9600 0.0415
vn -0.3366 0.9386 -0.0755
vn -0.3341 0.9391 -0.0803
vn -0.3309 0.9336 -0.1373
vn -0.2333 0.9472 -0.2199
vn 0.0197 0.9639 0.2655
vn 0.0735 0.9376 0.3398
vn 0.0233 0.9978 0.0620
vn -0.1013 0.9833 -0.1513
vn -0.2291 0.8991 -0.3731
vn -0.0853 0.9559 -0.2810
vn -0.0294 0.9971 -0.0697
vn -0.0179 0.9990 -0.0400
vn -0.0115 0.9950 -0.0993
vn -0.0222 0.9969 -0.0755
vn -0.0238 0.9988 -0.0417
vn -0.0156 0.9996 -0.0250
vn -0.0083 0.9999 -0.0090
vn 0.0126 0.9999 0.0003
vn 0.0457 0.9981 0.0413
vn 0.1228 0.9898 0.0716
vn 0.2852 0.9204 0.2676
vn 0.3715 0.9082 0.1928
vn 0.4015 0.8986 -0.1771
vn 0.2986 0.9376 -0.1781
vn 0.1656 0.9815 -0.0956
vn 0.1071 0.9942 0.0024
vn 0.1417 0.9871 0.0741
vn 0.1671 0.9853 -0.0364
vn 0.1116 0.9933 -0.0308
vn 0.0903 0.9949 0.0456
vn 0.1169 0.9927 0.0283
vn 0.1514 0.9883 0.0183
vn 0.1530 0.9882 -0.0022
vn 0.0768 0.9960 0.0459
vn -0.0194 0.9913 0.1303
vn -0.0396 0.9932 0.1095
vn -0.0408 0.9868 0.1565
vn -0.1452 0.9289 0.3406
vn -0.2591 0.9168 0.3040
vn -0.1651 0.9319 0.3229
vn -0.0576 0.8857 0.4607
vn 0.1317 0.9790 0.1554
vn 0.1987 0.9557 -0.2173
vn 0.3537 0.6259 -0.6951
vn 0.2645 0.7438 -0.6139
vn 0.1988 0.9076 -0.3697
vn 0.0968 0.9599 -0.2632
vn -0.0019 0.9899 -0.1417
vn -0.0658 0.9969 -0.0426
vn -0.1009 0.9939 -0.0443
vn -0.1222 0.9891 -0.0820
vn -0.1279 0.9864 -0.1032
vn -0.1232 0.9852 -0.1195
vn -0.0971 0.9865 -0.1317
vn 0.1387 0.9030 0.4067
vn 0.1558 0.8813 0.4461
vn -0.0629 0.9964 0.0567
vn -0.2856 0.8967 -0.3382
vn -0.2442 0.9317 -0.2690
vn -0.1405 0.9679 -0.2082
vn -0.0758 0.9948 -0.0675
vn -0.0610 0.9977 -0.0294
vn -0.0637 0.9933 -0.0959
vn -0.0561 0.9956 -0.0755
vn -0.0446 0.9984 -0.0337
vn -0.0381 0.9991 -0.0186
vn -0.0326 0.9995 -0.0033
vn -0.0301 0.9994 0.0169
vn -0.0281 0.9980 0.0567
vn -0.0140 0.9908 0.1347
vn 0.0131 0.9347 0.3551
vn 0.0410 0.9913 0.1250
vn 0.0622 0.9856 -0.1574
vn 0.1369 0.9642 -0.2269
vn 0.2639 0.9575 -0.1167
vn 0.3020 0.9533 -0.0069
vn 0.2570 0.9646 0.0586
vn 0.1393 0.9847 -0.1050
vn 0.0365 0.9952 -0.0911
vn -0.0204 0.9986 0.0483
vn -0.0230 0.9984 0.0516
vn -0.0157 0.9990 0.0422
vn 0.0301 0.9995 0.0028
vn 0.1006 0.9948 0.0180
vn 0.1117 0.9885 0.1020
vn 0.1078 0.9872 0.1179
vn 0.0709 0.9906 0.1171
vn -0.0389 0.9747 0.2201
vn -0.1649 0.9408 0.2962
vn -0.2775 0.9140 0.2961
vn -0.3351 0.8554 0.3948
vn -0.3875 0.8847 0.2592
vn -0.2436 0.9617 -0.1257
vn -0.1843 0.8206 -0.5409
vn -0.0209 0.8327 -0.5533
vn 0.0830 0.9120 -0.4018
vn 0.1158 0.9299 -0.3490
vn 0.0306 0.9773 -0.2096
vn 0.0142 0.9984 -0.0542
vn 0.0274 0.9975 -0.0653
vn 0.0209 0.9948 -0.0994
vn -0.0000 0.9926 -0.1218
vn -0.0199 0.9921 -0.1236
vn -0.0280 0.9931 -0.1137
vn 0.0833 0.8684 0.4889
vn -0.1198 0.9678 0.2212
vn -0.1885 0.9702 -0.1523
vn -0.1936 0.9280 -0.3185
vn -0.1881 0.9628 -0.1942
vn -0.1941 0.9671 -0.1647
vn -0.2472 0.9645 -0.0926
vn -0.2425 0.9701 0.0014
vn -0.1498 0.9884 -0.0249
vn -0.0689 0.9966 -0.0452
vn -0.0428 0.9988 -0.0248
vn -0.0349 0.9993 -0.0131
vn -0.0336 0.9994 -0.0021
vn -0.0380 0.9992 0.0132
vn -0.0522 0.9976 0.0457
vn -0.0884 0.9898 0.1115
vn -0.1972 0.9415 0.2733
vn -0.2767 0.9472 0.1620
vn -0.2930 0.9514 -0.0950
vn -0.2343 0.9695 -0.0724
vn -0.0472 0.9973 0.0566
vn 0.0419 0.9991 -0.0103
vn 0.0266 0.9993 -0.0279
vn -0.0189 0.9904 -0.1367
vn -0.0222 0.9913 -0.1296
vn -0.0217 0.9988 0.0445
vn -0.0256 0.9985 0.0489
vn -0.0267 0.9984 0.0506
vn -0.0200 0.9988 0.0436
vn -0.0087 0.9989 0.0467
vn -0.0106 0.9964 0.0844
vn -0.0348 0.9943 0.1010
vn -0.0560 0.9955 0.0767
vn -0.0590 0.9898 0.1294
vn -0.0717 0.9705 0.2301
vn -0.1129 0.9532 0.2803
vn -0.2339 0.9158 0.3264
vn -0.4197 0.8775 0.2322
vn -0.4866 0.8733 0.0235
vn -0.3769 0.9076 -0.1848
vn -0.2747 0.8809 -0.3854
vn -0.2040 0.9272 -0.3140
vn -0.1847 0.9136 -0.3623
vn -0.0206 0.9882 -0.1520
vn 0.0976 0.9952 -0.0067
vn 0.1513 0.9872 -0.0512
vn 0.1476 0.9801 -0.1327
vn 0.0942 0.9807 -0.1714
vn 0.0396 0.9867 -0.1574
vn 0.0066 0.9919 -0.1265
vn -0.1727 0.9360 0.3067
vn -0.2927 0.9423 0.1626
vn -0.2706 0.9499 -0.1563
vn -0.3150 0.8658 -0.3887
vn -0.3170 0.9337 -0.1667
vn -0.3009 0.9409 -0.1552
vn -0.3023 0.9462 -0.1152
vn -0.2860 0.9570 0.0484
vn -0.2353 0.9710 0.0430
vn -0.2019 0.9794 -0.0095
vn -0.1409 0.9893 0.0373
vn -0.0498 0.9984 0.0282
vn -0.0123 0.9999 -0.0032
vn -0.0154 0.9999 0.0072
vn -0.0305 0.9993 0.0232
vn -0.0729 0.9958 0.0551
vn -0.1616 0.9818 0.0995
vn -0.2802 0.9544 0.1030
vn -0.3689 0.9294 0.0109
vn -0.3032 0.9494 0.0820
vn -0.2655 0.9416 0.2068
vn -0.1718 0.9833 0.0597
vn -0.0645 0.9975 -0.0292
vn -0.0196 0.9901 -0.1387
vn -0.0230 0.9909 -0.1323
vn -0.0222 0.9989 0.0407
vn -0.0260 0.9987 0.0449
vn -0.0302 0.9983 0.0491
vn -0.0313 0.9982 0.0504
vn -0.0265 0.9982 0.0545
vn -0.0266 0.9971 0.0717
vn -0.0353 0.9960 0.0819
vn -0.0291 0.9961 0.0836
vn -0.0073 0.9898 0.1426
vn -0.0050 0.9761 0.2172
vn -0.0390 0.9721 0.2315
vn -0.1300 0.9709 0.2013
vn -0.3005 0.9495 0.0907
vn -0.3448 0.9319 0.1122
vn -0.3518 0.9359 -0.0171
vn -0.2459 0.9403 -0.2351
vn -0.2111 0.9303 -0.3000
vn -0.1253 0.9699 -0.2089
vn 0.0157 0.9998 0.0153
vn 0.1692 0.9816 0.0882
vn 0.2700 0.9628 -0.0119
vn 0.2664 0.9429 -0.1998
vn 0.1642 0.9494 -0.2678
vn 0.0717 0.9730 -0.2192
vn 0.0220 0.9876 -0.1551
vn -0.2354 0.9713 -0.0328
vn -0.4007 0.9133 -0.0733
vn -0.5433 0.8088 -0.2253
vn -0.3702 0.8960 -0.2455
vn -0.2492 0.9636 -0.0964
vn -0.1963 0.9757 -0.0973
vn -0.1424 0.9866 -0.0791
vn -0.1446 0.9895 0.0086
vn -0.2050 0.9784 0.0253
vn -0.2268 0.9739 0.0118
vn -0.2702 0.9574 0.1022
vn -0.1696 0.9774 0.1259
vn -0.0653 0.9970 0.0421
vn -0.0192 0.9998 0.0054
vn -0.0192 0.9998 0.0099
vn -0.0286 0.9994 0.0170
vn -0.0492 0.9986 0.0189
vn -0.0322 0.9964 0.0781
vn 0.0374 0.9951 0.0915
vn 0.0748 0.9946 0.0723
vn -0.0243 0.9911 0.1309
vn -0.1986 0.9770 0.0777
vn -0.2012 0.9793 0.0223
vn -0.1694 0.9790 -0.1131
vn -0.0761 0.9920 -0.1004
vn -0.0218 0.9991 0.0370
vn -0.0257 0.9988 0.0408
vn -0.0299 0.9986 0.0447
vn -0.0342 0.9982 0.0492
vn -0.0380 0.9977 0.0557
vn -0.0401 0.9970 0.0663
vn -0.0347 0.9960 0.0822
vn -0.0140 0.9941 0.1079
vn 0.0212 0.9855 0.1683
vn 0.0750 0.9682 0.2388
vn 0.1262 0.9624 0.2407
vn 0.1228 0.9856 0.1161
vn -0.0236 0.9968 -0.0770
vn -0.1171 0.9926 0.0308
vn -0.1839 0.9822 0.0396
vn -0.2194 0.9559 -0.1954
vn -0.2301 0.9298 -0.2871
vn -0.0834 0.9937 -0.0748
vn 0.0528 0.9876 0.1480
vn 0.1546 0.9686 0.1947
vn 0.2109 0.9774 0.0120
vn 0.2248 0.9359 -0.2712
vn 0.1387 0.9101 -0.3904
vn 0.0570 0.9563 -0.2869
vn 0.0189 0.9826 -0.1849
vn -0.2613 0.9321 -0.2507
vn -0.2415 0.9458 -0.2170
vn -0.1325 0.9557 -0.2630
vn -0.0830 0.9813 -0.1738
vn -0.0622 0.9940 -0.0899
vn -0.0687 0.9955 -0.0654
vn -0.0628 0.9970 -0.0446
vn -0.0625 0.9976 -0.0301
vn -0.0673 0.9977 -0.0066
vn -0.0693 0.9976 0.0084
vn -0.1136 0.9926 0.0428
vn -0.2113 0.9676 0.1383
vn -0.2263 0.9678 0.1102
vn -0.1491 0.9870 0.0599
vn -0.0633 0.9969 0.0463
vn -0.0253 0.9996 0.0089
vn -0.0300 0.9995 0.0019
vn 0.0154 0.9905 0.1366
vn 0.1127 0.9834 0.1424
vn 0.1286 0.9914 0.0251
vn 0.1607 0.9862 0.0389
vn -0.0002 0.9970 -0.0772
vn -0.1694 0.9840 -0.0552
vn -0.1684 0.9855 -0.0218
vn -0.0689 0.9975 -0.0175
vn -0.0210 0.9992 0.0337
vn -0.0245 0.9990 0.0367
vn -0.0286 0.9988 0.0403
vn -0.0328 0.9985 0.0449
vn -0.0367 0.9980 0.0520
vn -0.0388 0.9971 0.0647
vn -0.0362 0.9953 0.0893
vn -0.0174 0.9909 0.1336
vn 0.0335 0.9758 0.2161
vn 0.1337 0.9388 0.3176
vn 0.2965 0.8987 0.3232
vn 0.4527 0.8913 0.0269
vn 0.2683 0.9100 -0.3162
vn -0.0453 0.9923 -0.1154
vn -0.1760 0.9836 0.0396
vn -0.1866 0.9709 -0.1500
vn -0.0518 0.9688 -0.2422
vn -0.0244 0.9997 -0.0099
vn 0.0093 0.9791 0.2030
vn 0.0192 0.9715 0.2363
vn 0.0025 1.0000 0.0034
vn -0.0152 0.9570 -0.2896
vn -0.0075 0.9010 -0.4337
vn 0.0085 0.9497 -0.3131
vn 0.0094 0.9796 -0.2009
vn -0.0954 0.9814 -0.1668
vn -0.0550 0.9818 -0.1817
vn -0.0102 0.9743 -0.2252
vn -0.0529 0.9844 -0.1680
vn -0.0812 0.9921 -0.0955
vn -0.0843 0.9941 -0.0682
vn -0.0890 0.9952 -0.0410
vn -0.0898 0.9954 -0.0334
vn -0.0821 0.9966 0.0003
vn -0.0596 0.9980 0.0209
vn -0.0296 0.9995 0.0073
vn -0.0639 0.9972 0.0396
vn -0.1522 0.9837 0.0959
vn -0.2017 0.9646 0.1696
vn -0.1010 0.9883 0.1142
vn -0.0574 0.9983 0.0094
vn -0.0579 0.9983 -0.0043
vn -0.1157 0.9861 0.1190
vn -0.1616 0.9645 0.2087
vn -0.0601 0.9910 0.1194
vn 0.1304 0.9828 0.1306
vn 0.2263 0.9715 -0.0699
vn 0.1271 0.9754 -0.1800
vn 0.0059 0.9999 -0.0110
vn -0.0326 0.9988 0.0352
vn -0.0256 0.9991 0.0344
vn -0.0242 0.9991 0.0338
vn -0.0276 0.9990 0.0357
vn -0.0320 0.9987 0.0406
vn -0.0357 0.9982 0.0482
vn -0.0389 0.9973 0.0620
vn -0.0400 0.9951 0.0904
vn -0.0341 0.9883 0.1484
vn -0.0089 0.9670 0.2548
vn 0.0629 0.9127 0.4037
vn 0.1998 0.8891 0.4119
vn 0.1703 0.9851 -0.0241
vn 0.2096 0.8086 -0.5497
vn -0.0381 0.9428 -0.3310
vn -0.0426 0.9990 -0.0101
vn -0.0237 0.9996 -0.0152
vn 0.0326 0.9790 -0.2011
vn 0.0369 0.9991 -0.0214
vn 0.0058 0.9755 0.2199
vn -0.0070 0.9766 0.2150
vn -0.0624 0.9980 -0.0060
vn -0.0763 0.9508 -0.3003
vn -0.0289 0.9221 -0.3858
vn 0.0117 0.9547 -0.2972
vn 0.0231 0.9783 -0.2059
vn -0.0041 0.9900 -0.1411
vn -0.0435 0.9859 -0.1615
vn -0.0963 0.9649 -0.2442
vn -0.0805 0.9820 -0.1707
vn -0.0567 0.9944 -0.0892
vn -0.0509 0.9959 -0.0751
vn -0.0684 0.9958 -0.0601
vn -0.0866 0.9956 -0.0349
vn -0.0912 0.9958 0.0048
vn -0.0905 0.9952 0.0379
vn -0.0849 0.9962 0.0199
vn -0.0774 0.9970 -0.0008
vn -0.0853 0.9955 0.0405
vn -0.1507 0.9770 0.1508
vn -0.2032 0.9692 0.1389
vn -0.2111 0.9773 0.0193
vn -0.1981 0.9802 0.0005
vn -0.2480 0.9678 0.0431
vn -0.3665 0.9165 0.1605
vn -0.3354 0.9006 0.2765
vn -0.2134 0.9536 0.2124
vn -0.1967 0.9779 -0.0710
vn -0.2436 0.9322 -0.2677
vn -0.0835 0.9954 -0.0473
vn -0.0601 0.9969 0.0502
vn -0.0450 0.9981 0.0409
vn -0.0404 0.9986 0.0329
vn -0.0427 0.9986 0.0305
vn -0.0467 0.9982 0.0367
vn -0.0477 0.9978 0.0463
vn -0.0468 0.9971 0.0600
vn -0.0489 0.9951 0.0860
vn -0.0588 0.9883 0.1406
vn -0.0822 0.9671 0.2409
vn -0.1338 0.9188 0.3713
vn -0.2311 0.9027 0.3631
vn -0.1873 0.9821 -0.0199
vn -0.3427 0.8092 -0.4772
vn -0.1253 0.9681 -0.2169
vn -0.0141 0.9998 0.0129
vn -0.0312 0.9994 -0.0112
vn -0.0588 0.9881 -0.1422
vn -0.0062 0.9995 -0.0325
vn 0.0558 0.9658 0.2532
vn 0.1188 0.9680 0.2209
vn 0.1661 0.9855 -0.0349
vn 0.1206 0.9365 -0.3293
vn 0.0930 0.9258 -0.3663
vn 0.0916 0.9534 -0.2875
vn 0.0789 0.9716 -0.2230
vn 0.1345 0.9608 -0.2423
vn 0.0872 0.9677 -0.2364
vn 0.0294 0.9597 -0.2796
vn -0.0087 0.9841 -0.1776
vn -0.0179 0.9965 -0.0823
vn -0.0217 0.9964 -0.0815
vn -0.0248 0.9968 -0.0756
vn -0.0386 0.9978 -0.0537
vn -0.0661 0.9977 -0.0113
vn -0.0996 0.9949 0.0188
vn -0.1286 0.9916 0.0094
vn -0.1227 0.9921 0.0256
vn -0.0855 0.9951 0.0505
vn -0.0766 0.9937 0.0817
vn -0.1187 0.9880 0.0985
vn -0.1548 0.9867 0.0504
vn -0.1385 0.9901 0.0223
vn -0.1246 0.9921 0.0119
vn -0.1357 0.9891 0.0569
vn -0.2080 0.9692 0.1320
vn -0.1846 0.9799 0.0759
vn -0.3036 0.9522 0.0352
vn -0.3492 0.9370 -0.0118
vn -0.2325 0.9724 0.0173
vn -0.1392 0.9863 0.0888
vn -0.0931 0.9935 0.0650
vn -0.0729 0.9968 0.0337
vn -0.0731 0.9970 0.0265
vn -0.0749 0.9966 0.0334
vn -0.0737 0.9961 0.0480
vn -0.0681 0.9957 0.0629
vn -0.0651 0.9946 0.0813
vn -0.0782 0.9901 0.1166
vn -0.1241 0.9755 0.1815
vn -0.2184 0.9424 0.2534
vn -0.3595 0.9023 0.2379
vn -0.4953 0.8687 0.0003
vn -0.4523 0.8481 -0.2760
vn -0.3418 0.9385 -0.0491
vn -0.2218 0.9712 0.0868
vn -0.1325 0.9908 0.0258
vn -0.0065 0.9975 -0.0705
vn 0.0900 0.9959 -0.0055
vn 0.1283 0.9569 0.2606
vn 0.1828 0.9449 0.2715
vn 0.2390 0.9701 -0.0434
vn 0.2330 0.8840 -0.4052
vn 0.1893 0.9130 -0.3613
vn 0.1998 0.9386 -0.2812
vn 0.1685 0.9462 -0.2762
vn 0.0755 0.9633 -0.2575
vn 0.1178 0.9636 -0.2399
vn 0.1314 0.9407 -0.3129
vn 0.0318 0.9756 -0.2171
vn -0.0070 0.9960 -0.0886
vn -0.0089 0.9966 -0.0824
vn -0.0075 0.9970 -0.0767
vn -0.0084 0.9976 -0.0683
vn -0.0247 0.9987 -0.0437
vn -0.0518 0.9986 -0.0145
vn -0.0582 0.9983 0.0045
vn -0.0408 0.9977 0.0533
vn -0.0117 0.9958 0.0910
vn 0.0264 0.9965 0.0796
vn 0.0542 0.9956 0.0762
vn 0.0697 0.9952 0.0689
vn 0.0769 0.9965 0.0339
vn 0.0724 0.9972 0.0160
vn 0.0628 0.9976 0.0276
vn 0.0540 0.9980 0.0336
vn 0.0424 0.9984 0.0369
vn 0.0040 0.9992 0.0399
vn -0.0565 0.9977 0.0375
vn -0.1024 0.9932 0.0557
vn -0.1372 0.9844 0.1104
vn -0.1345 0.9855 0.1032
vn -0.1048 0.9934 0.0466
vn -0.0925 0.9954 0.0260
vn -0.0920 0.9953 0.0316
vn -0.0907 0.9946 0.0508
vn -0.0861 0.9939 0.0687
vn -0.0810 0.9934 0.0818
vn -0.0867 0.9917 0.0951
vn -0.1216 0.9855 0.1181
vn -0.1984 0.9699 0.1409
vn -0.3050 0.9450 0.1179
vn -0.3868 0.9222 0.0004
vn -0.3599 0.9247 -0.1241
vn -0.3098 0.9491 -0.0563
vn -0.3045 0.9472 0.1009
vn -0.2387 0.9536 0.1836
vn -0.0611 0.9939 0.0918
vn 0.0210 0.9997 0.0102
vn -0.0194 0.9846 0.1740
vn -0.0805 0.9507 0.2994
vn -0.0551 0.9979 -0.0332
vn -0.1027 0.9206 -0.3767
vn 0.0657 0.9725 -0.2233
vn 0.1948 0.9647 -0.1773
vn 0.2056 0.9095 -0.3611
vn 0.0020 0.9836 -0.1801
vn 0.0342 0.9842 -0.1739
vn 0.0635 0.9514 -0.3015
vn 0.0322 0.9651 -0.2597
vn 0.0169 0.9952 -0.0969
vn 0.0126 0.9965 -0.0831
vn 0.0120 0.9970 -0.0759
vn 0.0112 0.9974 -0.0710
vn 0.0107 0.9982 -0.0591
vn 0.0097 0.9995 -0.0299
vn 0.0125 0.9998 0.0158
vn 0.0261 0.9969 0.0746
vn 0.0392 0.9927 0.1138
vn 0.0528 0.9924 0.1112
vn 0.0829 0.9908 0.1069
vn 0.1175 0.9888 0.0918
vn 0.1356 0.9900 0.0382
vn 0.1351 0.9908 0.0090
vn 0.1237 0.9922 0.0147
vn 0.1024 0.9946 0.0177
vn 0.0794 0.9966 0.0209
vn 0.0659 0.9978 0.0086
vn 0.0618 0.9981 0.0043
vn 0.0465 0.9986 0.0261
vn 0.0020 0.9977 0.0681
vn -0.0638 0.9936 0.0935
vn -0.1102 0.9925 0.0524
vn -0.1248 0.9920 0.0181
vn -0.1228 0.9916 0.0399
vn -0.1000 0.9929 0.0646
vn -0.0850 0.9937 0.0737
vn -0.0812 0.9931 0.0851
vn -0.0827 0.9930 0.0843
vn -0.1037 0.9920 0.0726
vn -0.1544 0.9863 0.0587
vn -0.2200 0.9749 0.0346
vn -0.2637 0.9645 -0.0115
vn -0.2573 0.9651 -0.0493
vn -0.2135 0.9759 -0.0454
vn -0.2065 0.9777 0.0381
vn -0.2697 0.9425 0.1972
vn -0.3210 0.9236 0.2094
vn -0.2558 0.9662 0.0326
vn -0.2838 0.9538 0.0987
vn -0.3246 0.9097 0.2591
vn -0.4086 0.9127 0.0077
vn -0.3553 0.9234 -0.1454
vn -0.1851 0.9819 0.0406
vn -0.0952 0.9938 -0.0571
vn -0.0755 0.9173 -0.3911
vn -0.1426 0.9812 -0.1301
vn -0.1568 0.9787 -0.1323
vn -0.1334 0.9595 -0.2479
vn 0.0216 0.9731 -0.2295
vn 0.0775 0.9925 -0.0942
vn 0.0718 0.9926 -0.0978
vn 0.0463 0.9950 -0.0884
vn 0.0326 0.9967 -0.0740
vn 0.0347 0.9979 -0.0541
vn 0.0411 0.9987 -0.0288
vn 0.0484 0.9985 0.0245
vn 0.0619 0.9936 0.0944
vn 0.0767 0.9894 0.1233
vn 0.0891 0.9875 0.1299
vn 0.1025 0.9855 0.1353
vn 0.1097 0.9882 0.1072
vn 0.1152 0.9922 0.0470
vn 0.1234 0.9923 0.0114
vn 0.1225 0.9925 -0.0008
vn 0.1094 0.9940 -0.0042
vn 0.0915 0.9958 -0.0012
vn 0.0764 0.9971 0.0007
vn 0.0734 0.9973 0.0053
vn 0.0771 0.9969 0.0133
vn 0.0681 0.9974 0.0243
vn 0.0288 0.9990 0.0328
vn -0.0268 0.9995 0.0186
vn -0.0633 0.9980 -0.0006
vn -0.0793 0.9961 0.0391
vn -0.0968 0.9927 0.0725
vn -0.0930 0.9921 0.0839
vn -0.0740 0.9925 0.0972
vn -0.0671 0.9947 0.0782
vn -0.0835 0.9956 0.0430
vn -0.1164 0.9932 0.0061
vn -0.1545 0.9879 -0.0142
vn -0.1796 0.9834 -0.0258
vn -0.1825 0.9829 -0.0256
vn -0.1672 0.9859 -0.0078
vn -0.1457 0.9890 0.0237
vn -0.1659 0.9810 0.1004
vn -0.2450 0.9568 0.1566
vn -0.2999 0.9484 0.1027
vn -0.2912 0.9503 0.1104
vn -0.3236 0.9330 0.1572
vn -0.4068 0.9124 0.0444
vn -0.3882 0.9215 0.0113
vn -0.3878 0.9156 0.1065
vn -0.4331 0.9011 -0.0214
vn -0.3900 0.8590 -0.3318
vn -0.1450 0.9811 -0.1282
vn -0.1264 0.9838 -0.1272
vn -0.0559 0.9828 -0.1760
vn 0.0539 0.9882 -0.1435
vn 0.1100 0.9908 -0.0792
vn 0.1215 0.9869 -0.1058
vn 0.1183 0.9872 -0.1068
vn 0.0988 0.9912 -0.0876
vn 0.0763 0.9953 -0.0590
vn 0.0704 0.9972 -0.0236
vn 0.0735 0.9968 0.0300
vn 0.0749 0.9918 0.1038
vn 0.0769 0.9884 0.1313
vn 0.0847 0.9862 0.1424
vn 0.0888 0.9860 0.1408
vn 0.0827 0.9912 0.1031
vn 0.0781 0.9956 0.0524
vn 0.0781 0.9968 0.0151
vn 0.0783 0.9969 -0.0069
vn 0.0780 0.9969 -0.0140
vn 0.0775 0.9969 -0.0120
vn 0.0784 0.9969 -0.0037
vn 0.0807 0.9967 0.0088
vn 0.0783 0.9969 0.0109
vn 0.0668 0.9978 0.0041
vn 0.0513 0.9987 -0.0053
vn 0.0352 0.9992 -0.0164
vn 0.0250 0.9996 -0.0118
vn 0.0119 0.9997 0.0217
vn -0.0203 0.9988 0.0455
vn -0.0487 0.9955 0.0808
vn -0.0549 0.9920 0.1133
vn -0.0496 0.9958 0.0764
vn -0.0594 0.9980 0.0217
vn -0.0820 0.9963 -0.0250
vn -0.1049 0.9936 -0.0424
vn -0.1214 0.9918 -0.0388
vn -0.1277 0.9916 -0.0222
vn -0.1244 0.9922 0.0054
vn -0.1161 0.9925 0.0377
vn -0.1094 0.9916 0.0689
vn -0.1114 0.9892 0.0948
vn -0.1296 0.9856 0.1090
vn -0.1708 0.9799 0.1032
vn -0.2286 0.9705 0.0762
vn -0.2736 0.9613 0.0314
vn -0.2904 0.9567 0.0180
vn -0.3237 0.9454 0.0378
vn -0.3731 0.9269 -0.0403
vn -0.3103 0.9334 -0.1802
vn 0.0471 0.9945 -0.0931
vn 0.0701 0.9921 -0.1044
vn 0.0984 0.9888 -0.1119
vn 0.1016 0.9905 -0.0927
vn 0.0985 0.9923 -0.0745
vn 0.1060 0.9902 -0.0913
vn 0.1296 0.9865 -0.1004
vn 0.1434 0.9846 -0.0996
vn 0.1551 0.9862 -0.0580
vn 0.1687 0.9856 -0.0153
vn 0.1655 0.9860 0.0212
vn 0.1471 0.9849 0.0911
vn 0.1193 0.9860 0.1167
vn 0.0861 0.9874 0.1325
vn 0.0658 0.9887 0.1346
vn 0.0647 0.9928 0.1009
vn 0.0725 0.9957 0.0570
vn 0.0776 0.9969 0.0148
vn 0.0779 0.9969 -0.0068
vn 0.0785 0.9968 -0.0140
vn 0.0792 0.9968 -0.0118
vn 0.0790 0.9969 -0.0033
vn 0.0760 0.9971 0.0072
vn 0.0702 0.9975 0.0035
vn 0.0595 0.9982 -0.0123
vn 0.0466 0.9987 -0.0195
vn 0.0371 0.9989 -0.0290
vn 0.0343 0.9993 -0.0133
vn 0.0389 0.9991 0.0138
vn 0.0405 0.9989 0.0222
vn 0.0212 0.9982 0.0554
vn -0.0082 0.9944 0.1049
vn -0.0214 0.9967 0.0787
vn -0.0303 0.9995 0.0045
vn -0.0470 0.9979 -0.0439
vn -0.0613 0.9964 -0.0593
vn -0.0719 0.9962 -0.0496
vn -0.0780 0.9966 -0.0255
vn -0.0792 0.9968 0.0083
vn -0.0770 0.9961 0.0426
vn -0.0753 0.9947 0.0698
vn -0.0787 0.9932 0.0859
vn -0.0904 0.9922 0.0857
vn -0.1118 0.9917 0.0635
vn -0.1382 0.9898 0.0337
vn -0.1601 0.9870 0.0111
vn -0.1742 0.9847 -0.0011
vn -0.1883 0.9821 -0.0103
vn -0.1932 0.9802 -0.0441
vn -0.1617 0.9830 -0.0875
vn -0.0163 0.9995 -0.0255
vn 0.0202 0.9988 -0.0448
vn 0.0822 0.9932 -0.0825
vn 0.1052 0.9904 -0.0900
vn 0.1008 0.9915 -0.0818
vn 0.0949 0.9920 -0.0834
vn 0.0942 0.9919 -0.0854
vn 0.1159 0.9900 -0.0801
vn 0.1552 0.9875 -0.0294
vn 0.1724 0.9850 0.0049
vn 0.1937 0.9810 0.0101
vn 0.1773 0.9823 0.0610
vn 0.1423 0.9864 0.0818
vn 0.1130 0.9883 0.1024
vn 0.0844 0.9894 0.1179
vn 0.0658 0.9929 0.0991
vn 0.0558 0.9969 0.0557
vn 0.0499 0.9987 0.0134
vn 0.0544 0.9985 -0.0010
vn 0.0653 0.9978 -0.0083
vn 0.0768 0.9970 -0.0052
vn 0.0852 0.9964 -0.0018
vn 0.0833 0.9965 0.0006
vn 0.0751 0.9972 -0.0040
vn 0.0712 0.9973 -0.0193
vn 0.0630 0.9974 -0.0338
vn 0.0479 0.9981 -0.0398
vn 0.0418 0.9991 -0.0123
vn 0.0428 0.9989 0.0175
vn 0.0436 0.9988 0.0208
vn 0.0433 0.9984 0.0356
vn 0.0354 0.9959 0.0838
vn 0.0177 0.9973 0.0712
vn 0.0008 1.0000 -0.0094
vn -0.0106 0.9984 -0.0556
vn -0.0176 0.9975 -0.0682
vn -0.0224 0.9981 -0.0567
vn -0.0261 0.9992 -0.0299
vn -0.0285 0.9996 0.0068
vn -0.0305 0.9986 0.0420
vn -0.0336 0.9972 0.0669
vn -0.0395 0.9962 0.0778
vn -0.0492 0.9962 0.0714
vn -0.0622 0.9971 0.0444
vn -0.0753 0.9971 0.0146
vn -0.0850 0.9964 -0.0013
vn -0.0870 0.9962 -0.0070
vn -0.0841 0.9963 -0.0193
vn -0.0819 0.9959 -0.0385
vn -0.0713 0.9962 -0.0506
vn 0.0434 0.9987 0.0263
vn 0.0681 0.9975 0.0184
vn 0.0920 0.9940 -0.0594
vn 0.0619 0.9917 -0.1130
vn 0.0413 0.9956 -0.0843
vn 0.0481 0.9957 -0.0793
vn 0.0652 0.9953 -0.0721
vn 0.0885 0.9949 -0.0478
vn 0.0955 0.9953 -0.0148
vn 0.1023 0.9944 0.0251
vn 0.1259 0.9918 0.0232
vn 0.1258 0.9915 0.0329
vn 0.1181 0.9905 0.0704
vn 0.1178 0.9894 0.0844
vn 0.0969 0.9914 0.0880
vn 0.0645 0.9950 0.0767
vn 0.0411 0.9982 0.0429
vn 0.0384 0.9991 0.0171
vn 0.0509 0.9986 0.0121
vn 0.0669 0.9978 0.0048
vn 0.0821 0.9966 0.0082
vn 0.0921 0.9957 0.0030
vn 0.0998 0.9950 0.0019
vn 0.1025 0.9947 -0.0103
vn 0.0921 0.9954 -0.0269
vn 0.0818 0.9957 -0.0444
vn 0.0764 0.9959 -0.0493
vn 0.0668 0.9976 -0.0186
vn 0.0529 0.9985 0.0105
vn 0.0490 0.9985 0.0247
vn 0.0599 0.9973 0.0418
vn 0.0636 0.9954 0.0721
vn 0.0463 0.9976 0.0510
vn 0.0305 0.9994 -0.0180
vn 0.0272 0.9978 -0.0603
vn 0.0267 0.9971 -0.0709
vn 0.0259 0.9979 -0.0599
vn 0.0242 0.9992 -0.0332
vn 0.0210 0.9998 0.0027
vn 0.0154 0.9992 0.0366
vn 0.0075 0.9982 0.0597
vn -0.0023 0.9977 0.0683
vn -0.0138 0.9981 0.0595
vn -0.0260 0.9991 0.0324
vn -0.0331 0.9994 0.0077
vn -0.0159 0.9998 0.0139
vn 0.0175 0.9998 0.0096
vn 0.0241 0.9993 -0.0270
vn 0.0022 0.9987 -0.0506
vn -0.0154 0.9988 -0.0459
vn 0.1070 0.9918 0.0705
vn 0.1095 0.9926 0.0530
vn 0.1342 0.9901 -0.0411
vn 0.1641 0.9809 -0.1042
vn 0.1864 0.9805 -0.0628
vn 0.2181 0.9742 -0.0577
vn 0.2239 0.9718 -0.0737
vn 0.2030 0.9763 -0.0749
vn 0.1630 0.9861 -0.0331
vn 0.1536 0.9874 0.0395
vn 0.1582 0.9869 0.0324
vn 0.1524 0.9881 0.0219
vn 0.1350 0.9893 0.0544
vn 0.0951 0.9937 0.0584
vn 0.0644 0.9960 0.0616
vn 0.0488 0.9974 0.0530
vn 0.0457 0.9982 0.0394
vn 0.0562 0.9980 0.0291
vn 0.0722 0.9970 0.0291
vn 0.0937 0.9953 0.0263
vn 0.1245 0.9914 0.0410
vn 0.1783 0.9833 0.0376
vn 0.2113 0.9774 0.0022
vn 0.1821 0.9820 -0.0512
vn 0.1161 0.9912 -0.0640
vn 0.0855 0.9951 -0.0489
vn 0.0901 0.9949 -0.0455
vn 0.0943 0.9951 -0.0279
vn 0.0878 0.9961 -0.0005
vn 0.0833 0.9961 0.0279
vn 0.0826 0.9954 0.0492
vn 0.0755 0.9953 0.0608
vn 0.1068 0.9908 0.0831
vn 0.2020 0.9788 0.0344
vn 0.2014 0.9731 -0.1115
vn 0.1120 0.9870 -0.1150
vn 0.0700 0.9955 -0.0631
vn 0.0654 0.9972 -0.0372
vn 0.0596 0.9982 -0.0037
vn 0.0512 0.9983 0.0274
vn 0.0399 0.9980 0.0486
vn 0.0265 0.9981 0.0555
vn 0.0115 0.9989 0.0458
vn 0.0098 0.9994 0.0335
vn 0.0366 0.9989 0.0292
vn 0.0748 0.9960 0.0487
vn 0.0925 0.9955 0.0217
vn 0.0743 0.9959 -0.0510
vn 0.0426 0.9958 -0.0806
vn 0.0177 0.9981 -0.0587
vn 0.0074 0.9980 0.0626
vn 0.0062 0.9983 0.0575
vn 0.0555 0.9981 0.0274
vn 0.1247 0.9922 -0.0011
vn 0.1636 0.9865 0.0012
vn 0.1721 0.9851 0.0023
vn 0.2274 0.9726 -0.0483
vn 0.3834 0.9173 -0.1078
vn 0.3591 0.9321 -0.0475
vn 0.3423 0.9391 0.0312
vn 0.3257 0.9452 0.0249
vn 0.3196 0.9474 0.0178
vn 0.3030 0.9528 0.0214
vn 0.2365 0.9715 0.0124
vn 0.1882 0.9820 0.0140
vn 0.1431 0.9893 0.0270
vn 0.1228 0.9917 0.0389
vn 0.1300 0.9903 0.0482
vn 0.1808 0.9794 0.0902
vn 0.2806 0.9536 0.1093
vn 0.3537 0.9313 0.0869
vn 0.4404 0.8978 0.0092
vn 0.3501 0.9297 -0.1147
vn 0.2247 0.9615 -0.1584
vn 0.1189 0.9850 -0.1249
vn 0.0797 0.9952 -0.0570
vn 0.0742 0.9965 -0.0384
vn 0.0808 0.9964 -0.0238
vn 0.0899 0.9959 -0.0019
vn 0.0897 0.9957 0.0238
vn 0.0811 0.9958 0.0433
vn 0.1166 0.9885 0.0962
vn 0.2274 0.9539 0.1961
vn 0.3337 0.9370 0.1037
vn 0.3076 0.9336 -0.1839
vn 0.1834 0.9617 -0.2038
vn 0.1107 0.9910 -0.0758
vn 0.0942 0.9945 -0.0462
vn 0.0828 0.9965 -0.0128
vn 0.0717 0.9973 0.0158
vn 0.0581 0.9977 0.0343
vn 0.0478 0.9978 0.0454
vn 0.0559 0.9971 0.0509
vn 0.0817 0.9951 0.0561
vn 0.1083 0.9923 0.0593
vn 0.0952 0.9942 0.0493
vn 0.0508 0.9987 -0.0093
vn 0.0175 0.9972 -0.0730
vn 0.0215 0.9961 -0.0859
vn 0.0379 0.9974 -0.0619
vn 0.0155 0.9982 0.0571
vn 0.0293 0.9971 0.0704
vn 0.0338 0.9972 0.0672
vn 0.0083 0.9995 0.0299
vn 0.0182 0.9987 0.0484
vn 0.0770 0.9956 0.0534
vn 0.1276 0.9915 -0.0268
vn 0.1533 0.9876 -0.0330
vn 0.1964 0.9805 0.0065
vn 0.2340 0.9722 0.0115
vn 0.2464 0.9689 0.0244
vn 0.2681 0.9634 0.0061
vn 0.2350 0.9711 -0.0417
vn 0.1712 0.9843 -0.0440
vn 0.2267 0.9738 -0.0194
vn 0.2386 0.9710 -0.0132
vn 0.1925 0.9813 0.0060
vn 0.1809 0.9806 0.0756
vn 0.2542 0.9393 0.2304
vn 0.3527 0.8819 0.3128
vn 0.2861 0.9529 0.1005
vn 0.4821 0.8606 -0.1642
vn 0.3989 0.8745 -0.2757
vn 0.2390 0.9231 -0.3011
vn 0.1255 0.9730 -0.1936
vn 0.0738 0.9941 -0.0792
vn 0.0548 0.9976 -0.0414
vn 0.0512 0.9985 -0.0184
vn 0.0508 0.9987 0.0004
vn 0.0508 0.9985 0.0197
vn 0.0562 0.9975 0.0427
vn 0.1231 0.9754 0.1829
vn 0.2488 0.9174 0.3106
vn 0.2711 0.9572 0.1009
vn 0.2794 0.9364 -0.2121
vn 0.2047 0.9342 -0.2922
vn 0.1451 0.9829 -0.1133
vn 0.1060 0.9922 -0.0650
vn 0.0870 0.9959 -0.0251
vn 0.0748 0.9972 0.0035
vn 0.0825 0.9958 0.0397
vn 0.1120 0.9918 0.0620
vn 0.1328 0.9892 0.0626
vn 0.1159 0.9916 0.0569
vn 0.0709 0.9968 0.0368
vn 0.0188 0.9998 0.0039
vn -0.0059 0.9994 -0.0348
vn 0.0250 0.9984 -0.0504
vn 0.0745 0.9958 -0.0527
vn 0.0941 0.9938 -0.0593
vn 0.0970 0.9888 0.1135
vn 0.0960 0.9919 0.0836
vn 0.1239 0.9889 0.0822
vn 0.2043 0.9747 0.0910
vn 0.2757 0.9562 0.0988
vn 0.3730 0.9273 0.0329
vn 0.2514 0.9610 -0.1151
vn 0.1026 0.9942 -0.0319
vn 0.0496 0.9986 0.0169
vn 0.0003 0.9997 -0.0242
vn -0.0475 0.9988 0.0114
vn -0.0511 0.9987 0.0018
vn -0.0653 0.9944 -0.0830
vn -0.0288 0.9996 0.0032
vn 0.1402 0.9839 0.1105
vn 0.3216 0.9466 0.0231
vn 0.3096 0.9494 -0.0532
vn 0.2427 0.9686 0.0535
vn 0.1895 0.9438 0.2710
vn 0.1611 0.8977 0.4101
vn 0.2769 0.9470 0.1626
vn 0.4105 0.9059 -0.1044
vn 0.4409 0.7818 -0.4409
vn 0.2988 0.8283 -0.4741
vn 0.1393 0.9488 -0.2835
vn 0.0715 0.9905 -0.1176
vn 0.0429 0.9977 -0.0523
vn 0.0341 0.9992 -0.0208
vn 0.0319 0.9995 -0.0005
vn 0.0334 0.9992 0.0213
vn 0.0442 0.9974 0.0565
vn 0.0653 0.9670 0.2464
vn 0.1783 0.9164 0.3583
vn 0.3016 0.9426 0.1432
vn 0.3853 0.8970 -0.2168
vn 0.2472 0.8745 -0.4173
vn 0.1417 0.9732 -0.1814
vn 0.1019 0.9919 -0.0762
vn 0.1156 0.9932 -0.0169
vn 0.1340 0.9910 0.0042
vn 0.1528 0.9862 0.0642
vn 0.1790 0.9801 0.0853
vn 0.1349 0.9907 0.0146
vn 0.0420 0.9990 -0.0142
vn -0.0274 0.9996 -0.0073
vn -0.0224 0.9997 0.0002
vn 0.0477 0.9987 0.0160
vn 0.1512 0.9881 0.0290
vn 0.2160 0.9761 -0.0241
vn 0.1958 0.9762 -0.0932
vn 0.0481 0.9913 0.1221
vn 0.0354 0.9970 0.0684
vn 0.0753 0.9848 0.1568
vn 0.2316 0.9297 0.2864
vn 0.1865 0.9770 0.1037
vn 0.1373 0.9865 -0.0897
vn 0.1176 0.9723 -0.2019
vn 0.1128 0.9872 -0.1127
vn 0.0684 0.9968 -0.0418
vn 0.0307 0.9974 -0.0658
vn 0.0021 0.9997 -0.0226
vn -0.0270 0.9995 -0.0169
vn -0.0033 0.9982 -0.0599
vn 0.0453 0.9953 0.0860
vn 0.1906 0.9369 0.2929
vn 0.3403 0.9327 0.1190
vn 0.3774 0.9097 -0.1734
vn 0.2511 0.9633 -0.0945
vn 0.1987 0.9560 0.2158
vn 0.2850 0.8765 0.3879
vn 0.1447 0.9672 0.2089
vn 0.1187 0.9928 0.0147
vn 0.3048 0.8764 -0.3730
vn 0.1974 0.6957 -0.6907
vn 0.0828 0.9245 -0.3721
vn 0.0502 0.9870 -0.1528
vn 0.0365 0.9973 -0.0633
vn 0.0317 0.9992 -0.0244
vn 0.0294 0.9996 -0.0017
vn 0.0287 0.9993 0.0230
vn 0.0310 0.9972 0.0674
vn -0.0117 0.9691 0.2465
vn -0.0195 0.8980 0.4395
vn 0.0793 0.9803 0.1809
vn 0.0981 0.9841 -0.1480
vn 0.1042 0.8308 -0.5468
vn 0.0998 0.9720 -0.2127
vn 0.1178 0.9912 -0.0606
vn 0.1355 0.9908 0.0023
vn 0.1513 0.9881 0.0263
vn 0.1622 0.9831 0.0845
vn 0.1139 0.9927 0.0401
vn 0.0392 0.9965 -0.0732
vn -0.0379 0.9950 -0.0927
vn -0.0398 0.9992 -0.0008
vn 0.0308 0.9969 0.0718
vn 0.1458 0.9808 0.1292
vn 0.2666 0.9548 0.1310
vn 0.3504 0.9364 -0.0203
vn 0.3030 0.9334 -0.1921
vn 0.0604 0.9961 0.0639
vn 0.0500 0.9978 0.0443
vn -0.0054 0.9881 0.1537
vn -0.1781 0.9409 0.2879
vn -0.1835 0.9797 0.0807
vn -0.1641 0.9830 -0.0821
vn -0.0564 0.9859 -0.1574
vn -0.0253 0.9916 -0.1268
vn -0.0107 0.9985 -0.0542
vn 0.0480 0.9986 -0.0242
vn 0.1211 0.9926 -0.0094
vn 0.1521 0.9879 -0.0295
vn 0.1507 0.9881 -0.0299
vn 0.1043 0.9871 0.1213
vn 0.0152 0.9442 0.3289
vn 0.0004 0.9960 0.0888
vn -0.0000 0.9842 -0.1773
vn 0.0856 0.9876 -0.1319
vn 0.1863 0.9478 0.2589
vn 0.2248 0.9613 0.1591
vn 0.0158 0.9998 -0.0114
vn -0.2499 0.9683 0.0035
vn -0.2558 0.9138 -0.3156
vn -0.2267 0.6845 -0.6928
vn -0.0466 0.9318 -0.3599
vn 0.0123 0.9882 -0.1525
vn 0.0279 0.9976 -0.0640
vn 0.0309 0.9992 -0.0261
vn 0.0296 0.9996 -0.0040
vn 0.0252 0.9995 0.0198
vn 0.0142 0.9980 0.0612
vn -0.0542 0.9852 0.1626
vn -0.2272 0.9117 0.3422
vn -0.3428 0.9164 0.2066
vn -0.2998 0.9390 -0.1686
vn -0.1827 0.8992 -0.3975
vn 0.0014 0.9899 -0.1418
vn 0.0642 0.9973 -0.0368
vn 0.0705 0.9975 -0.0006
vn 0.0602 0.9976 0.0338
vn 0.0190 0.9987 0.0474
vn -0.0345 0.9992 -0.0213
vn -0.0705 0.9894 -0.1266
vn -0.0398 0.9963 -0.0759
vn 0.0171 0.9985 0.0519
vn 0.0688 0.9872 0.1440
vn 0.1308 0.9643 0.2305
vn 0.2285 0.9483 0.2202
vn 0.2708 0.9621 -0.0314
vn 0.2805 0.9008 -0.3314
vn 0.1062 0.9937 0.0353
vn 0.1094 0.9934 0.0334
vn 0.0662 0.9944 0.0822
vn -0.0401 0.9932 0.1097
vn -0.1130 0.9894 0.0914
vn -0.1288 0.9911 0.0345
vn -0.0559 0.9948 -0.0847
vn 0.0069 0.9959 -0.0897
vn 0.0351 0.9991 -0.0239
vn 0.0427 0.9989 0.0215
vn 0.0488 0.9985 0.0258
vn 0.0639 0.9978 -0.0187
vn 0.0775 0.9965 -0.0314
vn 0.0474 0.9979 0.0443
vn -0.0481 0.9792 0.1973
vn -0.1856 0.9697 0.1588
vn -0.1972 0.9717 -0.1303
vn -0.1206 0.9927 0.0048
vn -0.0499 0.7587 0.6495
vn -0.0742 0.9830 0.1682
vn -0.2003 0.9551 -0.2182
vn -0.5419 0.8146 -0.2069
vn -0.5701 0.7809 -0.2552
vn -0.3020 0.8776 -0.3723
vn -0.0946 0.9674 -0.2349
vn -0.0044 0.9932 -0.1162
vn 0.0247 0.9982 -0.0544
vn 0.0319 0.9992 -0.0251
vn 0.0313 0.9995 -0.0070
vn 0.0250 0.9996 0.0118
vn 0.0086 0.9991 0.0410
vn -0.0310 0.9957 0.0871
vn -0.1279 0.9802 0.1514
vn -0.3148 0.9401 0.1310
vn -0.3726 0.9210 -0.1139
vn -0.1857 0.9720 -0.1439
vn -0.0755 0.9958 -0.0522
vn -0.0274 0.9996 -0.0111
vn 0.0017 1.0000 0.0084
vn 0.0010 0.9999 0.0111
vn -0.0474 0.9987 -0.0179
vn -0.0945 0.9931 -0.0696
vn -0.0701 0.9928 -0.0973
vn -0.0036 0.9998 -0.0173
vn 0.0264 0.9964 0.0806
vn 0.0180 0.9871 0.1593
vn -0.0012 0.9656 0.2600
vn -0.0331 0.9701 0.2406
vn -0.0317 0.9988 -0.0371
vn -0.0494 0.9225 -0.3828
vn 0.1228 0.9916 0.0415
vn 0.1267 0.9912 0.0392
vn 0.1327 0.9906 0.0337
vn 0.1374 0.9901 0.0274
vn 0.1120 0.9923 0.0529
vn 0.0547 0.9974 0.0469
vn 0.0566 0.9981 -0.0240
vn 0.0860 0.9939 -0.0694
vn 0.0674 0.9974 -0.0270
vn 0.0974 0.9916 0.0855
vn 0.1895 0.9786 0.0803
vn 0.1748 0.9828 -0.0602
vn 0.0999 0.9930 -0.0636
vn 0.0646 0.9979 -0.0001
vn 0.0280 0.9944 0.1015
vn -0.0431 0.9922 0.1166
vn -0.0786 0.9959 -0.0458
vn -0.1043 0.9935 -0.0458
vn -0.2251 0.9521 0.2070
vn -0.5745 0.8098 0.1191
vn -0.5804 0.7032 -0.4106
vn -0.3160 0.9384 -0.1395
vn -0.2475 0.9640 -0.0969
vn -0.1482 0.9754 -0.1630
vn -0.0484 0.9909 -0.1255
vn 0.0079 0.9972 -0.0749
vn 0.0299 0.9987 -0.0421
vn 0.0360 0.9991 -0.0233
vn 0.0351 0.9993 -0.0103
vn 0.0292 0.9996 0.0026
vn 0.0155 0.9997 0.0195
vn -0.0122 0.9991 0.0408
vn -0.0573 0.9969 0.0547
vn -0.1063 0.9938 0.0327
vn -0.1213 0.9922 -0.0274
vn -0.0949 0.9946 -0.0425
vn -0.0546 0.9985 0.0057
vn -0.0052 0.9995 0.0319
vn 0.0173 0.9997 0.0196
vn -0.0089 0.9996 -0.0274
vn -0.0451 0.9968 -0.0660
vn -0.0462 0.9964 -0.0706
vn -0.0087 0.9992 -0.0383
vn 0.0192 0.9996 0.0194
vn 0.0135 0.9977 0.0668
vn -0.0236 0.9915 0.1280
vn -0.1004 0.9754 0.1963
vn -0.2193 0.9584 0.1828
vn -0.3060 0.9515 -0.0319
vn -0.2775 0.9162 -0.2890
vn 0.1415 0.9887 0.0490
vn 0.1464 0.9881 0.0463
vn 0.1537 0.9873 0.0394
vn 0.1594 0.9867 0.0316
vn 0.1635 0.9863 0.0231
vn 0.1500 0.9887 -0.0065
vn 0.0813 0.9945 -0.0654
vn 0.0100 0.9967 -0.0804
vn 0.0572 0.9968 0.0556
vn 0.2377 0.9388 0.2493
vn 0.3299 0.9384 0.1026
vn 0.2873 0.9435 -0.1652
vn 0.1497 0.9698 -0.1928
vn 0.0537 0.9984 -0.0161
vn 0.0428 0.9965 0.0724
vn 0.0194 0.9981 0.0581
vn 0.0060 0.9997 -0.0236
vn 0.0350 0.9969 -0.0698
vn -0.0098 0.9997 0.0235
vn -0.1733 0.9827 -0.0652
vn -0.1450 0.9769 -0.1572
vn -0.0868 0.9939 -0.0685
vn -0.0507 0.9975 -0.0498
vn -0.0270 0.9970 -0.0724
vn 0.0064 0.9978 -0.0659
vn 0.0292 0.9984 -0.0485
vn 0.0395 0.9987 -0.0334
vn 0.0421 0.9989 -0.0223
vn 0.0406 0.9991 -0.0135
vn 0.0358 0.9993 -0.0051
vn 0.0253 0.9997 0.0023
vn 0.0017 1.0000 0.0051
vn -0.0237 0.9996 0.0177
vn -0.0326 0.9994 0.0142
vn -0.0291 0.9995 -0.0120
vn -0.0123 0.9999 -0.0107
vn 0.0216 0.9985 0.0503
vn 0.0536 0.9964 0.0660
vn 0.0304 0.9994 -0.0150
vn -0.0224 0.9970 -0.0739
vn -0.0334 0.9972 -0.0665
vn 0.0013 0.9995 -0.0329
vn 0.0328 0.9994 -0.0052
vn 0.0365 0.9991 0.0193
vn 0.0170 0.9990 0.0420
vn -0.0233 0.9968 0.0764
vn -0.0933 0.9899 0.1065
vn -0.1874 0.9784 0.0870
vn -0.2558 0.9663 -0.0302
vn -0.2187 0.9627 -0.1591
vn 0.1624 0.9850 0.0580
vn 0.1686 0.9842 0.0548
vn 0.1774 0.9830 0.0463
vn 0.1843 0.9822 0.0364
vn 0.1377 0.9896 -0.0425
vn 0.0095 0.9972 -0.0739
vn -0.0072 0.9979 -0.0639
vn 0.0762 0.9971 0.0042
vn 0.3149 0.8900 0.3297
vn 0.3256 0.9278 0.1822
vn 0.2151 0.9763 0.0246
vn 0.1509 0.9643 -0.2175
vn 0.0346 0.9204 -0.3893
vn -0.0175 0.9998 -0.0057
vn 0.0500 0.9934 0.1033
vn 0.0760 0.9968 0.0265
vn 0.0807 0.9967 0.0026
vn 0.0921 0.9947 -0.0449
vn 0.0730 0.9958 -0.0561
vn 0.0473 0.9946 -0.0922
vn 0.0426 0.9964 -0.0739
vn 0.0389 0.9987 -0.0323
vn 0.0341 0.9983 -0.0466
vn 0.0122 0.9970 -0.0765
vn -0.0537 0.9942 -0.0937
vn -0.1100 0.9926 -0.0506
vn -0.1013 0.9949 0.0020
vn -0.0389 0.9989 0.0277
vn 0.0208 0.9997 0.0119
vn 0.0283 0.9994 -0.0180
vn -0.0393 0.9966 -0.0729
vn -0.1177 0.9930 0.0070
vn -0.0421 0.9972 0.0625
vn 0.0124 0.9999 -0.0034
vn 0.0400 0.9988 0.0273
vn 0.0758 0.9932 0.0879
vn 0.0626 0.9970 0.0462
vn 0.0161 0.9974 -0.0697
vn -0.0031 0.9960 -0.0890
vn 0.0265 0.9992 -0.0285
vn 0.0562 0.9984 -0.0033
vn 0.0605 0.9982 0.0035
vn 0.0534 0.9985 0.0077
vn 0.0365 0.9992 0.0169
vn 0.0058 0.9995 0.0303
vn -0.0398 0.9985 0.0380
vn -0.0905 0.9957 0.0204
vn -0.1201 0.9923 -0.0317
vn -0.1051 0.9908 -0.0853
vn 0.1855 0.9802 0.0690
vn 0.1933 0.9790 0.0652
vn 0.1975 0.9793 0.0453
vn 0.1477 0.9886 -0.0286
vn 0.0516 0.9801 -0.1919
vn 0.0148 0.9992 -0.0370
vn 0.1959 0.9677 0.1588
vn 0.4499 0.8475 0.2817
vn 0.3585 0.9107 0.2054
vn 0.2486 0.9682 0.0269
vn 0.1971 0.9796 -0.0395
vn 0.1862 0.9500 -0.2505
vn 0.1817 0.9393 -0.2912
vn 0.1298 0.9905 0.0458
vn 0.2259 0.9680 0.1090
vn 0.1741 0.9847 0.0004
vn 0.1418 0.9899 -0.0031
vn 0.1191 0.9916 -0.0506
vn 0.0960 0.9907 -0.0960
vn 0.0673 0.9921 -0.1056
vn 0.0612 0.9956 -0.0709
vn 0.0142 0.9952 -0.0971
vn -0.0763 0.9933 -0.0872
vn -0.1053 0.9939 -0.0333
vn -0.0865 0.9923 -0.0890
vn -0.0417 0.9934 -0.1064
vn 0.0103 0.9996 -0.0254
vn 0.0269 0.9990 0.0351
vn 0.0419 0.9961 0.0777
vn 0.0488 0.9983 0.0326
vn 0.0276 0.9984 -0.0499
vn -0.0382 0.9798 -0.1962
vn -0.0561 0.9984 0.0052
vn -0.0002 0.9886 0.1505
vn 0.0390 0.9992 0.0059
vn 0.0520 0.9968 0.0604
vn 0.0531 0.9945 0.0908
vn 0.0229 0.9997 -0.0020
vn 0.0054 0.9960 -0.0897
vn 0.0403 0.9977 -0.0552
vn 0.0731 0.9973 0.0049
vn 0.0838 0.9965 0.0064
vn 0.0869 0.9962 0.0020
vn 0.0823 0.9966 -0.0026
vn 0.0683 0.9977 -0.0042
vn 0.0456 0.9990 -0.0028
vn 0.0173 0.9998 -0.0034
vn -0.0095 0.9999 -0.0138
vn -0.0244 0.9991 -0.0352
vn -0.0219 0.9982 -0.0567
vn 0.2105 0.9742 0.0821
vn 0.2202 0.9724 0.0778
vn 0.1848 0.9825 -0.0236
vn 0.0773 0.9830 -0.1668
vn 0.1313 0.9833 -0.1261
vn 0.3330 0.9256 0.1800
vn 0.2073 0.9409 0.2677
vn 0.0090 0.9827 0.1848
vn -0.0183 0.9976 0.0663
vn 0.0541 0.9976 0.0440
vn 0.1317 0.9899 -0.0533
vn 0.1507 0.9475 -0.2819
vn 0.3229 0.9245 -0.2028
vn 0.3342 0.9374 0.0975
vn 0.2574 0.9661 0.0202
vn 0.2008 0.9785 -0.0473
vn 0.1629 0.9856 -0.0452
vn 0.1229 0.9891 -0.0808
vn 0.0992 0.9877 -0.1213
vn 0.0753 0.9873 -0.1400
vn 0.0151 0.9924 -0.1225
vn -0.0160 0.9898 -0.1418
vn 0.0302 0.9966 -0.0760
vn 0.0022 0.9983 -0.0579
vn 0.0004 0.9990 -0.0442
vn 0.1266 0.9916 0.0270
vn 0.2143 0.9763 0.0302
vn 0.1983 0.9801 0.0031
vn 0.1390 0.9900 0.0240
vn 0.0770 0.9970 0.0060
vn 0.0512 0.9961 -0.0712
vn 0.0598 0.9663 -0.2503
vn 0.0928 0.9957 -0.0061
vn 0.0618 0.9860 0.1549
vn 0.0491 0.9987 0.0112
vn 0.0373 0.9976 0.0588
vn 0.0071 0.9978 0.0661
vn -0.0084 0.9996 -0.0271
vn 0.0183 0.9982 -0.0565
vn 0.0677 0.9977 -0.0025
vn 0.1022 0.9945 0.0228
vn 0.1197 0.9926 0.0184
vn 0.1309 0.9914 0.0051
vn 0.1291 0.9916 -0.0122
vn 0.1137 0.9932 -0.0248
vn 0.0904 0.9955 -0.0292
vn 0.0666 0.9973 -0.0298
vn 0.0475 0.9983 -0.0330
vn 0.0360 0.9985 -0.0407
vn 0.0322 0.9982 -0.0497
vn 0.2367 0.9666 0.0977
vn 0.2462 0.9651 0.0890
vn 0.2887 0.9529 -0.0928
vn 0.2474 0.9567 -0.1530
vn 0.4135 0.9027 0.1192
vn 0.4025 0.9092 0.1070
vn 0.2287 0.9673 0.1098
vn 0.0840 0.9951 0.0528
vn 0.0408 0.9990 0.0167
vn 0.0219 0.9966 0.0793
vn -0.0162 0.9980 -0.0609
vn 0.0591 0.9735 -0.2209
vn 0.1926 0.9794 -0.0605
vn 0.2064 0.9784 -0.0083
vn 0.1565 0.9854 -0.0672
vn 0.1285 0.9880 -0.0858
vn 0.1140 0.9899 -0.0841
vn 0.0691 0.9856 -0.1543
vn -0.0179 0.9862 -0.1645
vn -0.0293 0.9901 -0.1376
vn -0.0051 0.9832 -0.1826
vn 0.0664 0.9969 -0.0421
vn 0.1910 0.9807 0.0422
vn 0.2364 0.9623 -0.1344
vn 0.1442 0.9886 -0.0428
vn 0.0585 0.9913 0.1175
vn 0.0644 0.9971 0.0402
vn 0.0669 0.9972 -0.0319
vn 0.0630 0.9977 -0.0265
vn 0.0596 0.9980 -0.0212
vn 0.0737 0.9956 -0.0576
vn 0.0811 0.9714 -0.2233
vn 0.0383 0.9993 -0.0036
vn 0.0265 0.9867 0.1607
vn 0.0448 0.9989 0.0151
vn 0.0351 0.9988 0.0334
vn 0.0094 0.9993 0.0370
vn 0.0163 0.9998 -0.0088
vn 0.0619 0.9981 -0.0025
vn 0.1039 0.9938 0.0406
vn 0.1374 0.9892 0.0520
vn 0.1741 0.9836 0.0464
vn 0.2024 0.9792 0.0169
vn 0.2046 0.9785 -0.0262
vn 0.1788 0.9823 -0.0554
vn 0.1427 0.9879 -0.0605
vn 0.1126 0.9922 -0.0535
vn 0.0932 0.9945 -0.0475
vn 0.0821 0.9955 -0.0477
vn 0.0749 0.9958 -0.0523
vn 0.2633 0.9577 0.1162
vn 0.2767 0.9557 0.0998
vn 0.3671 0.9301 -0.0098
vn 0.4367 0.8976 0.0609
vn 0.4274 0.9009 0.0756
vn 0.4115 0.9112 0.0183
vn 0.4085 0.9126 -0.0177
vn 0.4030 0.9148 -0.0272
vn 0.3791 0.9245 -0.0412
vn 0.2955 0.9541 -0.0488
vn 0.1708 0.9781 -0.1194
vn 0.1865 0.9796 -0.0750
vn 0.2297 0.9732 -0.0144
vn 0.1914 0.9781 -0.0818
vn 0.1608 0.9815 -0.1036
vn 0.1443 0.9843 -0.1020
vn 0.1285 0.9867 -0.0994
vn 0.1384 0.9716 -0.1919
vn 0.1024 0.9852 -0.1373
vn 0.1318 0.9883 -0.0769
vn 0.2027 0.9710 -0.1266
vn 0.2043 0.9785 0.0287
vn 0.1463 0.9881 0.0467
vn 0.1381 0.9812 -0.1349
vn 0.1441 0.9718 -0.1866
vn 0.0363 0.9980 0.0510
vn 0.0187 0.9972 0.0726
vn 0.0604 0.9979 -0.0253
vn 0.0670 0.9973 -0.0304
vn 0.0634 0.9977 -0.0243
vn 0.0704 0.9969 -0.0351
vn 0.0911 0.9781 -0.1870
vn 0.0563 0.9984 0.0002
vn 0.0196 0.9810 0.1931
vn 0.0395 0.9985 0.0371
vn 0.0539 0.9984 0.0151
vn 0.0470 0.9986 0.0226
vn 0.0578 0.9981 0.0232
vn 0.0881 0.9951 0.0442
vn 0.1252 0.9891 0.0778
vn 0.1753 0.9791 0.1033
vn 0.2421 0.9648 0.1030
vn 0.3038 0.9517 0.0449
vn 0.3139 0.9478 -0.0558
vn 0.2627 0.9582 -0.1133
vn 0.2002 0.9738 -0.1076
vn 0.1582 0.9842 -0.0797
vn 0.1385 0.9886 -0.0591
vn 0.1300 0.9901 -0.0539
vn 0.1221 0.9907 -0.0596
vn 0.2885 0.9475 0.1379
vn 0.3105 0.9425 0.1233
vn 0.3316 0.9372 0.1085
vn 0.3430 0.9361 0.0782
vn 0.3511 0.9355 0.0406
vn 0.3549 0.9349 0.0059
vn 0.3525 0.9354 -0.0265
vn 0.3449 0.9371 -0.0546
vn 0.3381 0.9373 -0.0840
vn 0.3460 0.9306 -0.1193
vn 0.3646 0.9228 -0.1243
vn 0.3503 0.9337 -0.0735
vn 0.2916 0.9539 -0.0706
vn 0.2482 0.9616 -0.1174
vn 0.2310 0.9660 -0.1163
vn 0.2142 0.9701 -0.1137
vn 0.1982 0.9739 -0.1103
vn 0.2093 0.9685 -0.1349
vn 0.2594 0.9563 -0.1348
vn 0.2729 0.9597 -0.0667
vn 0.2518 0.9646 -0.0785
vn 0.2224 0.9737 -0.0494
vn 0.1522 0.9878 -0.0327
vn 0.1251 0.9879 -0.0912
vn 0.1424 0.9692 -0.2011
vn 0.1386 0.9902 -0.0140
vn 0.1264 0.9838 0.1272
vn 0.1335 0.9908 -0.0208
vn 0.1072 0.9929 -0.0512
vn 0.0767 0.9963 -0.0383
vn 0.0660 0.9975 -0.0250
vn 0.1019 0.9844 -0.1435
vn 0.1061 0.9928 -0.0552
vn 0.0145 0.9857 0.1678
vn 0.0238 0.9960 0.0858
vn 0.0644 0.9978 0.0127
vn 0.0699 0.9973 0.0240
vn 0.0791 0.9959 0.0432
vn 0.0968 0.9925 0.0751
vn 0.1315 0.9836 0.1231
vn 0.1943 0.9648 0.1774
vn 0.2882 0.9377 0.1943
vn 0.3895 0.9163 0.0935
vn 0.4148 0.9022 -0.1186
vn 0.3321 0.9185 -0.2146
vn 0.2437 0.9546 -0.1716
vn 0.1992 0.9747 -0.1017
vn 0.1903 0.9799 -0.0595
vn 0.1937 0.9796 -0.0531
vn 0.1892 0.9794 -0.0701
vn 0.3100 0.9367 0.1630
vn 0.3264 0.9323 0.1560
vn 0.3493 0.9288 0.1237
vn 0.3668 0.9264 0.0846
vn 0.3777 0.9250 0.0416
vn 0.3815 0.9244 -0.0017
vn 0.3784 0.9247 -0.0413
vn 0.3695 0.9262 -0.0748
vn 0.3563 0.9289 -0.1010
vn 0.3400 0.9328 -0.1197
vn 0.3219 0.9376 -0.1318
vn 0.3029 0.9429 -0.1384
vn 0.2839 0.9485 -0.1407
vn 0.2651 0.9540 -0.1401
vn 0.2469 0.9592 -0.1376
vn 0.2292 0.9641 -0.1338
vn 0.2121 0.9687 -0.1292
vn 0.1957 0.9728 -0.1241
vn 0.1798 0.9765 -0.1185
vn 0.1645 0.9800 -0.1123
vn 0.1500 0.9830 -0.1057
vn 0.1363 0.9858 -0.0985
vn 0.1237 0.9882 -0.0908
vn 0.1284 0.9898 -0.0621
vn 0.1401 0.9729 -0.1837
vn 0.1448 0.9894 -0.0139
vn 0.1532 0.9816 0.1136
vn 0.1560 0.9868 -0.0444
vn 0.1455 0.9866 -0.0734
vn 0.1184 0.9904 -0.0715
vn 0.0811 0.9959 -0.0405
vn 0.0611 0.9901 -0.1261
vn 0.0578 0.9875 -0.1466
vn 0.0441 0.9941 0.0994
vn 0.0588 0.9908 0.1218
vn 0.0661 0.9977 0.0169
vn 0.0701 0.9971 0.0302
vn 0.0767 0.9956 0.0542
vn 0.0885 0.9914 0.0964
vn 0.1118 0.9798 0.1658
vn 0.1575 0.9536 0.2567
vn 0.2357 0.9240 0.3011
vn 0.2920 0.9486 0.1222
vn 0.3255 0.9261 -0.1909
vn 0.2967 0.8884 -0.3502
vn 0.2369 0.9449 -0.2261
vn 0.2285 0.9688 -0.0960
vn 0.2535 0.9668 -0.0307
vn 0.2858 0.9577 -0.0343
vn 0.2920 0.9527 -0.0847
vn 0.3240 0.9265 0.1915
vn 0.3390 0.9228 0.1830
vn 0.3630 0.9207 0.1431
vn 0.3810 0.9197 0.0944
vn 0.3921 0.9190 0.0407
vn 0.3958 0.9182 -0.0127
vn 0.3925 0.9178 -0.0605
vn 0.3833 0.9182 -0.0997
vn 0.3697 0.9202 -0.1291
vn 0.3530 0.9237 -0.1492
vn 0.3346 0.9285 -0.1610
vn 0.3155 0.9342 -0.1664
vn 0.2964 0.9403 -0.1671
vn 0.2775 0.9465 -0.1648
vn 0.2591 0.9524 -0.1607
vn 0.2412 0.9579 -0.1555
vn 0.2237 0.9631 -0.1498
vn 0.2065 0.9678 -0.1436
vn 0.1898 0.9722 -0.1370
vn 0.1736 0.9762 -0.1299
vn 0.1580 0.9799 -0.1222
vn 0.1432 0.9831 -0.1138
vn 0.1295 0.9860 -0.1048
vn 0.1324 0.9905 -0.0379
vn 0.1516 0.9790 -0.1362
vn 0.1543 0.9879 -0.0129
vn 0.0987 0.9906 0.0951
vn 0.0854 0.9945 -0.0607
vn 0.1016 0.9929 -0.0620
vn 0.1286 0.9883 -0.0815
vn 0.1177 0.9899 -0.0795
vn 0.0709 0.9847 -0.1592
vn 0.0572 0.9945 -0.0873
vn 0.0923 0.9842 0.1512
vn 0.0807 0.9907 0.1096
vn 0.0665 0.9976 0.0195
vn 0.0687 0.9970 0.0345
vn 0.0713 0.9956 0.0604
vn 0.0725 0.9917 0.1062
vn 0.0691 0.9804 0.1843
vn 0.0535 0.9542 0.2944
vn 0.0142 0.9325 0.3609
vn -0.0327 0.9954 0.0904
vn -0.0209 0.9832 -0.1814
vn 0.0674 0.9071 -0.4156
vn 0.1747 0.9634 -0.2034
vn 0.2463 0.9685 -0.0358
vn 0.3247 0.9447 0.0465
vn 0.4046 0.9144 0.0158
vn 0.4318 0.8952 -0.1101
vn 0.3259 0.9186 0.2233
vn 0.3362 0.9175 0.2124
vn 0.3592 0.9188 0.1636
vn 0.3761 0.9208 0.1036
vn 0.3864 0.9216 0.0377
vn 0.3904 0.9203 -0.0271
vn 0.3882 0.9177 -0.0838
vn 0.3804 0.9158 -0.1288
vn 0.3682 0.9157 -0.1613
vn 0.3530 0.9177 -0.1820
vn 0.3362 0.9218 -0.1929
vn 0.3187 0.9273 -0.1964
vn 0.3010 0.9335 -0.1950
vn 0.2835 0.9398 -0.1906
vn 0.2661 0.9461 -0.1848
vn 0.2488 0.9520 -0.1783
vn 0.2315 0.9576 -0.1716
vn 0.2143 0.9628 -0.1645
vn 0.1971 0.9677 -0.1571
vn 0.1803 0.9723 -0.1490
vn 0.1639 0.9765 -0.1402
vn 0.1482 0.9803 -0.1306
vn 0.1334 0.9837 -0.1202
vn 0.0691 0.9922 -0.1039
vn 0.0391 0.9933 -0.1091
vn 0.1278 0.9918 -0.0048
vn 0.1276 0.9910 0.0395
vn 0.0798 0.9949 -0.0622
vn 0.0736 0.9960 -0.0509
vn 0.0848 0.9948 -0.0558
vn 0.1131 0.9896 -0.0891
vn 0.1233 0.9720 -0.1999
vn 0.1168 0.9918 -0.0514
vn 0.1017 0.9809 0.1657
vn 0.0737 0.9932 0.0898
vn 0.0653 0.9976 0.0216
vn 0.0672 0.9971 0.0371
vn 0.0670 0.9959 0.0614
vn 0.0600 0.9930 0.1021
vn 0.0356 0.9851 0.1681
vn -0.0265 0.9666 0.2547
vn -0.1482 0.9426 0.2992
vn -0.2839 0.9500 0.1301
vn -0.2804 0.9450 -0.1685
vn -0.0576 0.9685 -0.2423
vn 0.1376 0.9869 -0.0847
vn 0.2651 0.9608 0.0807
vn 0.3808 0.9097 0.1657
vn 0.4957 0.8638 0.0907
vn 0.5455 0.8218 -0.1646
vn 0.3095 0.9153 0.2578
vn 0.3120 0.9185 0.2430
vn 0.3309 0.9255 0.1843
vn 0.3442 0.9322 0.1121
vn 0.3526 0.9352 0.0330
vn 0.3578 0.9327 -0.0439
vn 0.3590 0.9268 -0.1099
vn 0.3549 0.9209 -0.1609
vn 0.3466 0.9173 -0.1961
vn 0.3355 0.9168 -0.2168
vn 0.3227 0.9191 -0.2260
vn 0.3091 0.9235 -0.2270
vn 0.2951 0.9291 -0.2230
vn 0.2806 0.9351 -0.2165
vn 0.2657 0.9411 -0.2091
vn 0.2503 0.9470 -0.2016
vn 0.2343 0.9526 -0.1941
vn 0.2177 0.9580 -0.1865
vn 0.2008 0.9633 -0.1784
vn 0.1837 0.9682 -0.1696
vn 0.1668 0.9730 -0.1598
vn 0.1504 0.9773 -0.1489
vn 0.1084 0.9790 -0.1729
vn 0.0467 0.9745 -0.2196
vn 0.0287 0.9985 -0.0462
vn 0.1218 0.9903 0.0670
vn 0.1231 0.9916 -0.0387
vn 0.0784 0.9944 -0.0701
vn 0.0717 0.9958 -0.0569
vn 0.0666 0.9968 -0.0442
vn 0.0656 0.9950 -0.0748
vn 0.0985 0.9809 -0.1679
vn 0.1604 0.9853 -0.0582
vn 0.1451 0.9834 0.1088
vn 0.0842 0.9946 0.0606
vn 0.0644 0.9976 0.0244
vn 0.0670 0.9970 0.0395
vn 0.0675 0.9959 0.0603
vn 0.0608 0.9940 0.0911
vn 0.0370 0.9901 0.1351
vn -0.0166 0.9828 0.1841
vn -0.1014 0.9745 0.2003
vn -0.1799 0.9764 0.1191
vn -0.1391 0.9901 -0.0191
vn 0.0247 0.9989 -0.0390
vn 0.1782 0.9819 0.0648
vn 0.2925 0.9338 0.2062
vn 0.3708 0.8880 0.2720
vn 0.4174 0.9008 0.1198
vn 0.4342 0.8661 -0.2476
vn 0.2689 0.9173 0.2937
vn 0.2618 0.9257 0.2730
vn 0.2732 0.9401 0.2040
vn 0.2804 0.9524 0.1197
vn 0.2857 0.9579 0.0277
vn 0.2929 0.9542 -0.0611
vn 0.2994 0.9443 -0.1367
vn 0.3017 0.9335 -0.1936
vn 0.3002 0.9255 -0.2310
vn 0.2963 0.9215 -0.2511
vn 0.2907 0.9214 -0.2579
vn 0.2838 0.9241 -0.2560
vn 0.2758 0.9283 -0.2495
vn 0.2666 0.9332 -0.2410
vn 0.2559 0.9383 -0.2324
vn 0.2439 0.9435 -0.2243
vn 0.2303 0.9487 -0.2167
vn 0.2153 0.9539 -0.2090
vn 0.1993 0.9592 -0.2007
vn 0.1827 0.9644 -0.1914
vn 0.1658 0.9695 -0.1806
vn 0.1180 0.9700 -0.2124
vn 0.0600 0.9681 -0.2434
vn 0.1152 0.9811 -0.1553
vn 0.1848 0.9818 0.0441
vn 0.1464 0.9888 0.0272
vn 0.0838 0.9920 -0.0941
vn 0.0752 0.9941 -0.0786
vn 0.0503 0.9952 -0.0845
vn 0.0096 0.9975 -0.0702
vn -0.0066 0.9974 -0.0722
vn 0.0377 0.9938 -0.1044
vn 0.1097 0.9930 -0.0431
vn 0.1093 0.9934 0.0353
vn 0.0726 0.9969 0.0297
vn 0.0633 0.9976 0.0286
vn 0.0687 0.9967 0.0441
vn 0.0741 0.9953 0.0625
vn 0.0758 0.9935 0.0849
vn 0.0678 0.9915 0.1108
vn 0.0449 0.9899 0.1346
vn 0.0137 0.9898 0.1421
vn 0.0045 0.9926 0.1216
vn 0.0590 0.9935 0.0971
vn 0.1746 0.9774 0.1189
vn 0.2901 0.9375 0.1921
vn 0.3383 0.9040 0.2614
vn 0.2689 0.9235 0.2735
vn 0.0830 0.9962 0.0267
vn 0.0417 0.9610 -0.2733
vn 0.2009 0.9228 0.3288
vn 0.1849 0.9357 0.3003
vn 0.1856 0.9574 0.2214
vn 0.1842 0.9748 0.1258
vn 0.1851 0.9825 0.0231
vn 0.1938 0.9781 -0.0758
vn 0.2064 0.9652 -0.1603
vn 0.2173 0.9502 -0.2232
vn 0.2259 0.9381 -0.2625
vn 0.2325 0.9310 -0.2815
vn 0.2373 0.9285 -0.2857
vn 0.2401 0.9292 -0.2810
vn 0.2408 0.9316 -0.2722
vn 0.2390 0.9349 -0.2624
vn 0.2346 0.9385 -0.2534
vn 0.2275 0.9423 -0.2456
vn 0.2177 0.9464 -0.2386
vn 0.2055 0.9509 -0.2314
vn 0.1914 0.9558 -0.2234
vn 0.1759 0.9609 -0.2138
vn 0.1599 0.9662 -0.2024
vn 0.1202 0.9505 -0.2866
vn 0.1013 0.9748 -0.1989
vn 0.1654 0.9861 -0.0128
vn 0.1890 0.9816 0.0269
vn 0.1324 0.9890 -0.0664
vn 0.0755 0.9912 -0.1087
vn 0.0461 0.9929 -0.1094
vn 0.0102 0.9920 -0.1261
vn -0.0126 0.9955 -0.0935
vn -0.0047 0.9984 -0.0564
vn 0.0254 0.9987 -0.0448
vn 0.0477 0.9988 -0.0145
vn 0.0527 0.9986 0.0050
vn 0.0556 0.9983 0.0194
vn 0.0618 0.9975 0.0355
vn 0.0719 0.9960 0.0536
vn 0.0859 0.9936 0.0735
vn 0.1023 0.9904 0.0930
vn 0.1164 0.9872 0.1090
vn 0.1235 0.9851 0.1193
vn 0.1274 0.9835 0.1288
vn 0.1490 0.9774 0.1502
vn 0.2156 0.9567 0.1955
vn 0.3282 0.9092 0.2562
vn 0.4378 0.8557 0.2758
vn 0.4655 0.8606 0.2064
vn 0.2648 0.9628 0.0542
vn -0.0919 0.9876 -0.1276
vn -0.3094 0.8267 -0.4698
vn 0.1067 0.9268 0.3601
vn 0.0841 0.9426 0.3230
vn 0.0715 0.9693 0.2354
vn 0.0608 0.9896 0.1307
vn 0.0571 0.9982 0.0206
vn 0.0654 0.9942 -0.0849
vn 0.0825 0.9808 -0.1766
vn 0.1028 0.9642 -0.2446
vn 0.1236 0.9503 -0.2857
vn 0.1435 0.9419 -0.3038
vn 0.1614 0.9383 -0.3059
vn 0.1765 0.9378 -0.2990
vn 0.1882 0.9387 -0.2887
vn 0.1960 0.9401 -0.2788
vn 0.1997 0.9418 -0.2706
vn 0.1991 0.9437 -0.2642
vn 0.1945 0.9461 -0.2588
vn 0.1864 0.9493 -0.2531
vn 0.1753 0.9533 -0.2459
vn 0.1622 0.9580 -0.2365
vn 0.1478 0.9632 -0.2244
vn 0.1287 0.9369 -0.3251
vn 0.0765 0.9790 -0.1890
vn 0.0345 0.9986 0.0388
vn 0.0450 0.9990 -0.0058
vn 0.0650 0.9905 -0.1214
vn 0.0581 0.9887 -0.1381
vn 0.0221 0.9876 -0.1557
vn 0.0090 0.9910 -0.1336
vn 0.0319 0.9963 -0.0802
vn 0.0467 0.9980 -0.0424
vn 0.0446 0.9987 -0.0258
vn 0.0440 0.9990 -0.0096
vn 0.0455 0.9989 0.0070
vn 0.0499 0.9984 0.0250
vn 0.0589 0.9972 0.0459
vn 0.0750 0.9947 0.0706
vn 0.1010 0.9900 0.0982
vn 0.1376 0.9828 0.1229
vn 0.1792 0.9745 0.1350
vn 0.2133 0.9681 0.1315
vn 0.2306 0.9635 0.1360
vn 0.2485 0.9502 0.1882
vn 0.3027 0.9064 0.2945
vn 0.4075 0.8266 0.3882
vn 0.5426 0.7675 0.3414
vn 0.6609 0.7503 0.0189
vn 0.4398 0.8409 -0.3154
vn -0.0163 0.8819 -0.4712
vn -0.1779 0.8115 -0.5565
vn -0.0077 0.9232 0.3842
vn -0.0333 0.9397 0.3403
vn -0.0598 0.9671 0.2472
vn -0.0789 0.9874 0.1368
vn -0.0862 0.9960 0.0221
vn -0.0800 0.9930 -0.0875
vn -0.0613 0.9812 -0.1830
vn -0.0333 0.9667 -0.2537
vn -0.0005 0.9552 -0.2959
vn 0.0332 0.9490 -0.3136
vn 0.0652 0.9470 -0.3146
vn 0.0938 0.9471 -0.3070
vn 0.1178 0.9476 -0.2969
vn 0.1366 0.9478 -0.2883
vn 0.1497 0.9475 -0.2824
vn 0.1571 0.9474 -0.2789
vn 0.1592 0.9478 -0.2764
vn 0.1564 0.9492 -0.2730
vn 0.1497 0.9519 -0.2673
vn 0.1401 0.9558 -0.2584
vn 0.1286 0.9607 -0.2460
vn 0.1548 0.9385 -0.3086
vn 0.0972 0.9460 -0.3093
vn -0.0003 0.9999 -0.0114
vn -0.0381 0.9993 0.0038
vn -0.0081 0.9933 -0.1154
vn -0.0042 0.9865 -0.1637
vn 0.0069 0.9862 -0.1657
vn 0.0318 0.9931 -0.1127
vn 0.0419 0.9970 -0.0645
vn 0.0383 0.9982 -0.0458
vn 0.0361 0.9990 -0.0277
vn 0.0354 0.9993 -0.0095
vn 0.0369 0.9993 0.0096
vn 0.0417 0.9986 0.0318
vn 0.0525 0.9968 0.0595
vn 0.0740 0.9927 0.0957
vn 0.1131 0.9837 0.1397
vn 0.1742 0.9680 0.1806
vn 0.2509 0.9483 0.1942
vn 0.3168 0.9349 0.1602
vn 0.3322 0.9344 0.1290
vn 0.3120 0.9283 0.2022
vn 0.3069 0.8746 0.3753
vn 0.3472 0.8000 0.4893
vn 0.3989 0.8598 0.3188
vn 0.3905 0.9130 -0.1186
vn 0.4099 0.6751 -0.6133
vn 0.1596 0.7071 -0.6888
vn 0.0792 0.8265 -0.5573
vn -0.1304 0.9080 0.3982
vn -0.1553 0.9230 0.3521
vn -0.1942 0.9466 0.2572
vn -0.2213 0.9643 0.1453
vn -0.2327 0.9721 0.0284
vn -0.2285 0.9700 -0.0830
vn -0.2087 0.9616 -0.1784
vn -0.1753 0.9526 -0.2485
vn -0.1335 0.9476 -0.2903
vn -0.0886 0.9472 -0.3080
vn -0.0445 0.9499 -0.3094
vn -0.0038 0.9531 -0.3028
vn 0.0319 0.9550 -0.2947
vn 0.0616 0.9553 -0.2893
vn 0.0846 0.9540 -0.2875
vn 0.1009 0.9522 -0.2884
vn 0.1107 0.9506 -0.2899
vn 0.1146 0.9502 -0.2898
vn 0.1137 0.9514 -0.2863
vn 0.1090 0.9542 -0.2785
vn 0.1016 0.9586 -0.2660
vn 0.1151 0.9556 -0.2711
vn 0.1695 0.9126 -0.3720
vn 0.1187 0.9899 -0.0775
vn 0.0346 0.9992 0.0180
vn -0.0074 0.9915 -0.1297
vn -0.0114 0.9876 -0.1568
vn 0.0121 0.9906 -0.1359
vn 0.0302 0.9948 -0.0974
vn 0.0316 0.9971 -0.0696
vn 0.0282 0.9984 -0.0494
vn 0.0260 0.9992 -0.0298
vn 0.0250 0.9996 -0.0099
vn 0.0259 0.9996 0.0119
vn 0.0299 0.9988 0.0383
vn 0.0400 0.9964 0.0743
vn 0.0624 0.9901 0.1259
vn 0.1079 0.9748 0.1955
vn 0.1876 0.9453 0.2668
vn 0.2964 0.9106 0.2880
vn 0.3965 0.8983 0.1895
vn 0.4018 0.9137 0.0602
vn 0.3296 0.9287 0.1700
vn 0.2501 0.8752 0.4141
vn 0.1883 0.8556 0.4821
vn 0.0626 0.9947 0.0818
vn 0.0993 0.9765 -0.1914
vn 0.0300 0.7286 -0.6843
vn 0.1843 0.7273 -0.6611
vn 0.3052 0.8135 -0.4950
vn -0.2467 0.8823 0.4008
vn -0.2695 0.8945 0.3567
vn -0.3177 0.9110 0.2631
vn -0.3517 0.9235 0.1533
vn -0.3676 0.9292 0.0381
vn -0.3649 0.9284 -0.0707
vn -0.3438 0.9249 -0.1625
vn -0.3073 0.9236 -0.2293
vn -0.2605 0.9271 -0.2696
vn -0.2090 0.9348 -0.2874
vn -0.1571 0.9440 -0.2901
vn -0.1080 0.9521 -0.2860
vn -0.0636 0.9574 -0.2817
vn -0.0251 0.9594 -0.2810
vn 0.0067 0.9586 -0.2847
vn 0.0316 0.9561 -0.2912
vn 0.0496 0.9533 -0.2979
vn 0.0612 0.9513 -0.3020
vn 0.0672 0.9511 -0.3014
vn 0.0687 0.9530 -0.2951
vn 0.0668 0.9568 -0.2831
vn 0.0635 0.9616 -0.2669
vn 0.0968 0.9417 -0.3221
vn 0.0984 0.9678 -0.2318
vn 0.0200 0.9985 -0.0515
vn -0.0000 0.9931 -0.1169
vn 0.0283 0.9896 -0.1414
vn 0.0277 0.9923 -0.1204
vn 0.0236 0.9950 -0.0967
vn 0.0199 0.9970 -0.0743
vn 0.0169 0.9985 -0.0530
vn 0.0147 0.9994 -0.0322
vn 0.0132 0.9999 -0.0109
vn 0.0128 0.9998 0.0128
vn 0.0144 0.9990 0.0427
vn 0.0197 0.9961 0.0857
vn 0.0336 0.9878 0.1522
vn 0.0653 0.9658 0.2508
vn 0.1288 0.9220 0.3652
vn 0.2263 0.8878 0.4008
vn 0.2628 0.9533 0.1491
vn 0.2689 0.9602 -0.0753
vn 0.2696 0.9562 0.1142
vn 0.1973 0.8759 0.4403
vn 0.1422 0.9234 0.3565
vn -0.0017 0.9998 -0.0196
vn -0.1007 0.9176 -0.3844
vn 0.0640 0.8752 -0.4795
vn 0.3415 0.8586 -0.3824
vn 0.5019 0.8006 -0.3274
vn -0.3443 0.8528 0.3926
vn -0.3664 0.8610 0.3528
vn -0.4203 0.8684 0.2630
vn -0.4586 0.8744 0.1586
vn -0.4773 0.8773 0.0498
vn -0.4755 0.8782 -0.0522
vn -0.4543 0.8802 -0.1373
vn -0.4172 0.8867 -0.1992
vn -0.3694 0.8986 -0.2370
vn -0.3160 0.9139 -0.2547
vn -0.2615 0.9297 -0.2593
vn -0.2089 0.9431 -0.2586
vn -0.1602 0.9525 -0.2589
vn -0.1166 0.9575 -0.2638
vn -0.0787 0.9586 -0.2737
vn -0.0468 0.9569 -0.2867
vn -0.0213 0.9539 -0.2993
vn -0.0020 0.9513 -0.3082
vn 0.0117 0.9503 -0.3110
vn 0.0204 0.9516 -0.3068
vn 0.0252 0.9550 -0.2956
vn 0.0271 0.9601 -0.2785
vn 0.0504 0.9578 -0.2830
vn 0.1026 0.9433 -0.3158
vn 0.0040 0.9813 -0.1926
vn -0.0777 0.9914 -0.1054
vn -0.0492 0.9923 -0.1134
vn -0.0009 0.9934 -0.1147
vn 0.0098 0.9948 -0.1016
vn 0.0072 0.9969 -0.0785
vn 0.0048 0.9984 -0.0564
vn 0.0004 0.9999 -0.0130
vn -0.0016 0.9999 0.0116
vn -0.0036 0.9991 0.0428
vn -0.0062 0.9960 0.0886
vn -0.0101 0.9868 0.1615
vn -0.0183 0.9612 0.2753
vn -0.0388 0.9058 0.4218
vn -0.0928 0.8740 0.4769
vn -0.1151 0.9893 0.0896
vn -0.0940 0.9902 -0.1032
vn 0.0370 0.9924 0.1170
vn 0.1305 0.8645 0.4854
vn 0.0781 0.9889 0.1264
vn 0.0076 0.9847 -0.1742
vn -0.0371 0.9515 -0.3054
vn 0.1506 0.9774 -0.1485
vn 0.4154 0.9093 -0.0243
vn 0.6095 0.7905 -0.0596
vn -0.4172 0.8274 0.3760
vn -0.4405 0.8304 0.3411
vn -0.4961 0.8292 0.2575
vn -0.5355 0.8290 0.1613
vn -0.5552 0.8294 0.0621
vn -0.5541 0.8319 -0.0302
vn -0.5340 0.8387 -0.1067
vn -0.4987 0.8514 -0.1625
vn -0.4531 0.8693 -0.1973
vn -0.4019 0.8901 -0.2148
vn -0.3491 0.9105 -0.2214
vn -0.2976 0.9280 -0.2243
vn -0.2490 0.9409 -0.2294
vn -0.2044 0.9491 -0.2398
vn -0.1639 0.9527 -0.2557
vn -0.1279 0.9530 -0.2748
vn -0.0967 0.9512 -0.2931
vn -0.0704 0.9491 -0.3069
vn -0.0493 0.9483 -0.3135
vn -0.0330 0.9496 -0.3118
vn -0.0211 0.9531 -0.3020
vn -0.0127 0.9583 -0.2855
vn -0.0029 0.9636 -0.2673
vn 0.0342 0.9612 -0.2738
vn 0.0863 0.9534 -0.2890
vn -0.0325 0.9808 -0.1925
vn -0.1054 0.9918 -0.0719
vn -0.0519 0.9962 -0.0706
vn -0.0080 0.9947 -0.1022
vn -0.0060 0.9966 -0.0819
vn -0.0078 0.9982 -0.0595
vn -0.0099 0.9992 -0.0379
vn -0.0125 0.9998 -0.0160
vn -0.0160 0.9998 0.0081
vn -0.0216 0.9990 0.0381
vn -0.0318 0.9962 0.0808
vn -0.0529 0.9877 0.1471
vn -0.0986 0.9639 0.2473
vn -0.1945 0.9085 0.3697
vn -0.3579 0.8359 0.4161
vn -0.5151 0.8335 0.1998
vn -0.4482 0.8927 0.0470
vn -0.2288 0.9341 0.2741
vn -0.1240 0.8602 0.4947
vn -0.1573 0.9866 0.0430
vn -0.2394 0.9142 -0.3269
vn -0.1927 0.9664 -0.1701
vn 0.0470 0.9866 0.1564
vn 0.2747 0.9221 0.2724
vn 0.3606 0.9320 0.0366
vn -0.4642 0.8122 0.3533
vn -0.4894 0.8098 0.3236
vn -0.5437 0.8019 0.2478
vn -0.5820 0.7970 0.1617
vn -0.6012 0.7957 0.0738
vn -0.6008 0.7994 -0.0073
vn -0.5828 0.8092 -0.0745
vn -0.5509 0.8253 -0.1239
vn -0.5096 0.8463 -0.1555
vn -0.4632 0.8693 -0.1727
vn -0.4152 0.8915 -0.1812
vn -0.3682 0.9107 -0.1875
vn -0.3233 0.9256 -0.1967
vn -0.2811 0.9360 -0.2117
vn -0.2415 0.9421 -0.2325
vn -0.2042 0.9447 -0.2566
vn -0.1697 0.9450 -0.2797
vn -0.1384 0.9445 -0.2979
vn -0.1110 0.9448 -0.3082
vn -0.0878 0.9469 -0.3093
vn -0.0688 0.9510 -0.3015
vn -0.0539 0.9566 -0.2863
vn -0.0425 0.9632 -0.2653
vn -0.0270 0.9686 -0.2470
vn 0.0026 0.9638 -0.2667
vn 0.0201 0.9492 -0.3139
vn -0.0511 0.9971 -0.0559
vn -0.0571 0.9984 0.0008
vn -0.0222 0.9949 -0.0979
vn -0.0193 0.9962 -0.0843
vn -0.0203 0.9979 -0.0622
vn -0.0220 0.9989 -0.0409
vn -0.0248 0.9995 -0.0198
vn -0.0293 0.9996 0.0027
vn -0.0371 0.9989 0.0294
vn -0.0515 0.9966 0.0651
vn -0.0797 0.9900 0.1161
vn -0.1350 0.9731 0.1865
vn -0.2334 0.9360 0.2637
vn -0.3741 0.8786 0.2968
vn -0.4971 0.8384 0.2237
vn -0.4915 0.8502 0.1887
vn -0.4069 0.8424 0.3534
vn -0.4598 0.7631 0.4542
vn -0.5529 0.8291 0.0831
vn -0.6365 0.7098 -0.3017
vn -0.5652 0.8239 -0.0425
vn -0.3311 0.8864 0.3237
vn -0.2281 0.9359 0.2684
vn -0.0877 0.9961 -0.0061
vn -0.4768 0.8084 0.3452
vn -0.4975 0.8048 0.3236
vn -0.5539 0.7933 0.2528
vn -0.5947 0.7856 0.1706
vn -0.6161 0.7830 0.0859
vn -0.6173 0.7867 0.0077
vn -0.6004 0.7976 -0.0570
vn -0.5699 0.8151 -0.1043
vn -0.5305 0.8369 -0.1346
vn -0.4866 0.8604 -0.1517
vn -0.4415 0.8827 -0.1611
vn -0.3974 0.9020 -0.1689
vn -0.3552 0.9173 -0.1801
vn -0.3150 0.9283 -0.1974
vn -0.2764 0.9354 -0.2205
vn -0.2393 0.9391 -0.2466
vn -0.2040 0.9405 -0.2717
vn -0.1710 0.9411 -0.2916
vn -0.1412 0.9424 -0.3034
vn -0.1152 0.9451 -0.3059
vn -0.0932 0.9495 -0.2996
vn -0.0752 0.9554 -0.2855
vn -0.0608 0.9622 -0.2655
vn -0.0500 0.9690 -0.2421
vn -0.0591 0.9659 -0.2521
vn -0.0798 0.9320 -0.3536
vn -0.0446 0.9936 -0.1040
vn -0.0163 0.9987 0.0478
vn -0.0243 0.9952 -0.0950
vn -0.0260 0.9960 -0.0861
vn -0.0264 0.9976 -0.0639
vn -0.0279 0.9987 -0.0429
vn -0.0307 0.9993 -0.0222
vn -0.0355 0.9994 -0.0007
vn -0.0438 0.9988 0.0240
vn -0.0590 0.9967 0.0554
vn -0.0873 0.9914 0.0978
vn -0.1388 0.9785 0.1526
vn -0.2221 0.9522 0.2098
vn -0.3337 0.9117 0.2395
vn -0.4314 0.8763 0.2145
vn -0.4570 0.8646 0.2090
vn -0.4426 0.8363 0.3237
vn -0.5179 0.7371 0.4342
vn -0.7557 0.6385 0.1460
vn -0.7739 0.5947 -0.2175
vn -0.6926 0.7189 -0.0591
vn -0.5759 0.7776 0.2523
vn -0.5238 0.7505 0.4030
vn -0.6313 0.7745 -0.0385
vn 0.0935 0.9892 0.1127
vn 0.1043 0.9939 -0.0354
vn 0.1123 0.9678 -0.2251
vn 0.1052 0.9718 -0.2110
vn 0.0965 0.9802 -0.1728
vn 0.0894 0.9844 -0.1512
vn 0.0811 0.9871 -0.1383
vn 0.0673 0.9897 -0.1263
vn 0.0496 0.9929 -0.1083
vn 0.0338 0.9958 -0.0855
vn 0.0231 0.9977 -0.0632
vn 0.0167 0.9989 -0.0443
vn 0.0132 0.9995 -0.0289
vn 0.0112 0.9998 -0.0165
vn 0.0101 0.9999 -0.0062
vn 0.0096 1.0000 0.0024
vn 0.0094 0.9999 0.0099
vn 0.0093 0.9998 0.0165
vn 0.0091 0.9997 0.0227
vn 0.0089 0.9996 0.0286
vn 0.0087 0.9994 0.0346
vn 0.0087 0.9991 0.0406
vn 0.0087 0.9989 0.0467
vn 0.0090 0.9986 0.0530
vn 0.0094 0.9982 0.0592
vn 0.0101 0.9978 0.0653
vn 0.0110 0.9974 0.0712
vn 0.0122 0.9970 0.0765
vn 0.0137 0.9966 0.0810
vn -0.0140 0.9986 -0.0508
vn -0.0630 0.9966 0.0527
vn -0.0211 0.9789 0.2034
vn 0.0200 0.9962 0.0853
vn 0.0236 0.9740 0.2252
vn 0.0302 0.9761 0.2153
vn 0.0388 0.9982 0.0467
vn 0.0438 0.9987 0.0263
vn 0.0515 0.9854 -0.1624
vn 0.0527 0.9807 -0.1882
vn 0.0473 0.9978 -0.0462
vn 0.0443 0.9970 -0.0633
vn 0.0414 0.9968 -0.0678
vn 0.0431 0.9981 -0.0433
vn 0.0623 0.9970 0.0457
vn 0.1215 0.9763 0.1792
vn 0.2496 0.9684 0.0019
vn 0.2248 0.8941 -0.3875
vn 0.1400 0.9730 -0.1832
vn 0.1260 0.9913 0.0381
vn 0.1493 0.9888 0.0022
vt 0.000000 0.000000
vt 1.000000 0.000000
vt 1.000000 1.000000
vt 0.000000 1.000000
vt 0.980392 0.980392
vt 1.000000 0.980392
vt 0.980392 1.000000
vt 0.000000 0.980392
vt 0.019608 0.980392
vt 0.019608 1.000000
vt 0.039216 0.980392
vt 0.039216 1.000000
vt 0.058824 0.980392
vt 0.058824 1.000000
vt 0.078431 0.980392
vt 0.078431 1.000000
vt 0.098039 0.980392
vt 0.098039 1.000000
vt 0.117647 0.980392
vt 0.117647 1.000000
vt 0.137255 0.980392
vt 0.137255 1.000000
vt 0.156863 0.980392
vt 0.156863 1.000000
vt 0.176471 0.980392
vt 0.176471 1.000000
vt 0.196078 0.980392
vt 0.196078 1.000000
vt 0.215686 0.980392
vt 0.215686 1.000000
vt 0.235294 0.980392
vt 0.235294 1.000000
vt 0.254902 0.980392
vt 0.254902 1.000000
vt 0.274510 0.980392
vt 0.274510 1.000000
vt 0.294118 0.980392
vt 0.294118 1.000000
vt 0.313726 0.980392
vt 0.313726 1.000000
vt 0.333333 0.980392
vt 0.333333 1.000000
vt 0.352941 0.980392
vt 0.352941 1.000000
vt 0.372549 0.980392
vt 0.372549 1.000000
vt 0.392157 0.980392
vt 0.392157 1.000000
vt 0.411765 0.980392
vt 0.411765 1.000000
vt 0.431373 0.980392
vt 0.431373 1.000000
vt 0.450980 0.980392
vt 0.450980 1.000000
vt 0.470588 0.980392
vt 0.470588 1.000000
vt 0.490196 0.980392
vt 0.490196 1.000000
vt 0.509804 0.980392
vt 0.509804 1.000000
vt 0.529412 0.980392
vt 0.529412 1.000000
vt 0.549020 0.980392
vt 0.549020 1.000000
vt 0.568628 0.980392
vt 0.568628 1.000000
vt 0.588235 0.980392
vt 0.588235 1.000000
vt 0.607843 0.980392
vt 0.607843 1.000000
vt 0.627451 0.980392
vt 0.627451 1.000000
vt 0.647059 0.980392
vt 0.647059 1.000000
vt 0.666667 0.980392
vt 0.666667 1.000000
vt 0.686275 0.980392
vt 0.686275 1.000000
vt 0.705882 0.980392
vt 0.705882 1.000000
vt 0.725490 0.980392
vt 0.725490 1.000000
vt 0.745098 0.980392
vt 0.745098 1.000000
vt 0.764706 0.980392
vt 0.764706 1.000000
vt 0.784314 0.980392
vt 0.784314 1.000000
vt 0.803922 0.980392
vt 0.803922 1.000000
vt 0.823529 0.980392
vt 0.823529 1.000000
vt 0.843137 0.980392
vt 0.843137 1.000000
vt 0.862745 0.980392
vt 0.862745 1.000000
vt 0.882353 0.980392
vt 0.882353 1.000000
vt 0.901961 0.980392
vt 0.901961 1.000000
vt 0.921569 0.980392
vt 0.921569 1.000000
vt 0.941176 0.980392
vt 0.941176 1.000000
vt 0.960784 0.980392
vt 0.960784 1.000000
vt 0.960784 0.000000
vt 0.980392 0.000000
vt 0.980392 0.019608
vt 0.960784 0.019608
vt 0.980392 0.039216
vt 0.960784 0.039216
vt 0.980392 0.058824
vt 0.960784 0.058824
vt 0.980392 0.078431
vt 0.960784 0.078431
vt 0.980392 0.098039
vt 0.960784 0.098039
vt 0.980392 0.117647
vt 0.960784 0.117647
vt 0.980392 0.137255
vt 0.960784 0.137255
vt 0.980392 0.156863
vt 0.960784 0.156863
vt 0.980392 0.176471
vt 0.960784 0.176471
vt 0.980392 0.196078
vt 0.960784 0.196078
vt 0.980392 0.215686
vt 0.960784 0.215686
vt 0.980392 0.235294
vt 0.960784 0.235294
vt 0.980392 0.254902
vt 0.960784 0.254902
vt 0.980392 0.274510
vt 0.960784 0.274510
vt 0.980392 0.294118
vt 0.960784 0.294118
vt 0.980392 0.313726
vt 0.960784 0.313726
vt 0.980392 0.333333
vt 0.960784 0.333333
vt 0.980392 0.352941
vt 0.960784 0.352941
vt 0.980392 0.372549
vt 0.960784 0.372549
vt 0.980392 0.392157
vt 0.960784 0.392157
vt 0.980392 0.411765
vt 0.960784 0.411765
vt 0.980392 0.431373
vt 0.960784 0.431373
vt 0.980392 0.450980
vt 0.960784 0.450980
vt 0.980392 0.470588
vt 0.960784 0.470588
vt 0.980392 0.490196
vt 0.960784 0.490196
vt 0.980392 0.509804
vt 0.960784 0.509804
vt 0.980392 0.529412
vt 0.960784 0.529412
vt 0.980392 0.549020
vt 0.960784 0.549020
vt 0.980392 0.568628
vt 0.960784 0.568628
vt 0.980392 0.588235
vt 0.960784 0.588235
vt 0.980392 0.607843
vt 0.960784 0.607843
vt 0.980392 0.627451
vt 0.960784 0.627451
vt 0.980392 0.647059
vt 0.960784 0.647059
vt 0.980392 0.666667
vt 0.960784 0.666667
vt 0.980392 0.686275
vt 0.960784 0.686275
vt 0.980392 0.705882
vt 0.960784 0.705882
vt 0.980392 0.725490
vt 0.960784 0.725490
vt 0.980392 0.745098
vt 0.960784 0.745098
vt 0.980392 0.764706
vt 0.960784 0.764706
vt 0.980392 0.784314
vt 0.960784 0.784314
vt 0.980392 0.803922
vt 0.960784 0.803922
vt 0.980392 0.823529
vt 0.960784 0.823529
vt 0.980392 0.843137
vt 0.960784 0.843137
vt 0.980392 0.862745
vt 0.960784 0.862745
vt 0.980392 0.882353
vt 0.960784 0.882353
vt 0.980392 0.901961
vt 0.960784 0.901961
vt 0.980392 0.921569
vt 0.960784 0.921569
vt 0.980392 0.941176
vt 0.960784 0.941176
vt 0.980392 0.960784
vt 0.960784 0.960784
vt 0.941176 0.000000
vt 0.941176 0.019608
vt 0.941176 0.039216
vt 0.941176 0.058824
vt 0.941176 0.078431
vt 0.941176 0.098039
vt 0.941176 0.117647
vt 0.941176 0.137255
vt 0.941176 0.156863
vt 0.941176 0.176471
vt 0.941176 0.196078
vt 0.941177 0.215686
vt 0.941177 0.235294
vt 0.941177 0.254902
vt 0.941177 0.274510
vt 0.941177 0.294118
vt 0.941177 0.313726
vt 0.941177 0.333333
vt 0.941176 0.352941
vt 0.941177 0.372549
vt 0.941177 0.392157
vt 0.941177 0.411765
vt 0.941176 0.431373
vt 0.941176 0.450980
vt 0.941176 0.470588
vt 0.941177 0.490196
vt 0.941176 0.509804
vt 0.941176 0.529412
vt 0.941176 0.549020
vt 0.941176 0.568628
vt 0.941176 0.588235
vt 0.941176 0.607843
vt 0.941176 0.627451
vt 0.941177 0.647059
vt 0.941176 0.666667
vt 0.941177 0.686275
vt 0.941176 0.705882
vt 0.941176 0.725490
vt 0.941176 0.745098
vt 0.941176 0.764706
vt 0.941176 0.784314
vt 0.941176 0.803922
vt 0.941176 0.823529
vt 0.941176 0.843137
vt 0.941176 0.862745
vt 0.941176 0.882353
vt 0.941176 0.901961
vt 0.941176 0.921569
vt 0.941176 0.941176
vt 0.941176 0.960784
vt 0.921569 0.000000
vt 0.921569 0.019608
vt 0.921569 0.039216
vt 0.921569 0.058824
vt 0.921569 0.078431
vt 0.921569 0.098039
vt 0.921569 0.117647
vt 0.921569 0.137255
vt 0.921569 0.156863
vt 0.921569 0.176471
vt 0.921569 0.196078
vt 0.921569 0.215686
vt 0.921569 0.235294
vt 0.921569 0.254902
vt 0.921569 0.274510
vt 0.921569 0.294118
vt 0.921569 0.313726
vt 0.921569 0.333333
vt 0.921569 0.352941
vt 0.921569 0.372549
vt 0.921569 0.392157
vt 0.921569 0.411765
vt 0.921569 0.431373
vt 0.921569 0.450980
vt 0.921569 0.470588
vt 0.921569 0.490196
vt 0.921569 0.509804
vt 0.921569 0.529412
vt 0.921569 0.549020
vt 0.921569 0.568628
vt 0.921569 0.588235
vt 0.921569 0.607843
vt 0.921569 0.627451
vt 0.921569 0.647059
vt 0.921569 0.666667
vt 0.921569 0.686275
vt 0.921569 0.705882
vt 0.921569 0.725490
vt 0.921569 0.745098
vt 0.921569 0.764706
vt 0.921569 0.784314
vt 0.921569 0.803922
vt 0.921569 0.823529
vt 0.921569 0.843137
vt 0.921569 0.862745
vt 0.921569 0.882353
vt 0.921569 0.901961
vt 0.921569 0.921569
vt 0.921569 0.941176
vt 0.921569 0.960784
vt 0.901961 0.000000
vt 0.901961 0.019608
vt 0.901961 0.039216
vt 0.901961 0.058824
vt 0.901961 0.078431
vt 0.901961 0.098039
vt 0.901961 0.117647
vt 0.901961 0.137255
vt 0.901961 0.156863
vt 0.901961 0.176471
vt 0.901961 0.196078
vt 0.901961 0.215686
vt 0.901961 0.235294
vt 0.901961 0.254902
vt 0.901961 0.274510
vt 0.901961 0.294118
vt 0.901961 0.313726
vt 0.901961 0.333333
vt 0.901961 0.352941
vt 0.901961 0.372549
vt 0.901961 0.392157
vt 0.901961 0.411765
vt 0.901961 0.431373
vt 0.901961 0.450980
vt 0.901961 0.470588
vt 0.901961 0.490196
vt 0.901961 0.509804
vt 0.901961 0.529412
vt 0.901961 0.549020
vt 0.901961 0.568628
vt 0.901961 0.588235
vt 0.901961 0.607843
vt 0.901961 0.627451
vt 0.901961 0.647059
vt 0.901961 0.666667
vt 0.901961 0.686275
vt 0.901961 0.705882
vt 0.901961 0.725490
vt 0.901961 0.745098
vt 0.901961 0.764706
vt 0.901961 0.784314
vt 0.901961 0.803922
vt 0.901961 0.823529
vt 0.901961 0.843137
vt 0.901961 0.862745
vt 0.901961 0.882353
vt 0.901961 0.901961
vt 0.901961 0.921569
vt 0.901961 0.941176
vt 0.901961 0.960784
vt 0.882353 0.000000
vt 0.882353 0.019608
vt 0.882353 0.039216
vt 0.882353 0.058824
vt 0.882353 0.078431
vt 0.882353 0.098039
vt 0.882353 0.117647
vt 0.882353 0.137255
vt 0.882353 0.156863
vt 0.882353 0.176471
vt 0.882353 0.196078
vt 0.882353 0.215686
vt 0.882353 0.235294
vt 0.882353 0.254902
vt 0.882353 0.274510
vt 0.882353 0.294118
vt 0.882353 0.313726
vt 0.882353 0.333333
vt 0.882353 0.352941
vt 0.882353 0.372549
vt 0.882353 0.392157
vt 0.882353 0.411765
vt 0.882353 0.431373
vt 0.882353 0.450980
vt 0.882353 0.470588
vt 0.882353 0.490196
vt 0.882353 0.509804
vt 0.882353 0.529412
vt 0.882353 0.549020
vt 0.882353 0.568628
vt 0.882353 0.588235
vt 0.882353 0.607843
vt 0.882353 0.627451
vt 0.882353 0.647059
vt 0.882353 0.666667
vt 0.882353 0.686275
vt 0.882353 0.705882
vt 0.882353 0.725490
vt 0.882353 0.745098
vt 0.882353 0.764706
vt 0.882353 0.784314
vt 0.882353 0.803922
vt 0.882353 0.823529
vt 0.882353 0.843137
vt 0.882353 0.862745
vt 0.882353 0.882353
vt 0.882353 0.901961
vt 0.882353 0.921569
vt 0.882353 0.941176
vt 0.882353 0.960784
vt 0.862745 0.000000
vt 0.862745 0.019608
vt 0.862745 0.039216
vt 0.862745 0.058824
vt 0.862745 0.078431
vt 0.862745 0.098039
vt 0.862745 0.117647
vt 0.862745 0.137255
vt 0.862745 0.156863
vt 0.862745 0.176471
vt 0.862745 0.196078
vt 0.862745 0.215686
vt 0.862745 0.235294
vt 0.862745 0.254902
vt 0.862745 0.274510
vt 0.862745 0.294118
vt 0.862745 0.313726
vt 0.862745 0.333333
vt 0.862745 0.352941
vt 0.862745 0.372549
vt 0.862745 0.392157
vt 0.862745 0.411765
vt 0.862745 0.431373
vt 0.862745 0.450980
vt 0.862745 0.470588
vt 0.862745 0.490196
vt 0.862745 0.509804
vt 0.862745 0.529412
vt 0.862745 0.549020
vt 0.862745 0.568628
vt 0.862745 0.588235
vt 0.862745 0.607843
vt 0.862745 0.627451
vt 0.862745 0.647059
vt 0.862745 0.666667
vt 0.862745 0.686275
vt 0.862745 0.705882
vt 0.862745 0.725490
vt 0.862745 0.745098
vt 0.862745 0.764706
vt 0.862745 0.784314
vt 0.862745 0.803922
vt 0.862745 0.823529
vt 0.862745 0.843137
vt 0.862745 0.862745
vt 0.862745 0.882353
vt 0.862745 0.901961
vt 0.862745 0.921569
vt 0.862745 0.941176
vt 0.862745 0.960784
vt 0.843137 0.000000
vt 0.843137 0.019608
vt 0.843137 0.039216
vt 0.843137 0.058824
vt 0.843137 0.078431
vt 0.843137 0.098039
vt 0.843137 0.117647
vt 0.843137 0.137255
vt 0.843137 0.156863
vt 0.843137 0.176471
vt 0.843137 0.196078
vt 0.843137 0.215686
vt 0.843137 0.235294
vt 0.843137 0.254902
vt 0.843137 0.274510
vt 0.843137 0.294118
vt 0.843137 0.313726
vt 0.843137 0.333333
vt 0.843137 0.352941
vt 0.843137 0.372549
vt 0.843137 0.392157
vt 0.843137 0.411765
vt 0.843137 0.431373
vt 0.843137 0.450980
vt 0.843137 0.470588
vt 0.843137 0.490196
vt 0.843137 0.509804
vt 0.843137 0.529412
vt 0.843137 0.549020
vt 0.843137 0.568628
vt 0.843137 0.588235
vt 0.843137 0.607843
vt 0.843137 0.627451
vt 0.843137 0.647059
vt 0.843137 0.666667
vt 0.843137 0.686275
vt 0.843137 0.705882
vt 0.843137 0.725490
vt 0.843137 0.745098
vt 0.843137 0.764706
vt 0.843137 0.784314
vt 0.843137 0.803922
vt 0.843137 0.823529
vt 0.843137 0.843137
vt 0.843137 0.862745
vt 0.843137 0.882353
vt 0.843137 0.901961
vt 0.843137 0.921569
vt 0.843137 0.941176
vt 0.843137 0.960784
vt 0.823529 0.000000
vt 0.823529 0.019608
vt 0.823529 0.039216
vt 0.823529 0.058824
vt 0.823529 0.078431
vt 0.823529 0.098039
vt 0.823529 0.117647
vt 0.823529 0.137255
vt 0.823529 0.156863
vt 0.823529 0.176471
vt 0.823529 0.196078
vt 0.823530 0.215686
vt 0.823530 0.235294
vt 0.823530 0.254902
vt 0.823530 0.274510
vt 0.823529 0.294118
vt 0.823530 0.313726
vt 0.823530 0.333333
vt 0.823530 0.352941
vt 0.823530 0.372549
vt 0.823530 0.392157
vt 0.823530 0.411765
vt 0.823530 0.431373
vt 0.823530 0.450980
vt 0.823530 0.470588
vt 0.823530 0.490196
vt 0.823530 0.509804
vt 0.823530 0.529412
vt 0.823530 0.549020
vt 0.823530 0.568628
vt 0.823530 0.588235
vt 0.823530 0.607843
vt 0.823530 0.627451
vt 0.823530 0.647059
vt 0.823529 0.666667
vt 0.823530 0.686275
vt 0.823529 0.705882
vt 0.823529 0.725490
vt 0.823529 0.745098
vt 0.823529 0.764706
vt 0.823530 0.784314
vt 0.823529 0.803922
vt 0.823529 0.823529
vt 0.823529 0.843137
vt 0.823529 0.862745
vt 0.823529 0.882353
vt 0.823529 0.901961
vt 0.823529 0.921569
vt 0.823529 0.941176
vt 0.823529 0.960784
vt 0.803922 0.000000
vt 0.803922 0.019608
vt 0.803922 0.039216
vt 0.803922 0.058824
vt 0.803922 0.078431
vt 0.803922 0.098039
vt 0.803922 0.117647
vt 0.803922 0.137255
vt 0.803922 0.156863
vt 0.803922 0.176471
vt 0.803922 0.196078
vt 0.803922 0.215686
vt 0.803922 0.235294
vt 0.803922 0.254902
vt 0.803922 0.274510
vt 0.803922 0.294118
vt 0.803922 0.313726
vt 0.803922 0.333333
vt 0.803922 0.352941
vt 0.803922 0.372549
vt 0.803922 0.392157
vt 0.803922 0.411765
vt 0.803922 0.431373
vt 0.803922 0.450980
vt 0.803922 0.470588
vt 0.803922 0.490196
vt 0.803922 0.509804
vt 0.803922 0.529412
vt 0.803922 0.549020
vt 0.803922 0.568628
vt 0.803922 0.588235
vt 0.803922 0.607843
vt 0.803922 0.627451
vt 0.803922 0.647059
vt 0.803922 0.666667
vt 0.803922 0.686275
vt 0.803922 0.705882
vt 0.803922 0.725490
vt 0.803922 0.745098
vt 0.803922 0.764706
vt 0.803922 0.784314
vt 0.803922 0.803922
vt 0.803922 0.823529
vt 0.803922 0.843137
vt 0.803922 0.862745
vt 0.803922 0.882353
vt 0.803922 0.901961
vt 0.803922 0.921569
vt 0.803922 0.941176
vt 0.803922 0.960784
vt 0.784314 0.000000
vt 0.784314 0.019608
vt 0.784314 0.039216
vt 0.784314 0.058824
vt 0.784314 0.078431
vt 0.784314 0.098039
vt 0.784314 0.117647
vt 0.784314 0.137255
vt 0.784314 0.156863
vt 0.784314 0.176471
vt 0.784314 0.196078
vt 0.784314 0.215686
vt 0.784314 0.235294
vt 0.784314 0.254902
vt 0.784314 0.274510
vt 0.784314 0.294118
vt 0.784314 0.313726
vt 0.784314 0.333333
vt 0.784314 0.352941
vt 0.784314 0.372549
vt 0.784314 0.392157
vt 0.784314 0.411765
vt 0.784314 0.431373
vt 0.784314 0.450980
vt 0.784314 0.470588
vt 0.784314 0.490196
vt 0.784314 0.509804
vt 0.784314 0.529412
vt 0.784314 0.549020
vt 0.784314 0.568628
vt 0.784314 0.588235
vt 0.784314 0.607843
vt 0.784314 0.627451
vt 0.784314 0.647059
vt 0.784314 0.666667
vt 0.784314 0.686275
vt 0.784314 0.705882
vt 0.784314 0.725490
vt 0.784314 0.745098
vt 0.784314 0.764706
vt 0.784314 0.784314
vt 0.784314 0.803922
vt 0.784314 0.823529
vt 0.784314 0.843137
vt 0.784314 0.862745
vt 0.784314 0.882353
vt 0.784314 0.901961
vt 0.784314 0.921569
vt 0.784314 0.941176
vt 0.784314 0.960784
vt 0.764706 0.000000
vt 0.764706 0.019608
vt 0.764706 0.039216
vt 0.764706 0.058824
vt 0.764706 0.078431
vt 0.764706 0.098039
vt 0.764706 0.117647
vt 0.764706 0.137255
vt 0.764706 0.156863
vt 0.764706 0.176471
vt 0.764706 0.196078
vt 0.764706 0.215686
vt 0.764706 0.235294
vt 0.764706 0.254902
vt 0.764706 0.274510
vt 0.764706 0.294118
vt 0.764706 0.313726
vt 0.764706 0.333333
vt 0.764706 0.352941
vt 0.764706 0.372549
vt 0.764706 0.392157
vt 0.764706 0.411765
vt 0.764706 0.431373
vt 0.764706 0.450980
vt 0.764706 0.470588
vt 0.764706 0.490196
vt 0.764706 0.509804
vt 0.764706 0.529412
vt 0.764706 0.549020
vt 0.764706 0.568628
vt 0.764706 0.588235
vt 0.764706 0.607843
vt 0.764706 0.627451
vt 0.764706 0.647059
vt 0.764706 0.666667
vt 0.764706 0.686275
vt 0.764706 0.705882
vt 0.764706 0.725490
vt 0.764706 0.745098
vt 0.764706 0.764706
vt 0.764706 0.784314
vt 0.764706 0.803922
vt 0.764706 0.823529
vt 0.764706 0.843137
vt 0.764706 0.862745
vt 0.764706 0.882353
vt 0.764706 0.901961
vt 0.764706 0.921569
vt 0.764706 0.941176
vt 0.764706 0.960784
vt 0.745098 0.000000
vt 0.745098 0.019608
vt 0.745098 0.039216
vt 0.745098 0.058824
vt 0.745098 0.078431
vt 0.745098 0.098039
vt 0.745098 0.117647
vt 0.745098 0.137255
vt 0.745098 0.156863
vt 0.745098 0.176471
vt 0.745098 0.196078
vt 0.745098 0.215686
vt 0.745098 0.235294
vt 0.745098 0.254902
vt 0.745098 0.274510
vt 0.745098 0.294118
vt 0.745098 0.313726
vt 0.745098 0.333333
vt 0.745098 0.352941
vt 0.745098 0.372549
vt 0.745098 0.392157
vt 0.745098 0.411765
vt 0.745098 0.431373
vt 0.745098 0.450980
vt 0.745098 0.470588
vt 0.745098 0.490196
vt 0.745098 0.509804
vt 0.745098 0.529412
vt 0.745098 0.549020
vt 0.745098 0.568628
vt 0.745098 0.588235
vt 0.745098 0.607843
vt 0.745098 0.627451
vt 0.745098 0.647059
vt 0.745098 0.666667
vt 0.745098 0.686275
vt 0.745098 0.705882
vt 0.745098 0.725490
vt 0.745098 0.745098
vt 0.745098 0.764706
vt 0.745098 0.784314
vt 0.745098 0.803922
vt 0.745098 0.823529
vt 0.745098 0.843137
vt 0.745098 0.862745
vt 0.745098 0.882353
vt 0.745098 0.901961
vt 0.745098 0.921569
vt 0.745098 0.941176
vt 0.745098 0.960784
vt 0.725490 0.000000
vt 0.725490 0.019608
vt 0.725490 0.039216
vt 0.725490 0.058824
vt 0.725490 0.078431
vt 0.725490 0.098039
vt 0.725490 0.117647
vt 0.725490 0.137255
vt 0.725490 0.156863
vt 0.725490 0.176471
vt 0.725490 0.196078
vt 0.725490 0.215686
vt 0.725490 0.235294
vt 0.725490 0.254902
vt 0.725490 0.274510
vt 0.725490 0.294118
vt 0.725490 0.313726
vt 0.725490 0.333333
vt 0.725490 0.352941
vt 0.725490 0.372549
vt 0.725490 0.392157
vt 0.725490 0.411765
vt 0.725490 0.431373
vt 0.725490 0.450980
vt 0.725490 0.470588
vt 0.725490 0.490196
vt 0.725490 0.509804
vt 0.725490 0.529412
vt 0.725490 0.549020
vt 0.725490 0.568628
vt 0.725490 0.588235
vt 0.725490 0.607843
vt 0.725490 0.627451
vt 0.725490 0.647059
vt 0.725490 0.666667
vt 0.725490 0.686275
vt 0.725490 0.705882
vt 0.725490 0.725490
vt 0.725490 0.745098
vt 0.725490 0.764706
vt 0.725490 0.784314
vt 0.725490 0.803922
vt 0.725490 0.823529
vt 0.725490 0.843137
vt 0.725490 0.862745
vt 0.725490 0.882353
vt 0.725490 0.901961
vt 0.725490 0.921569
vt 0.725490 0.941176
vt 0.725490 0.960784
vt 0.705882 0.000000
vt 0.705882 0.019608
vt 0.705882 0.039216
vt 0.705882 0.058824
vt 0.705882 0.078431
vt 0.705882 0.098039
vt 0.705882 0.117647
vt 0.705882 0.137255
vt 0.705882 0.156863
vt 0.705882 0.176471
vt 0.705882 0.196078
vt 0.705882 0.215686
vt 0.705883 0.235294
vt 0.705883 0.254902
vt 0.705883 0.274510
vt 0.705883 0.294118
vt 0.705883 0.313726
vt 0.705883 0.333333
vt 0.705883 0.352941
vt 0.705883 0.372549
vt 0.705883 0.392157
vt 0.705883 0.411765
vt 0.705883 0.431373
vt 0.705882 0.450980
vt 0.705882 0.470588
vt 0.705882 0.490196
vt 0.705882 0.509804
vt 0.705882 0.529412
vt 0.705882 0.549020
vt 0.705882 0.568628
vt 0.705882 0.588235
vt 0.705882 0.607843
vt 0.705882 0.627451
vt 0.705882 0.647059
vt 0.705882 0.666667
vt 0.705882 0.686275
vt 0.705882 0.705882
vt 0.705882 0.725490
vt 0.705882 0.745098
vt 0.705882 0.764706
vt 0.705882 0.784314
vt 0.705882 0.803922
vt 0.705882 0.823529
vt 0.705882 0.843137
vt 0.705882 0.862745
vt 0.705882 0.882353
vt 0.705882 0.901961
vt 0.705882 0.921569
vt 0.705882 0.941176
vt 0.705882 0.960784
vt 0.686275 0.000000
vt 0.686275 0.019608
vt 0.686275 0.039216
vt 0.686275 0.058824
vt 0.686275 0.078431
vt 0.686275 0.098039
vt 0.686275 0.117647
vt 0.686275 0.137255
vt 0.686275 0.156863
vt 0.686275 0.176471
vt 0.686275 0.196078
vt 0.686275 0.215686
vt 0.686275 0.235294
vt 0.686275 0.254902
vt 0.686275 0.274510
vt 0.686275 0.294118
vt 0.686275 0.313726
vt 0.686275 0.333333
vt 0.686275 0.352941
vt 0.686275 0.372549
vt 0.686275 0.392157
vt 0.686275 0.411765
vt 0.686275 0.431373
vt 0.686275 0.450980
vt 0.686275 0.470588
vt 0.686275 0.490196
vt 0.686275 0.509804
vt 0.686275 0.529412
vt 0.686275 0.549020
vt 0.686275 0.568628
vt 0.686275 0.588235
vt 0.686275 0.607843
vt 0.686275 0.627451
vt 0.686275 0.647059
vt 0.686275 0.666667
vt 0.686275 0.686275
vt 0.686275 0.705882
vt 0.686275 0.725490
vt 0.686275 0.745098
vt 0.686275 0.764706
vt 0.686275 0.784314
vt 0.686275 0.803922
vt 0.686275 0.823529
vt 0.686275 0.843137
vt 0.686275 0.862745
vt 0.686275 0.882353
vt 0.686275 0.901961
vt 0.686275 0.921569
vt 0.686275 0.941177
vt 0.686275 0.960784
vt 0.666667 0.000000
vt 0.666667 0.019608
vt 0.666667 0.039216
vt 0.666667 0.058824
vt 0.666667 0.078431
vt 0.666667 0.098039
vt 0.666667 0.117647
vt 0.666667 0.137255
vt 0.666667 0.156863
vt 0.666667 0.176471
vt 0.666667 0.196078
vt 0.666667 0.215686
vt 0.666667 0.235294
vt 0.666667 0.254902
vt 0.666667 0.274510
vt 0.666667 0.294118
vt 0.666667 0.313726
vt 0.666667 0.333333
vt 0.666667 0.352941
vt 0.666667 0.372549
vt 0.666667 0.392157
vt 0.666667 0.411765
vt 0.666667 0.431373
vt 0.666667 0.450980
vt 0.666667 0.470588
vt 0.666667 0.490196
vt 0.666667 0.509804
vt 0.666667 0.529412
vt 0.666667 0.549020
vt 0.666667 0.568628
vt 0.666667 0.588235
vt 0.666667 0.607843
vt 0.666667 0.627451
vt 0.666667 0.647059
vt 0.666667 0.666667
vt 0.666667 0.686275
vt 0.666667 0.705882
vt 0.666667 0.725490
vt 0.666667 0.745098
vt 0.666667 0.764706
vt 0.666667 0.784314
vt 0.666667 0.803922
vt 0.666667 0.823529
vt 0.666667 0.843137
vt 0.666667 0.862745
vt 0.666667 0.882353
vt 0.666667 0.901961
vt 0.666667 0.921569
vt 0.666667 0.941176
vt 0.666667 0.960784
vt 0.647059 0.000000
vt 0.647059 0.019608
vt 0.647059 0.039216
vt 0.647059 0.058824
vt 0.647059 0.078431
vt 0.647059 0.098039
vt 0.647059 0.117647
vt 0.647059 0.137255
vt 0.647059 0.156863
vt 0.647059 0.176471
vt 0.647059 0.196078
vt 0.647059 0.215686
vt 0.647059 0.235294
vt 0.647059 0.254902
vt 0.647059 0.274510
vt 0.647059 0.294118
vt 0.647059 0.313726
vt 0.647059 0.333333
vt 0.647059 0.352941
vt 0.647059 0.372549
vt 0.647059 0.392157
vt 0.647059 0.411765
vt 0.647059 0.431373
vt 0.647059 0.450980
vt 0.647059 0.470588
vt 0.647059 0.490196
vt 0.647059 0.509804
vt 0.647059 0.529412
vt 0.647059 0.549020
vt 0.647059 0.568628
vt 0.647059 0.588235
vt 0.647059 0.607843
vt 0.647059 0.627451
vt 0.647059 0.647059
vt 0.647059 0.666667
vt 0.647059 0.686275
vt 0.647059 0.705882
vt 0.647059 0.725490
vt 0.647059 0.745098
vt 0.647059 0.764706
vt 0.647059 0.784314
vt 0.647059 0.803922
vt 0.647059 0.823529
vt 0.647059 0.843137
vt 0.647059 0.862745
vt 0.647059 0.882353
vt 0.647059 0.901961
vt 0.647059 0.921569
vt 0.647059 0.941176
vt 0.647059 0.960784
vt 0.627451 0.000000
vt 0.627451 0.019608
vt 0.627451 0.039216
vt 0.627451 0.058824
vt 0.627451 0.078431
vt 0.627451 0.098039
vt 0.627451 0.117647
vt 0.627451 0.137255
vt 0.627451 0.156863
vt 0.627451 0.176471
vt 0.627451 0.196078
vt 0.627451 0.215686
vt 0.627451 0.235294
vt 0.627451 0.254902
vt 0.627451 0.274510
vt 0.627451 0.294118
vt 0.627451 0.313726
vt 0.627451 0.333333
vt 0.627451 0.352941
vt 0.627451 0.372549
vt 0.627451 0.392157
vt 0.627451 0.411765
vt 0.627451 0.431373
vt 0.627451 0.450980
vt 0.627451 0.470588
vt 0.627451 0.490196
vt 0.627451 0.509804
vt 0.627451 0.529412
vt 0.627451 0.549020
vt 0.627451 0.568628
vt 0.627451 0.588235
vt 0.627451 0.607843
vt 0.627451 0.627451
vt 0.627451 0.647059
vt 0.627451 0.666667
vt 0.627451 0.686275
vt 0.627451 0.705882
vt 0.627451 0.725490
vt 0.627451 0.745098
vt 0.627451 0.764706
vt 0.627451 0.784314
vt 0.627451 0.803922
vt 0.627451 0.823529
vt 0.627451 0.843137
vt 0.627451 0.862745
vt 0.627451 0.882353
vt 0.627451 0.901961
vt 0.627451 0.921569
vt 0.627451 0.941176
vt 0.627451 0.960784
vt 0.607843 0.000000
vt 0.607843 0.019608
vt 0.607843 0.039216
vt 0.607843 0.058824
vt 0.607843 0.078431
vt 0.607843 0.098039
vt 0.607843 0.117647
vt 0.607843 0.137255
vt 0.607843 0.156863
vt 0.607843 0.176471
vt 0.607843 0.196078
vt 0.607843 0.215686
vt 0.607843 0.235294
vt 0.607843 0.254902
vt 0.607843 0.274510
vt 0.607843 0.294118
vt 0.607843 0.313726
vt 0.607843 0.333333
vt 0.607843 0.352941
vt 0.607843 0.372549
vt 0.607843 0.392157
vt 0.607843 0.411765
vt 0.607843 0.431373
vt 0.607843 0.450980
vt 0.607843 0.470588
vt 0.607843 0.490196
vt 0.607843 0.509804
vt 0.607843 0.529412
vt 0.607843 0.549020
vt 0.607843 0.568628
vt 0.607843 0.588235
vt 0.607843 0.607843
vt 0.607843 0.627451
vt 0.607843 0.647059
vt 0.607843 0.666667
vt 0.607843 0.686275
vt 0.607843 0.705882
vt 0.607843 0.725490
vt 0.607843 0.745098
vt 0.607843 0.764706
vt 0.607843 0.784314
vt 0.607843 0.803922
vt 0.607843 0.823529
vt 0.607843 0.843137
vt 0.607843 0.862745
vt 0.607843 0.882353
vt 0.607843 0.901961
vt 0.607843 0.921569
vt 0.607843 0.941176
vt 0.607843 0.960784
vt 0.588235 0.000000
vt 0.588235 0.019608
vt 0.588235 0.039216
vt 0.588235 0.058824
vt 0.588235 0.078431
vt 0.588235 0.098039
vt 0.588235 0.117647
vt 0.588235 0.137255
vt 0.588235 0.156863
vt 0.588235 0.176471
vt 0.588235 0.196078
vt 0.588235 0.215686
vt 0.588235 0.235294
vt 0.588235 0.254902
vt 0.588235 0.274510
vt 0.588235 0.294118
vt 0.588235 0.313726
vt 0.588235 0.333333
vt 0.588235 0.352941
vt 0.588235 0.372549
vt 0.588235 0.392157
vt 0.588235 0.411765
vt 0.588235 0.431373
vt 0.588235 0.450980
vt 0.588235 0.470588
vt 0.588235 0.490196
vt 0.588235 0.509804
vt 0.588235 0.529412
vt 0.588235 0.549020
vt 0.588235 0.568628
vt 0.588235 0.588235
vt 0.588235 0.607843
vt 0.588235 0.627451
vt 0.588235 0.647059
vt 0.588235 0.666667
vt 0.588235 0.686275
vt 0.588235 0.705882
vt 0.588235 0.725490
vt 0.588235 0.745098
vt 0.588235 0.764706
vt 0.588235 0.784314
vt 0.588235 0.803922
vt 0.588235 0.823529
vt 0.588235 0.843137
vt 0.588235 0.862745
vt 0.588235 0.882353
vt 0.588235 0.901961
vt 0.588235 0.921569
vt 0.588235 0.941176
vt 0.588235 0.960784
vt 0.568628 0.000000
vt 0.568628 0.019608
vt 0.568628 0.039216
vt 0.568628 0.058824
vt 0.568628 0.078431
vt 0.568628 0.098039
vt 0.568628 0.117647
vt 0.568628 0.137255
vt 0.568628 0.156863
vt 0.568628 0.176471
vt 0.568628 0.196078
vt 0.568628 0.215686
vt 0.568628 0.235294
vt 0.568628 0.254902
vt 0.568628 0.274510
vt 0.568628 0.294118
vt 0.568628 0.313726
vt 0.568628 0.333333
vt 0.568628 0.352941
vt 0.568628 0.372549
vt 0.568628 0.392157
vt 0.568628 0.411765
vt 0.568628 0.431373
vt 0.568628 0.450980
vt 0.568628 0.470588
vt 0.568628 0.490196
vt 0.568628 0.509804
vt 0.568628 0.529412
vt 0.568628 0.549020
vt 0.568628 0.568628
vt 0.568628 0.588235
vt 0.568628 0.607843
vt 0.568628 0.627451
vt 0.568628 0.647059
vt 0.568628 0.666667
vt 0.568628 0.686275
vt 0.568628 0.705882
vt 0.568628 0.725490
vt 0.568628 0.745098
vt 0.568628 0.764706
vt 0.568628 0.784314
vt 0.568628 0.803922
vt 0.568628 0.823529
vt 0.568628 0.843137
vt 0.568628 0.862745
vt 0.568628 0.882353
vt 0.568628 0.901961
vt 0.568628 0.921569
vt 0.568628 0.941176
vt 0.568628 0.960784
vt 0.549020 0.000000
vt 0.549020 0.019608
vt 0.549020 0.039216
vt 0.549020 0.058824
vt 0.549020 0.078431
vt 0.549020 0.098039
vt 0.549020 0.117647
vt 0.549020 0.137255
vt 0.549020 0.156863
vt 0.549020 0.176471
vt 0.549020 0.196078
vt 0.549020 0.215686
vt 0.549020 0.235294
vt 0.549020 0.254902
vt 0.549020 0.274510
vt 0.549020 0.294118
vt 0.549020 0.313726
vt 0.549020 0.333333
vt 0.549020 0.352941
vt 0.549020 0.372549
vt 0.549020 0.392157
vt 0.549020 0.411765
vt 0.549020 0.431373
vt 0.549020 0.450980
vt 0.549020 0.470588
vt 0.549020 0.490196
vt 0.549020 0.509804
vt 0.549020 0.529412
vt 0.549020 0.549020
vt 0.549020 0.568628
vt 0.549020 0.588235
vt 0.549020 0.607843
vt 0.549020 0.627451
vt 0.549020 0.647059
vt 0.549020 0.666667
vt 0.549020 0.686275
vt 0.549020 0.705882
vt 0.549020 0.725490
vt 0.549020 0.745098
vt 0.549020 0.764706
vt 0.549020 0.784314
vt 0.549020 0.803922
vt 0.549020 0.823529
vt 0.549020 0.843137
vt 0.549020 0.862745
vt 0.549020 0.882353
vt 0.549020 0.901961
vt 0.549020 0.921569
vt 0.549020 0.941176
vt 0.549020 0.960784
vt 0.529412 0.000000
vt 0.529412 0.019608
vt 0.529412 0.039216
vt 0.529412 0.058824
vt 0.529412 0.078431
vt 0.529412 0.098039
vt 0.529412 0.117647
vt 0.529412 0.137255
vt 0.529412 0.156863
vt 0.529412 0.176471
vt 0.529412 0.196078
vt 0.529412 0.215686
vt 0.529412 0.235294
vt 0.529412 0.254902
vt 0.529412 0.274510
vt 0.529412 0.294118
vt 0.529412 0.313726
vt 0.529412 0.333333
vt 0.529412 0.352941
vt 0.529412 0.372549
vt 0.529412 0.392157
vt 0.529412 0.411765
vt 0.529412 0.431373
vt 0.529412 0.450980
vt 0.529412 0.470588
vt 0.529412 0.490196
vt 0.529412 0.509804
vt 0.529412 0.529412
vt 0.529412 0.549020
vt 0.529412 0.568628
vt 0.529412 0.588235
vt 0.529412 0.607843
vt 0.529412 0.627451
vt 0.529412 0.647059
vt 0.529412 0.666667
vt 0.529412 0.686275
vt 0.529412 0.705882
vt 0.529412 0.725490
vt 0.529412 0.745098
vt 0.529412 0.764706
vt 0.529412 0.784314
vt 0.529412 0.803922
vt 0.529412 0.823529
vt 0.529412 0.843137
vt 0.529412 0.862745
vt 0.529412 0.882353
vt 0.529412 0.901961
vt 0.529412 0.921569
vt 0.529412 0.941176
vt 0.529412 0.960784
vt 0.509804 0.000000
vt 0.509804 0.019608
vt 0.509804 0.039216
vt 0.509804 0.058824
vt 0.509804 0.078431
vt 0.509804 0.098039
vt 0.509804 0.117647
vt 0.509804 0.137255
vt 0.509804 0.156863
vt 0.509804 0.176471
vt 0.509804 0.196078
vt 0.509804 0.215686
vt 0.509804 0.235294
vt 0.509804 0.254902
vt 0.509804 0.274510
vt 0.509804 0.294118
vt 0.509804 0.313726
vt 0.509804 0.333333
vt 0.509804 0.352941
vt 0.509804 0.372549
vt 0.509804 0.392157
vt 0.509804 0.411765
vt 0.509804 0.431373
vt 0.509804 0.450980
vt 0.509804 0.470588
vt 0.509804 0.490196
vt 0.509804 0.509804
vt 0.509804 0.529412
vt 0.509804 0.549020
vt 0.509804 0.568628
vt 0.509804 0.588235
vt 0.509804 0.607843
vt 0.509804 0.627451
vt 0.509804 0.647059
vt 0.509804 0.666667
vt 0.509804 0.686275
vt 0.509804 0.705882
vt 0.509804 0.725490
vt 0.509804 0.745098
vt 0.509804 0.764706
vt 0.509804 0.784314
vt 0.509804 0.803922
vt 0.509804 0.823529
vt 0.509804 0.843137
vt 0.509804 0.862745
vt 0.509804 0.882353
vt 0.509804 0.901961
vt 0.509804 0.921569
vt 0.509804 0.941176
vt 0.509804 0.960784
vt 0.490196 0.000000
vt 0.490196 0.019608
vt 0.490196 0.039216
vt 0.490196 0.058824
vt 0.490196 0.078431
vt 0.490196 0.098039
vt 0.490196 0.117647
vt 0.490196 0.137255
vt 0.490196 0.156863
vt 0.490196 0.176471
vt 0.490196 0.196078
vt 0.490196 0.215686
vt 0.490196 0.235294
vt 0.490196 0.254902
vt 0.490196 0.274510
vt 0.490196 0.294118
vt 0.490196 0.313726
vt 0.490196 0.333333
vt 0.490196 0.352941
vt 0.490196 0.372549
vt 0.490196 0.392157
vt 0.490196 0.411765
vt 0.490196 0.431373
vt 0.490196 0.450980
vt 0.490196 0.470588
vt 0.490196 0.490196
vt 0.490196 0.509804
vt 0.490196 0.529412
vt 0.490196 0.549020
vt 0.490196 0.568628
vt 0.490196 0.588235
vt 0.490196 0.607843
vt 0.490196 0.627451
vt 0.490196 0.647059
vt 0.490196 0.666667
vt 0.490196 0.686275
vt 0.490196 0.705882
vt 0.490196 0.725490
vt 0.490196 0.745098
vt 0.490196 0.764706
vt 0.490196 0.784314
vt 0.490196 0.803922
vt 0.490196 0.823529
vt 0.490196 0.843137
vt 0.490196 0.862745
vt 0.490196 0.882353
vt 0.490196 0.901961
vt 0.490196 0.921569
vt 0.490196 0.941176
vt 0.490196 0.960784
vt 0.470588 0.000000
vt 0.470588 0.019608
vt 0.470588 0.039216
vt 0.470588 0.058824
vt 0.470588 0.078431
vt 0.470588 0.098039
vt 0.470588 0.117647
vt 0.470588 0.137255
vt 0.470588 0.156863
vt 0.470588 0.176471
vt 0.470588 0.196078
vt 0.470588 0.215686
vt 0.470588 0.235294
vt 0.470588 0.254902
vt 0.470588 0.274510
vt 0.470588 0.294118
vt 0.470588 0.313726
vt 0.470588 0.333333
vt 0.470588 0.352941
vt 0.470588 0.372549
vt 0.470588 0.392157
vt 0.470588 0.411765
vt 0.470588 0.431373
vt 0.470588 0.450980
vt 0.470588 0.470588
vt 0.470588 0.490196
vt 0.470588 0.509804
vt 0.470588 0.529412
vt 0.470588 0.549020
vt 0.470588 0.568628
vt 0.470588 0.588235
vt 0.470588 0.607843
vt 0.470588 0.627451
vt 0.470588 0.647059
vt 0.470588 0.666667
vt 0.470588 0.686275
vt 0.470588 0.705882
vt 0.470588 0.725490
vt 0.470588 0.745098
vt 0.470588 0.764706
vt 0.470588 0.784314
vt 0.470588 0.803922
vt 0.470588 0.823529
vt 0.470588 0.843137
vt 0.470588 0.862745
vt 0.470588 0.882353
vt 0.470588 0.901961
vt 0.470588 0.921569
vt 0.470588 0.941176
vt 0.470588 0.960784
vt 0.450980 0.000000
vt 0.450980 0.019608
vt 0.450980 0.039216
vt 0.450980 0.058824
vt 0.450980 0.078431
vt 0.450980 0.098039
vt 0.450980 0.117647
vt 0.450980 0.137255
vt 0.450980 0.156863
vt 0.450980 0.176471
vt 0.450980 0.196078
vt 0.450980 0.215686
vt 0.450980 0.235294
vt 0.450980 0.254902
vt 0.450980 0.274510
vt 0.450981 0.294118
vt 0.450980 0.313726
vt 0.450980 0.333333
vt 0.450980 0.352941
vt 0.450980 0.372549
vt 0.450980 0.392157
vt 0.450980 0.411765
vt 0.450980 0.431373
vt 0.450980 0.450980
vt 0.450980 0.470588
vt 0.450980 0.490196
vt 0.450980 0.509804
vt 0.450980 0.529412
vt 0.450980 0.549020
vt 0.450980 0.568628
vt 0.450980 0.588235
vt 0.450980 0.607843
vt 0.450980 0.627451
vt 0.450980 0.647059
vt 0.450980 0.666667
vt 0.450980 0.686275
vt 0.450980 0.705882
vt 0.450980 0.725490
vt 0.450980 0.745098
vt 0.450980 0.764706
vt 0.450980 0.784314
vt 0.450980 0.803922
vt 0.450980 0.823529
vt 0.450980 0.843137
vt 0.450980 0.862745
vt 0.450980 0.882353
vt 0.450980 0.901961
vt 0.450980 0.921569
vt 0.450980 0.941176
vt 0.450980 0.960784
vt 0.431373 0.000000
vt 0.431373 0.019608
vt 0.431373 0.039216
vt 0.431373 0.058824
vt 0.431373 0.078431
vt 0.431373 0.098039
vt 0.431373 0.117647
vt 0.431373 0.137255
vt 0.431373 0.156863
vt 0.431373 0.176471
vt 0.431373 0.196078
vt 0.431373 0.215686
vt 0.431373 0.235294
vt 0.431373 0.254902
vt 0.431373 0.274510
vt 0.431373 0.294118
vt 0.431373 0.313726
vt 0.431373 0.333333
vt 0.431373 0.352941
vt 0.431373 0.372549
vt 0.431373 0.392157
vt 0.431373 0.411765
vt 0.431373 0.431373
vt 0.431373 0.450980
vt 0.431373 0.470588
vt 0.431373 0.490196
vt 0.431373 0.509804
vt 0.431373 0.529412
vt 0.431373 0.549020
vt 0.431373 0.568628
vt 0.431373 0.588235
vt 0.431373 0.607843
vt 0.431373 0.627451
vt 0.431373 0.647059
vt 0.431373 0.666667
vt 0.431373 0.686275
vt 0.431373 0.705882
vt 0.431373 0.725490
vt 0.431373 0.745098
vt 0.431373 0.764706
vt 0.431373 0.784314
vt 0.431373 0.803922
vt 0.431373 0.823529
vt 0.431373 0.843137
vt 0.431373 0.862745
vt 0.431373 0.882353
vt 0.431373 0.901961
vt 0.431373 0.921569
vt 0.431373 0.941176
vt 0.431373 0.960784
vt 0.411765 0.000000
vt 0.411765 0.019608
vt 0.411765 0.039216
vt 0.411765 0.058824
vt 0.411765 0.078431
vt 0.411765 0.098039
vt 0.411765 0.117647
vt 0.411765 0.137255
vt 0.411765 0.156863
vt 0.411765 0.176471
vt 0.411765 0.196078
vt 0.411765 0.215686
vt 0.411765 0.235294
vt 0.411765 0.254902
vt 0.411765 0.274510
vt 0.411765 0.294118
vt 0.411765 0.313726
vt 0.411765 0.333333
vt 0.411765 0.352941
vt 0.411765 0.372549
vt 0.411765 0.392157
vt 0.411765 0.411765
vt 0.411765 0.431373
vt 0.411765 0.450980
vt 0.411765 0.470588
vt 0.411765 0.490196
vt 0.411765 0.509804
vt 0.411765 0.529412
vt 0.411765 0.549020
vt 0.411765 0.568628
vt 0.411765 0.588235
vt 0.411765 0.607843
vt 0.411765 0.627451
vt 0.411765 0.647059
vt 0.411765 0.666667
vt 0.411765 0.686275
vt 0.411765 0.705882
vt 0.411765 0.725490
vt 0.411765 0.745098
vt 0.411765 0.764706
vt 0.411765 0.784314
vt 0.411765 0.803922
vt 0.411765 0.823529
vt 0.411765 0.843137
vt 0.411765 0.862745
vt 0.411765 0.882353
vt 0.411765 0.901961
vt 0.411765 0.921569
vt 0.411765 0.941176
vt 0.411765 0.960784
vt 0.392157 0.000000
vt 0.392157 0.019608
vt 0.392157 0.039216
vt 0.392157 0.058824
vt 0.392157 0.078431
vt 0.392157 0.098039
vt 0.392157 0.117647
vt 0.392157 0.137255
vt 0.392157 0.156863
vt 0.392157 0.176471
vt 0.392157 0.196078
vt 0.392157 0.215686
vt 0.392157 0.235294
vt 0.392157 0.254902
vt 0.392157 0.274510
vt 0.392157 0.294118
vt 0.392157 0.313726
vt 0.392157 0.333333
vt 0.392157 0.352941
vt 0.392157 0.372549
vt 0.392157 0.392157
vt 0.392157 0.411765
vt 0.392157 0.431373
vt 0.392157 0.450980
vt 0.392157 0.470588
vt 0.392157 0.490196
vt 0.392157 0.509804
vt 0.392157 0.529412
vt 0.392157 0.549020
vt 0.392157 0.568628
vt 0.392157 0.588235
vt 0.392157 0.607843
vt 0.392157 0.627451
vt 0.392157 0.647059
vt 0.392157 0.666667
vt 0.392157 0.686275
vt 0.392157 0.705882
vt 0.392157 0.725490
vt 0.392157 0.745098
vt 0.392157 0.764706
vt 0.392157 0.784314
vt 0.392157 0.803922
vt 0.392157 0.823529
vt 0.392157 0.843137
vt 0.392157 0.862745
vt 0.392157 0.882353
vt 0.392157 0.901961
vt 0.392157 0.921569
vt 0.392157 0.941176
vt 0.392157 0.960784
vt 0.372549 0.000000
vt 0.372549 0.019608
vt 0.372549 0.039216
vt 0.372549 0.058824
vt 0.372549 0.078431
vt 0.372549 0.098039
vt 0.372549 0.117647
vt 0.372549 0.137255
vt 0.372549 0.156863
vt 0.372549 0.176471
vt 0.372549 0.196078
vt 0.372549 0.215686
vt 0.372549 0.235294
vt 0.372549 0.254902
vt 0.372549 0.274510
vt 0.372549 0.294118
vt 0.372549 0.313726
vt 0.372549 0.333333
vt 0.372549 0.352941
vt 0.372549 0.372549
vt 0.372549 0.392157
vt 0.372549 0.411765
vt 0.372549 0.431373
vt 0.372549 0.450980
vt 0.372549 0.470588
vt 0.372549 0.490196
vt 0.372549 0.509804
vt 0.372549 0.529412
vt 0.372549 0.549020
vt 0.372549 0.568628
vt 0.372549 0.588235
vt 0.372549 0.607843
vt 0.372549 0.627451
vt 0.372549 0.647059
vt 0.372549 0.666667
vt 0.372549 0.686275
vt 0.372549 0.705882
vt 0.372549 0.725490
vt 0.372549 0.745098
vt 0.372549 0.764706
vt 0.372549 0.784314
vt 0.372549 0.803922
vt 0.372549 0.823529
vt 0.372549 0.843137
vt 0.372549 0.862745
vt 0.372549 0.882353
vt 0.372549 0.901961
vt 0.372549 0.921569
vt 0.372549 0.941176
vt 0.372549 0.960784
vt 0.352941 0.000000
vt 0.352941 0.019608
vt 0.352941 0.039216
vt 0.352941 0.058824
vt 0.352941 0.078431
vt 0.352941 0.098039
vt 0.352941 0.117647
vt 0.352941 0.137255
vt 0.352941 0.156863
vt 0.352941 0.176471
vt 0.352941 0.196078
vt 0.352941 0.215686
vt 0.352941 0.235294
vt 0.352941 0.254902
vt 0.352941 0.274510
vt 0.352941 0.294118
vt 0.352941 0.313726
vt 0.352941 0.333333
vt 0.352941 0.352941
vt 0.352941 0.372549
vt 0.352941 0.392157
vt 0.352941 0.411765
vt 0.352941 0.431373
vt 0.352941 0.450980
vt 0.352941 0.470588
vt 0.352941 0.490196
vt 0.352941 0.509804
vt 0.352941 0.529412
vt 0.352941 0.549020
vt 0.352941 0.568628
vt 0.352941 0.588235
vt 0.352941 0.607843
vt 0.352941 0.627451
vt 0.352941 0.647059
vt 0.352941 0.666667
vt 0.352941 0.686275
vt 0.352941 0.705882
vt 0.352941 0.725490
vt 0.352941 0.745098
vt 0.352941 0.764706
vt 0.352941 0.784314
vt 0.352941 0.803922
vt 0.352941 0.823529
vt 0.352941 0.843137
vt 0.352941 0.862745
vt 0.352941 0.882353
vt 0.352941 0.901961
vt 0.352941 0.921569
vt 0.352941 0.941176
vt 0.352941 0.960784
vt 0.333333 0.000000
vt 0.333333 0.019608
vt 0.333333 0.039216
vt 0.333333 0.058824
vt 0.333333 0.078431
vt 0.333333 0.098039
vt 0.333333 0.117647
vt 0.333333 0.137255
vt 0.333333 0.156863
vt 0.333333 0.176471
vt 0.333333 0.196078
vt 0.333333 0.215686
vt 0.333333 0.235294
vt 0.333333 0.254902
vt 0.333333 0.274510
vt 0.333333 0.294118
vt 0.333333 0.313726
vt 0.333333 0.333333
vt 0.333333 0.352941
vt 0.333333 0.372549
vt 0.333333 0.392157
vt 0.333333 0.411765
vt 0.333333 0.431373
vt 0.333333 0.450980
vt 0.333333 0.470588
vt 0.333333 0.490196
vt 0.333333 0.509804
vt 0.333333 0.529412
vt 0.333333 0.549020
vt 0.333333 0.568628
vt 0.333333 0.588235
vt 0.333333 0.607843
vt 0.333333 0.627451
vt 0.333333 0.647059
vt 0.333333 0.666667
vt 0.333333 0.686275
vt 0.333333 0.705882
vt 0.333333 0.725490
vt 0.333333 0.745098
vt 0.333333 0.764706
vt 0.333333 0.784314
vt 0.333333 0.803922
vt 0.333333 0.823529
vt 0.333333 0.843137
vt 0.333333 0.862745
vt 0.333333 0.882353
vt 0.333333 0.901961
vt 0.333333 0.921569
vt 0.333333 0.941176
vt 0.333333 0.960784
vt 0.313726 0.000000
vt 0.313726 0.019608
vt 0.313726 0.039216
vt 0.313726 0.058824
vt 0.313726 0.078431
vt 0.313726 0.098039
vt 0.313726 0.117647
vt 0.313726 0.137255
vt 0.313726 0.156863
vt 0.313726 0.176471
vt 0.313726 0.196078
vt 0.313726 0.215686
vt 0.313726 0.235294
vt 0.313726 0.254902
vt 0.313726 0.274510
vt 0.313726 0.294118
vt 0.313726 0.313726
vt 0.313726 0.333333
vt 0.313726 0.352941
vt 0.313726 0.372549
vt 0.313726 0.392157
vt 0.313726 0.411765
vt 0.313726 0.431373
vt 0.313726 0.450980
vt 0.313726 0.470588
vt 0.313726 0.490196
vt 0.313726 0.509804
vt 0.313726 0.529412
vt 0.313726 0.549020
vt 0.313726 0.568628
vt 0.313726 0.588235
vt 0.313726 0.607843
vt 0.313726 0.627451
vt 0.313726 0.647059
vt 0.313726 0.666667
vt 0.313726 0.686275
vt 0.313726 0.705882
vt 0.313726 0.725490
vt 0.313726 0.745098
vt 0.313726 0.764706
vt 0.313726 0.784314
vt 0.313726 0.803922
vt 0.313726 0.823529
vt 0.313726 0.843137
vt 0.313726 0.862745
vt 0.313726 0.882353
vt 0.313726 0.901961
vt 0.313726 0.921569
vt 0.313726 0.941176
vt 0.313726 0.960784
vt 0.294118 0.000000
vt 0.294118 0.019608
vt 0.294118 0.039216
vt 0.294118 0.058824
vt 0.294118 0.078431
vt 0.294118 0.098039
vt 0.294118 0.117647
vt 0.294118 0.137255
vt 0.294118 0.156863
vt 0.294118 0.176471
vt 0.294118 0.196078
vt 0.294118 0.215686
vt 0.294118 0.235294
vt 0.294118 0.254902
vt 0.294118 0.274510
vt 0.294118 0.294118
vt 0.294118 0.313726
vt 0.294118 0.333333
vt 0.294118 0.352941
vt 0.294118 0.372549
vt 0.294118 0.392157
vt 0.294118 0.411765
vt 0.294118 0.431373
vt 0.294118 0.450980
vt 0.294118 0.470588
vt 0.294118 0.490196
vt 0.294118 0.509804
vt 0.294118 0.529412
vt 0.294118 0.549020
vt 0.294118 0.568628
vt 0.294118 0.588235
vt 0.294118 0.607843
vt 0.294118 0.627451
vt 0.294118 0.647059
vt 0.294118 0.666667
vt 0.294118 0.686275
vt 0.294118 0.705882
vt 0.294118 0.725490
vt 0.294118 0.745098
vt 0.294118 0.764706
vt 0.294118 0.784314
vt 0.294118 0.803922
vt 0.294118 0.823529
vt 0.294118 0.843137
vt 0.294118 0.862745
vt 0.294118 0.882353
vt 0.294118 0.901961
vt 0.294118 0.921569
vt 0.294118 0.941176
vt 0.294118 0.960784
vt 0.274510 0.000000
vt 0.274510 0.019608
vt 0.274510 0.039216
vt 0.274510 0.058824
vt 0.274510 0.078431
vt 0.274510 0.098039
vt 0.274510 0.117647
vt 0.274510 0.137255
vt 0.274510 0.156863
vt 0.274510 0.176471
vt 0.274510 0.196078
vt 0.274510 0.215686
vt 0.274510 0.235294
vt 0.274510 0.254902
vt 0.274510 0.274510
vt 0.274510 0.294118
vt 0.274510 0.313726
vt 0.274510 0.333333
vt 0.274510 0.352941
vt 0.274510 0.372549
vt 0.274510 0.392157
vt 0.274510 0.411765
vt 0.274510 0.431373
vt 0.274510 0.450980
vt 0.274510 0.470588
vt 0.274510 0.490196
vt 0.274510 0.509804
vt 0.274510 0.529412
vt 0.274510 0.549020
vt 0.274510 0.568628
vt 0.274510 0.588235
vt 0.274510 0.607843
vt 0.274510 0.627451
vt 0.274510 0.647059
vt 0.274510 0.666667
vt 0.274510 0.686275
vt 0.274510 0.705882
vt 0.274510 0.725490
vt 0.274510 0.745098
vt 0.274510 0.764706
vt 0.274510 0.784314
vt 0.274510 0.803922
vt 0.274510 0.823529
vt 0.274510 0.843137
vt 0.274510 0.862745
vt 0.274510 0.882353
vt 0.274510 0.901961
vt 0.274510 0.921569
vt 0.274510 0.941176
vt 0.274510 0.960784
vt 0.254902 0.000000
vt 0.254902 0.019608
vt 0.254902 0.039216
vt 0.254902 0.058824
vt 0.254902 0.078431
vt 0.254902 0.098039
vt 0.254902 0.117647
vt 0.254902 0.137255
vt 0.254902 0.156863
vt 0.254902 0.176471
vt 0.254902 0.196078
vt 0.254902 0.215686
vt 0.254902 0.235294
vt 0.254902 0.254902
vt 0.254902 0.274510
vt 0.254902 0.294118
vt 0.254902 0.313726
vt 0.254902 0.333333
vt 0.254902 0.352941
vt 0.254902 0.372549
vt 0.254902 0.392157
vt 0.254902 0.411765
vt 0.254902 0.431373
vt 0.254902 0.450980
vt 0.254902 0.470588
vt 0.254902 0.490196
vt 0.254902 0.509804
vt 0.254902 0.529412
vt 0.254902 0.549020
vt 0.254902 0.568628
vt 0.254902 0.588235
vt 0.254902 0.607843
vt 0.254902 0.627451
vt 0.254902 0.647059
vt 0.254902 0.666667
vt 0.254902 0.686275
vt 0.254902 0.705882
vt 0.254902 0.725490
vt 0.254902 0.745098
vt 0.254902 0.764706
vt 0.254902 0.784314
vt 0.254902 0.803922
vt 0.254902 0.823529
vt 0.254902 0.843137
vt 0.254902 0.862745
vt 0.254902 0.882353
vt 0.254902 0.901961
vt 0.254902 0.921569
vt 0.254902 0.941176
vt 0.254902 0.960784
vt 0.235294 0.000000
vt 0.235294 0.019608
vt 0.235294 0.039216
vt 0.235294 0.058824
vt 0.235294 0.078431
vt 0.235294 0.098039
vt 0.235294 0.117647
vt 0.235294 0.137255
vt 0.235294 0.156863
vt 0.235294 0.176471
vt 0.235294 0.196078
vt 0.235294 0.215686
vt 0.235294 0.235294
vt 0.235294 0.254902
vt 0.235294 0.274510
vt 0.235294 0.294118
vt 0.235294 0.313726
vt 0.235294 0.333333
vt 0.235294 0.352941
vt 0.235294 0.372549
vt 0.235294 0.392157
vt 0.235294 0.411765
vt 0.235294 0.431373
vt 0.235294 0.450980
vt 0.235294 0.470588
vt 0.235294 0.490196
vt 0.235294 0.509804
vt 0.235294 0.529412
vt 0.235294 0.549020
vt 0.235294 0.568628
vt 0.235294 0.588235
vt 0.235294 0.607843
vt 0.235294 0.627451
vt 0.235294 0.647059
vt 0.235294 0.666667
vt 0.235294 0.686275
vt 0.235294 0.705882
vt 0.235294 0.725490
vt 0.235294 0.745098
vt 0.235294 0.764706
vt 0.235294 0.784314
vt 0.235294 0.803922
vt 0.235294 0.823529
vt 0.235294 0.843137
vt 0.235294 0.862745
vt 0.235294 0.882353
vt 0.235294 0.901961
vt 0.235294 0.921569
vt 0.235294 0.941176
vt 0.235294 0.960784
vt 0.215686 0.000000
vt 0.215686 0.019608
vt 0.215686 0.039216
vt 0.215686 0.058824
vt 0.215686 0.078431
vt 0.215686 0.098039
vt 0.215686 0.117647
vt 0.215686 0.137255
vt 0.215686 0.156863
vt 0.215686 0.176471
vt 0.215686 0.196078
vt 0.215686 0.215686
vt 0.215686 0.235294
vt 0.215686 0.254902
vt 0.215686 0.274510
vt 0.215686 0.294118
vt 0.215686 0.313726
vt 0.215686 0.333333
vt 0.215686 0.352941
vt 0.215686 0.372549
vt 0.215686 0.392157
vt 0.215686 0.411765
vt 0.215686 0.431373
vt 0.215686 0.450980
vt 0.215686 0.470588
vt 0.215686 0.490196
vt 0.215686 0.509804
vt 0.215686 0.529412
vt 0.215686 0.549020
vt 0.215686 0.568628
vt 0.215686 0.588235
vt 0.215686 0.607843
vt 0.215686 0.627451
vt 0.215686 0.647059
vt 0.215686 0.666667
vt 0.215686 0.686275
vt 0.215686 0.705882
vt 0.215686 0.725490
vt 0.215686 0.745098
vt 0.215686 0.764706
vt 0.215686 0.784314
vt 0.215686 0.803922
vt 0.215686 0.823529
vt 0.215686 0.843137
vt 0.215686 0.862745
vt 0.215686 0.882353
vt 0.215686 0.901961
vt 0.215686 0.921569
vt 0.215686 0.941176
vt 0.215686 0.960784
vt 0.196078 0.000000
vt 0.196078 0.019608
vt 0.196078 0.039216
vt 0.196078 0.058824
vt 0.196078 0.078431
vt 0.196078 0.098039
vt 0.196078 0.117647
vt 0.196078 0.137255
vt 0.196078 0.156863
vt 0.196078 0.176471
vt 0.196078 0.196078
vt 0.196078 0.215686
vt 0.196078 0.235294
vt 0.196078 0.254902
vt 0.196078 0.274510
vt 0.196078 0.294118
vt 0.196078 0.313726
vt 0.196078 0.333333
vt 0.196078 0.352941
vt 0.196078 0.372549
vt 0.196078 0.392157
vt 0.196078 0.411765
vt 0.196078 0.431373
vt 0.196078 0.450980
vt 0.196078 0.470588
vt 0.196078 0.490196
vt 0.196078 0.509804
vt 0.196078 0.529412
vt 0.196078 0.549020
vt 0.196078 0.568628
vt 0.196078 0.588235
vt 0.196078 0.607843
vt 0.196078 0.627451
vt 0.196078 0.647059
vt 0.196078 0.666667
vt 0.196078 0.686275
vt 0.196078 0.705882
vt 0.196078 0.725490
vt 0.196078 0.745098
vt 0.196078 0.764706
vt 0.196078 0.784314
vt 0.196078 0.803922
vt 0.196078 0.823529
vt 0.196078 0.843137
vt 0.196078 0.862745
vt 0.196078 0.882353
vt 0.196078 0.901961
vt 0.196078 0.921569
vt 0.196078 0.941176
vt 0.196078 0.960784
vt 0.176471 0.000000
vt 0.176471 0.019608
vt 0.176471 0.039216
vt 0.176471 0.058824
vt 0.176471 0.078431
vt 0.176471 0.098039
vt 0.176471 0.117647
vt 0.176471 0.137255
vt 0.176471 0.156863
vt 0.176471 0.176471
vt 0.176471 0.196078
vt 0.176471 0.215686
vt 0.176471 0.235294
vt 0.176471 0.254902
vt 0.176471 0.274510
vt 0.176471 0.294118
vt 0.176471 0.313726
vt 0.176471 0.333333
vt 0.176471 0.352941
vt 0.176471 0.372549
vt 0.176471 0.392157
vt 0.176471 0.411765
vt 0.176471 0.431373
vt 0.176471 0.450980
vt 0.176471 0.470588
vt 0.176471 0.490196
vt 0.176471 0.509804
vt 0.176471 0.529412
vt 0.176471 0.549020
vt 0.176471 0.568628
vt 0.176471 0.588235
vt 0.176471 0.607843
vt 0.176471 0.627451
vt 0.176471 0.647059
vt 0.176471 0.666667
vt 0.176471 0.686275
vt 0.176471 0.705882
vt 0.176471 0.725490
vt 0.176471 0.745098
vt 0.176471 0.764706
vt 0.176471 0.784314
vt 0.176471 0.803922
vt 0.176471 0.823529
vt 0.176471 0.843137
vt 0.176471 0.862745
vt 0.176471 0.882353
vt 0.176471 0.901961
vt 0.176471 0.921569
vt 0.176471 0.941176
vt 0.176471 0.960784
vt 0.156863 0.000000
vt 0.156863 0.019608
vt 0.156863 0.039216
vt 0.156863 0.058824
vt 0.156863 0.078431
vt 0.156863 0.098039
vt 0.156863 0.117647
vt 0.156863 0.137255
vt 0.156863 0.156863
vt 0.156863 0.176471
vt 0.156863 0.196078
vt 0.156863 0.215686
vt 0.156863 0.235294
vt 0.156863 0.254902
vt 0.156863 0.274510
vt 0.156863 0.294118
vt 0.156863 0.313726
vt 0.156863 0.333333
vt 0.156863 0.352941
vt 0.156863 0.372549
vt 0.156863 0.392157
vt 0.156863 0.411765
vt 0.156863 0.431373
vt 0.156863 0.450980
vt 0.156863 0.470588
vt 0.156863 0.490196
vt 0.156863 0.509804
vt 0.156863 0.529412
vt 0.156863 0.549020
vt 0.156863 0.568628
vt 0.156863 0.588235
vt 0.156863 0.607843
vt 0.156863 0.627451
vt 0.156863 0.647059
vt 0.156863 0.666667
vt 0.156863 0.686275
vt 0.156863 0.705882
vt 0.156863 0.725490
vt 0.156863 0.745098
vt 0.156863 0.764706
vt 0.156863 0.784314
vt 0.156863 0.803922
vt 0.156863 0.823529
vt 0.156863 0.843137
vt 0.156863 0.862745
vt 0.156863 0.882353
vt 0.156863 0.901961
vt 0.156863 0.921569
vt 0.156863 0.941176
vt 0.156863 0.960784
vt 0.137255 0.000000
vt 0.137255 0.019608
vt 0.137255 0.039216
vt 0.137255 0.058824
vt 0.137255 0.078431
vt 0.137255 0.098039
vt 0.137255 0.117647
vt 0.137255 0.137255
vt 0.137255 0.156863
vt 0.137255 0.176471
vt 0.137255 0.196078
vt 0.137255 0.215686
vt 0.137255 0.235294
vt 0.137255 0.254902
vt 0.137255 0.274510
vt 0.137255 0.294118
vt 0.137255 0.313726
vt 0.137255 0.333333
vt 0.137255 0.352941
vt 0.137255 0.372549
vt 0.137255 0.392157
vt 0.137255 0.411765
vt 0.137255 0.431373
vt 0.137255 0.450980
vt 0.137255 0.470588
vt 0.137255 0.490196
vt 0.137255 0.509804
vt 0.137255 0.529412
vt 0.137255 0.549020
vt 0.137255 0.568628
vt 0.137255 0.588235
vt 0.137255 0.607843
vt 0.137255 0.627451
vt 0.137255 0.647059
vt 0.137255 0.666667
vt 0.137255 0.686275
vt 0.137255 0.705882
vt 0.137255 0.725490
vt 0.137255 0.745098
vt 0.137255 0.764706
vt 0.137255 0.784314
vt 0.137255 0.803922
vt 0.137255 0.823529
vt 0.137255 0.843137
vt 0.137255 0.862745
vt 0.137255 0.882353
vt 0.137255 0.901961
vt 0.137255 0.921569
vt 0.137255 0.941176
vt 0.137255 0.960784
vt 0.117647 0.000000
vt 0.117647 0.019608
vt 0.117647 0.039216
vt 0.117647 0.058824
vt 0.117647 0.078431
vt 0.117647 0.098039
vt 0.117647 0.117647
vt 0.117647 0.137255
vt 0.117647 0.156863
vt 0.117647 0.176471
vt 0.117647 0.196078
vt 0.117647 0.215686
vt 0.117647 0.235294
vt 0.117647 0.254902
vt 0.117647 0.274510
vt 0.117647 0.294118
vt 0.117647 0.313726
vt 0.117647 0.333333
vt 0.117647 0.352941
vt 0.117647 0.372549
vt 0.117647 0.392157
vt 0.117647 0.411765
vt 0.117647 0.431373
vt 0.117647 0.450980
vt 0.117647 0.470588
vt 0.117647 0.490196
vt 0.117647 0.509804
vt 0.117647 0.529412
vt 0.117647 0.549020
vt 0.117647 0.568628
vt 0.117647 0.588235
vt 0.117647 0.607843
vt 0.117647 0.627451
vt 0.117647 0.647059
vt 0.117647 0.666667
vt 0.117647 0.686275
vt 0.117647 0.705882
vt 0.117647 0.725490
vt 0.117647 0.745098
vt 0.117647 0.764706
vt 0.117647 0.784314
vt 0.117647 0.803922
vt 0.117647 0.823529
vt 0.117647 0.843137
vt 0.117647 0.862745
vt 0.117647 0.882353
vt 0.117647 0.901961
vt 0.117647 0.921569
vt 0.117647 0.941176
vt 0.117647 0.960784
vt 0.098039 0.000000
vt 0.098039 0.019608
vt 0.098039 0.039216
vt 0.098039 0.058824
vt 0.098039 0.078431
vt 0.098039 0.098039
vt 0.098039 0.117647
vt 0.098039 0.137255
vt 0.098039 0.156863
vt 0.098039 0.176471
vt 0.098039 0.196078
vt 0.098039 0.215686
vt 0.098039 0.235294
vt 0.098039 0.254902
vt 0.098039 0.274510
vt 0.098039 0.294118
vt 0.098039 0.313726
vt 0.098039 0.333333
vt 0.098039 0.352941
vt 0.098039 0.372549
vt 0.098039 0.392157
vt 0.098039 0.411765
vt 0.098039 0.431373
vt 0.098039 0.450980
vt 0.098039 0.470588
vt 0.098039 0.490196
vt 0.098039 0.509804
vt 0.098039 0.529412
vt 0.098039 0.549020
vt 0.098039 0.568628
vt 0.098039 0.588235
vt 0.098039 0.607843
vt 0.098039 0.627451
vt 0.098039 0.647059
vt 0.098039 0.666667
vt 0.098039 0.686275
vt 0.098039 0.705882
vt 0.098039 0.725490
vt 0.098039 0.745098
vt 0.098039 0.764706
vt 0.098039 0.784314
vt 0.098039 0.803922
vt 0.098039 0.823529
vt 0.098039 0.843137
vt 0.098039 0.862745
vt 0.098039 0.882353
vt 0.098039 0.901961
vt 0.098039 0.921569
vt 0.098039 0.941176
vt 0.098039 0.960784
vt 0.078431 0.000000
vt 0.078431 0.019608
vt 0.078431 0.039216
vt 0.078431 0.058824
vt 0.078431 0.078431
vt 0.078431 0.098039
vt 0.078431 0.117647
vt 0.078431 0.137255
vt 0.078431 0.156863
vt 0.078431 0.176471
vt 0.078431 0.196078
vt 0.078431 0.215686
vt 0.078431 0.235294
vt 0.078431 0.254902
vt 0.078431 0.274510
vt 0.078431 0.294118
vt 0.078431 0.313726
vt 0.078431 0.333333
vt 0.078431 0.352941
vt 0.078431 0.372549
vt 0.078431 0.392157
vt 0.078431 0.411765
vt 0.078431 0.431373
vt 0.078431 0.450980
vt 0.078431 0.470588
vt 0.078431 0.490196
vt 0.078431 0.509804
vt 0.078431 0.529412
vt 0.078431 0.549020
vt 0.078431 0.568628
vt 0.078431 0.588235
vt 0.078431 0.607843
vt 0.078431 0.627451
vt 0.078431 0.647059
vt 0.078431 0.666667
vt 0.078431 0.686275
vt 0.078431 0.705882
vt 0.078431 0.725490
vt 0.078431 0.745098
vt 0.078431 0.764706
vt 0.078431 0.784314
vt 0.078431 0.803922
vt 0.078431 0.823529
vt 0.078431 0.843137
vt 0.078431 0.862745
vt 0.078431 0.882353
vt 0.078431 0.901961
vt 0.078431 0.921569
vt 0.078431 0.941176
vt 0.078431 0.960784
vt 0.058824 0.000000
vt 0.058824 0.019608
vt 0.058824 0.039216
vt 0.058824 0.058824
vt 0.058824 0.078431
vt 0.058824 0.098039
vt 0.058824 0.117647
vt 0.058824 0.137255
vt 0.058824 0.156863
vt 0.058824 0.176471
vt 0.058824 0.196078
vt 0.058824 0.215686
vt 0.058824 0.235294
vt 0.058824 0.254902
vt 0.058824 0.274510
vt 0.058824 0.294118
vt 0.058824 0.313726
vt 0.058824 0.333333
vt 0.058824 0.352941
vt 0.058824 0.372549
vt 0.058824 0.392157
vt 0.058824 0.411765
vt 0.058824 0.431373
vt 0.058824 0.450980
vt 0.058824 0.470588
vt 0.058824 0.490196
vt 0.058824 0.509804
vt 0.058824 0.529412
vt 0.058824 0.549020
vt 0.058824 0.568628
vt 0.058824 0.588235
vt 0.058824 0.607843
vt 0.058824 0.627451
vt 0.058824 0.647059
vt 0.058824 0.666667
vt 0.058824 0.686275
vt 0.058824 0.705882
vt 0.058824 0.725490
vt 0.058824 0.745098
vt 0.058824 0.764706
vt 0.058824 0.784314
vt 0.058824 0.803922
vt 0.058824 0.823529
vt 0.058824 0.843137
vt 0.058824 0.862745
vt 0.058824 0.882353
vt 0.058824 0.901961
vt 0.058824 0.921569
vt 0.058824 0.941176
vt 0.058824 0.960784
vt 0.039216 0.000000
vt 0.039216 0.019608
vt 0.039216 0.039216
vt 0.039216 0.058824
vt 0.039216 0.078431
vt 0.039216 0.098039
vt 0.039216 0.117647
vt 0.039216 0.137255
vt 0.039216 0.156863
vt 0.039216 0.176471
vt 0.039216 0.196078
vt 0.039216 0.215686
vt 0.039216 0.235294
vt 0.039216 0.254902
vt 0.039216 0.274510
vt 0.039216 0.294118
vt 0.039216 0.313726
vt 0.039216 0.333333
vt 0.039216 0.352941
vt 0.039216 0.372549
vt 0.039216 0.392157
vt 0.039216 0.411765
vt 0.039216 0.431373
vt 0.039216 0.450980
vt 0.039216 0.470588
vt 0.039216 0.490196
vt 0.039216 0.509804
vt 0.039216 0.529412
vt 0.039216 0.549020
vt 0.039216 0.568628
vt 0.039216 0.588235
vt 0.039216 0.607843
vt 0.039216 0.627451
vt 0.039216 0.647059
vt 0.039216 0.666667
vt 0.039216 0.686275
vt 0.039216 0.705882
vt 0.039216 0.725490
vt 0.039216 0.745098
vt 0.039216 0.764706
vt 0.039216 0.784314
vt 0.039216 0.803922
vt 0.039216 0.823529
vt 0.039216 0.843137
vt 0.039216 0.862745
vt 0.039216 0.882353
vt 0.039216 0.901961
vt 0.039216 0.921569
vt 0.039216 0.941176
vt 0.039216 0.960784
vt 0.019608 0.000000
vt 0.019608 0.019608
vt 0.019608 0.039216
vt 0.019608 0.058824
vt 0.019608 0.078431
vt 0.019608 0.098039
vt 0.019608 0.117647
vt 0.019608 0.137255
vt 0.019608 0.156863
vt 0.019608 0.176471
vt 0.019608 0.196078
vt 0.019608 0.215686
vt 0.019608 0.235294
vt 0.019608 0.254902
vt 0.019608 0.274510
vt 0.019608 0.294118
vt 0.019608 0.313726
vt 0.019608 0.333333
vt 0.019608 0.352941
vt 0.019608 0.372549
vt 0.019608 0.392157
vt 0.019608 0.411765
vt 0.019608 0.431373
vt 0.019608 0.450980
vt 0.019608 0.470588
vt 0.019608 0.490196
vt 0.019608 0.509804
vt 0.019608 0.529412
vt 0.019608 0.549020
vt 0.019608 0.568628
vt 0.019608 0.588235
vt 0.019608 0.607843
vt 0.019608 0.627451
vt 0.019608 0.647059
vt 0.019608 0.666667
vt 0.019608 0.686275
vt 0.019608 0.705882
vt 0.019608 0.725490
vt 0.019608 0.745098
vt 0.019608 0.764706
vt 0.019608 0.784314
vt 0.019608 0.803922
vt 0.019608 0.823529
vt 0.019608 0.843137
vt 0.019608 0.862745
vt 0.019608 0.882353
vt 0.019608 0.901961
vt 0.019608 0.921569
vt 0.019608 0.941176
vt 0.019608 0.960784
vt 0.000000 0.019608
vt 0.000000 0.039216
vt 0.000000 0.058824
vt 0.000000 0.078431
vt 0.000000 0.098039
vt 0.000000 0.117647
vt 0.000000 0.137255
vt 0.000000 0.156863
vt 0.000000 0.176471
vt 0.000000 0.196078
vt 0.000000 0.215686
vt 0.000000 0.235294
vt 0.000000 0.254902
vt 0.000000 0.274510
vt 0.000000 0.294118
vt 0.000000 0.313726
vt 0.000000 0.333333
vt 0.000000 0.352941
vt 0.000000 0.372549
vt 0.000000 0.392157
vt 0.000000 0.411765
vt 0.000000 0.431373
vt 0.000000 0.450980
vt 0.000000 0.470588
vt 0.000000 0.490196
vt 0.000000 0.509804
vt 0.000000 0.529412
vt 0.000000 0.549020
vt 0.000000 0.568628
vt 0.000000 0.588235
vt 0.000000 0.607843
vt 0.000000 0.627451
vt 0.000000 0.647059
vt 0.000000 0.666667
vt 0.000000 0.686275
vt 0.000000 0.705882
vt 0.000000 0.725490
vt 0.000000 0.745098
vt 0.000000 0.764706
vt 0.000000 0.784314
vt 0.000000 0.803922
vt 0.000000 0.823529
vt 0.000000 0.843137
vt 0.000000 0.862745
vt 0.000000 0.882353
vt 0.000000 0.901961
vt 0.000000 0.921569
vt 0.000000 0.941176
vt 0.000000 0.960784
vt 1.000000 0.019608
vt 1.000000 0.039216
vt 1.000000 0.058824
vt 1.000000 0.078431
vt 1.000000 0.098039
vt 1.000000 0.117647
vt 1.000000 0.137255
vt 1.000000 0.156863
vt 1.000000 0.176471
vt 1.000000 0.196078
vt 1.000000 0.215686
vt 1.000000 0.235294
vt 1.000000 0.254902
vt 1.000000 0.274510
vt 1.000000 0.294118
vt 1.000000 0.313726
vt 1.000000 0.333333
vt 1.000000 0.352941
vt 1.000000 0.372549
vt 1.000000 0.392157
vt 1.000000 0.411765
vt 1.000000 0.431373
vt 1.000000 0.450980
vt 1.000000 0.470588
vt 1.000000 0.490196
vt 1.000000 0.509804
vt 1.000000 0.529412
vt 1.000000 0.549020
vt 1.000000 0.568628
vt 1.000000 0.588235
vt 1.000000 0.607843
vt 1.000000 0.627451
vt 1.000000 0.647059
vt 1.000000 0.666667
vt 1.000000 0.686275
vt 1.000000 0.705882
vt 1.000000 0.725490
vt 1.000000 0.745098
vt 1.000000 0.764706
vt 1.000000 0.784314
vt 1.000000 0.803922
vt 1.000000 0.823529
vt 1.000000 0.843137
vt 1.000000 0.862745
vt 1.000000 0.882353
vt 1.000000 0.901961
vt 1.000000 0.921569
vt 1.000000 0.941176
vt 1.000000 0.960784
s 0
usemtl Material.002
f 1/1/1 2/2/1 4/3/1 3/4/1
s 1
usemtl Material.001
f 2708/5/2 208/6/3 8/3/4 108/7/5
f 158/8/6 258/9/7 59/10/8 7/4/9
f 258/9/7 308/11/10 60/12/11 59/10/8
f 308/11/10 358/13/12 61/14/13 60/12/11
f 358/13/12 408/15/14 62/16/15 61/14/13
f 408/15/14 458/17/16 63/18/17 62/16/15
f 458/17/16 508/19/18 64/20/19 63/18/17
f 508/19/18 558/21/20 65/22/21 64/20/19
f 558/21/20 608/23/22 66/24/23 65/22/21
f 608/23/22 658/25/24 67/26/25 66/24/23
f 658/25/24 708/27/26 68/28/27 67/26/25
f 708/27/26 758/29/28 69/30/29 68/28/27
f 758/29/28 808/31/30 70/32/31 69/30/29
f 808/31/30 858/33/32 71/34/33 70/32/31
f 858/33/32 908/35/34 72/36/35 71/34/33
f 908/35/34 958/37/36 73/38/37 72/36/35
f 958/37/36 1008/39/38 74/40/39 73/38/37
f 1008/39/38 1058/41/40 75/42/41 74/40/39
f 1058/41/40 1108/43/42 76/44/43 75/42/41
f 1108/43/42 1158/45/44 77/46/45 76/44/43
f 1158/45/44 1208/47/46 78/48/47 77/46/45
f 1208/47/46 1258/49/48 79/50/49 78/48/47
f 1258/49/48 1308/51/50 80/52/51 79/50/49
f 1308/51/50 1358/53/52 81/54/53 80/52/51
f 1358/53/52 1408/55/54 82/56/55 81/54/53
f 1408/55/54 1458/57/56 83/58/57 82/56/55
f 1458/57/56 1508/59/58 84/60/59 83/58/57
f 1508/59/58 1558/61/60 85/62/61 84/60/59
f 1558/61/60 1608/63/62 86/64/63 85/62/61
f 1608/63/62 1658/65/64 87/66/65 86/64/63
f 1658/65/64 1708/67/66 88/68/67 87/66/65
f 1708/67/66 1758/69/68 89/70/69 88/68/67
f 1758/69/68 1808/71/70 90/72/71 89/70/69
f 1808/71/70 1858/73/72 91/74/73 90/72/71
f 1858/73/72 1908/75/74 92/76/75 91/74/73
f 1908/75/74 1958/77/76 93/78/77 92/76/75
f 1958/77/76 2008/79/78 94/80/79 93/78/77
f 2008/79/78 2058/81/80 95/82/81 94/80/79
f 2058/81/80 2108/83/82 96/84/83 95/82/81
f 2108/83/82 2158/85/84 97/86/85 96/84/83
f 2158/85/84 2208/87/86 98/88/87 97/86/85
f 2208/87/86 2258/89/88 99/90/89 98/88/87
f 2258/89/88 2308/91/90 100/92/91 99/90/89
f 2308/91/90 2358/93/92 101/94/93 100/92/91
f 2358/93/92 2408/95/94 102/96/95 101/94/93
f 2408/95/94 2458/97/96 103/98/97 102/96/95
f 2458/97/96 2508/99/98 104/100/99 103/98/97
f 2508/99/98 2558/101/100 105/102/101 104/100/99
f 2558/101/100 2608/103/102 106/104/103 105/102/101
f 2608/103/102 2658/105/104 107/106/105 106/104/103
f 2658/105/104 2708/5/2 108/7/5 107/106/105
f 57/107/106 58/108/107 2659/109/108 2609/110/109
f 2609/110/109 2659/109/108 2660/111/110 2610/112/111
f 2610/112/111 2660/111/110 2661/113/112 2611/114/113
f 2611/114/113 2661/113/112 2662/115/114 2612/116/115
f 2612/116/115 2662/115/114 2663/117/116 2613/118/117
f 2613/118/117 2663/117/116 2664/119/118 2614/120/119
f 2614/120/119 2664/119/118 2665/121/120 2615/122/121
f 2615/122/121 2665/121/120 2666/123/122 2616/124/123
f 2616/124/123 2666/123/122 2667/125/124 2617/126/125
f 2617/126/125 2667/125/124 2668/127/126 2618/128/127
f 2618/128/127 2668/127/126 2669/129/128 2619/130/129
f 2619/130/129 2669/129/128 2670/131/130 2620/132/131
f 2620/132/131 2670/131/130 2671/133/132 2621/134/133
f 2621/134/133 2671/133/132 2672/135/134 2622/136/135
f 2622/136/135 2672/135/134 2673/137/136 2623/138/137
f 2623/138/137 2673/137/136 2674/139/138 2624/140/139
f 2624/140/139 2674/139/138 2675/141/140 2625/142/141
f 2625/142/141 2675/141/140 2676/143/142 2626/144/143
f 2626/144/143 2676/143/142 2677/145/144 2627/146/145
f 2627/146/145 2677/145/144 2678/147/146 2628/148/147
f 2628/148/147 2678/147/146 2679/149/148 2629/150/149
f 2629/150/149 2679/149/148 2680/151/150 2630/152/151
f 2630/152/151 2680/151/150 2681/153/152 2631/154/153
f 2631/154/153 2681/153/152 2682/155/154 2632/156/155
f 2632/156/155 2682/155/154 2683/157/156 2633/158/157
f 2633/158/157 2683/157/156 2684/159/158 2634/160/159
f 2634/160/159 2684/159/158 2685/161/160 2635/162/161
f 2635/162/161 2685/161/160 2686/163/162 2636/164/163
f 2636/164/163 2686/163/162 2687/165/164 2637/166/165
f 2637/166/165 2687/165/164 2688/167/166 2638/168/167
f 2638/168/167 2688/167/166 2689/169/168 2639/170/169
f 2639/170/169 2689/169/168 2690/171/170 2640/172/171
f 2640/172/171 2690/171/170 2691/173/172 2641/174/173
f 2641/174/173 2691/173/172 2692/175/174 2642/176/175
f 2642/176/175 2692/175/174 2693/177/176 2643/178/177
f 2643/178/177 2693/177/176 2694/179/178 2644/180/179
f 2644/180/179 2694/179/178 2695/181/180 2645/182/181
f 2645/182/181 2695/181/180 2696/183/182 2646/184/183
f 2646/184/183 2696/183/182 2697/185/184 2647/186/185
f 2647/186/185 2697/185/184 2698/187/186 2648/188/187
f 2648/188/187 2698/187/186 2699/189/188 2649/190/189
f 2649/190/189 2699/189/188 2700/191/190 2650/192/191
f 2650/192/191 2700/191/190 2701/193/192 2651/194/193
f 2651/194/193 2701/193/192 2702/195/194 2652/196/195
f 2652/196/195 2702/195/194 2703/197/196 2653/198/197
f 2653/198/197 2703/197/196 2704/199/198 2654/200/199
f 2654/200/199 2704/199/198 2705/201/200 2655/202/201
f 2655/202/201 2705/201/200 2706/203/202 2656/204/203
f 2656/204/203 2706/203/202 2707/205/204 2657/206/205
f 2657/206/205 2707/205/204 2708/5/2 2658/105/104
f 56/207/206 57/107/106 2609/110/109 2559/208/207
f 2559/208/207 2609/110/109 2610/112/111 2560/209/208
f 2560/209/208 2610/112/111 2611/114/113 2561/210/209
f 2561/210/209 2611/114/113 2612/116/115 2562/211/210
f 2562/211/210 2612/116/115 2613/118/117 2563/212/211
f 2563/212/211 2613/118/117 2614/120/119 2564/213/212
f 2564/213/212 2614/120/119 2615/122/121 2565/214/213
f 2565/214/213 2615/122/121 2616/124/123 2566/215/214
f 2566/215/214 2616/124/123 2617/126/125 2567/216/215
f 2567/216/215 2617/126/125 2618/128/127 2568/217/216
f 2568/217/216 2618/128/127 2619/130/129 2569/218/217
f 2569/218/217 2619/130/129 2620/132/131 2570/219/218
f 2570/219/218 2620/132/131 2621/134/133 2571/220/219
f 2571/220/219 2621/134/133 2622/136/135 2572/221/220
f 2572/221/220 2622/136/135 2623/138/137 2573/222/221
f 2573/222/221 2623/138/137 2624/140/139 2574/223/222
f 2574/223/222 2624/140/139 2625/142/141 2575/224/223
f 2575/224/223 2625/142/141 2626/144/143 2576/225/224
f 2576/225/224 2626/144/143 2627/146/145 2577/226/225
f 2577/226/225 2627/146/145 2628/148/147 2578/227/226
f 2578/227/226 2628/148/147 2629/150/149 2579/228/227
f 2579/228/227 2629/150/149 2630/152/151 2580/229/228
f 2580/229/228 2630/152/151 2631/154/153 2581/230/229
f 2581/230/229 2631/154/153 2632/156/155 2582/231/230
f 2582/231/230 2632/156/155 2633/158/157 2583/232/231
f 2583/232/231 2633/158/157 2634/160/159 2584/233/232
f 2584/233/232 2634/160/159 2635/162/161 2585/234/233
f 2585/234/233 2635/162/161 2636/164/163 2586/235/234
f 2586/235/234 2636/164/163 2637/166/165 2587/236/235
f 2587/236/235 2637/166/165 2638/168/167 2588/237/236
f 2588/237/236 2638/168/167 2639/170/169 2589/238/237
f 2589/238/237 2639/170/169 2640/172/171 2590/239/238
f 2590/239/238 2640/172/171 2641/174/173 2591/240/239
f 2591/240/239 2641/174/173 2642/176/175 2592/241/240
f 2592/241/240 2642/176/175 2643/178/177 2593/242/241
f 2593/242/241 2643/178/177 2644/180/179 2594/243/242
f 2594/243/242 2644/180/179 2645/182/181 2595/244/243
f 2595/244/243 2645/182/181 2646/184/183 2596/245/244
f 2596/245/244 2646/184/183 2647/186/185 2597/246/245
f 2597/246/245 2647/186/185 2648/188/187 2598/247/246
f 2598/247/246 2648/188/187 2649/190/189 2599/248/247
f 2599/248/247 2649/190/189 2650/192/191 2600/249/248
f 2600/249/248 2650/192/191 2651/194/193 2601/250/249
f 2601/250/249 2651/194/193 2652/196/195 2602/251/250
f 2602/251/250 2652/196/195 2653/198/197 2603/252/251
f 2603/252/251 2653/198/197 2654/200/199 2604/253/252
f 2604/253/252 2654/200/199 2655/202/201 2605/254/253
f 2605/254/253 2655/202/201 2656/204/203 2606/255/254
f 2606/255/254 2656/204/203 2657/206/205 2607/256/255
f 2607/256/255 2657/206/205 2658/105/104 2608/103/102
f 55/257/256 56/207/206 2559/208/207 2509/258/257
f 2509/258/257 2559/208/207 2560/209/208 2510/259/258
f 2510/259/258 2560/209/208 2561/210/209 2511/260/259
f 2511/260/259 2561/210/209 2562/211/210 2512/261/260
f 2512/261/260 2562/211/210 2563/212/211 2513/262/261
f 2513/262/261 2563/212/211 2564/213/212 2514/263/262
f 2514/263/262 2564/213/212 2565/214/213 2515/264/263
f 2515/264/263 2565/214/213 2566/215/214 2516/265/264
f 2516/265/264 2566/215/214 2567/216/215 2517/266/265
f 2517/266/265 2567/216/215 2568/217/216 2518/267/266
f 2518/267/266 2568/217/216 2569/218/217 2519/268/267
f 2519/268/267 2569/218/217 2570/219/218 2520/269/268
f 2520/269/268 2570/219/218 2571/220/219 2521/270/269
f 2521/270/269 2571/220/219 2572/221/220 2522/271/270
f 2522/271/270 2572/221/220 2573/222/221 2523/272/271
f 2523/272/271 2573/222/221 2574/223/222 2524/273/272
f 2524/273/272 2574/223/222 2575/224/223 2525/274/273
f 2525/274/273 2575/224/223 2576/225/224 2526/275/274
f 2526/275/274 2576/225/224 2577/226/225 2527/276/275
f 2527/276/275 2577/226/225 2578/227/226 2528/277/276
f 2528/277/276 2578/227/226 2579/228/227 2529/278/277
f 2529/278/277 2579/228/227 2580/229/228 2530/279/278
f 2530/279/278 2580/229/228 2581/230/229 2531/280/279
f 2531/280/279 2581/230/229 2582/231/230 2532/281/280
f 2532/281/280 2582/231/230 2583/232/231 2533/282/281
f 2533/282/281 2583/232/231 2584/233/232 2534/283/282
f 2534/283/282 2584/233/232 2585/234/233 2535/284/283
f 2535/284/283 2585/234/233 2586/235/234 2536/285/284
f 2536/285/284 2586/235/234 2587/236/235 2537/286/285
f 2537/286/285 2587/236/235 2588/237/236 2538/287/286
f 2538/287/286 2588/237/236 2589/238/237 2539/288/287
f 2539/288/287 2589/238/237 2590/239/238 2540/289/288
f 2540/289/288 2590/239/238 2591/240/239 2541/290/289
f 2541/290/289 2591/240/239 2592/241/240 2542/291/290
f 2542/291/290 2592/241/240 2593/242/241 2543/292/291
f 2543/292/291 2593/242/241 2594/243/242 2544/293/292
f 2544/293/292 2594/243/242 2595/244/243 2545/294/293
f 2545/294/293 2595/244/243 2596/245/244 2546/295/294
f 2546/295/294 2596/245/244 2597/246/245 2547/296/295
f 2547/296/295 2597/246/245 2598/247/246 2548/297/296
f 2548/297/296 2598/247/246 2599/248/247 2549/298/297
f 2549/298/297 2599/248/247 2600/249/248 2550/299/298
f 2550/299/298 2600/249/248 2601/250/249 2551/300/299
f 2551/300/299 2601/250/249 2602/251/250 2552/301/300
f 2552/301/300 2602/251/250 2603/252/251 2553/302/301
f 2553/302/301 2603/252/251 2604/253/252 2554/303/302
f 2554/303/302 2604/253/252 2605/254/253 2555/304/303
f 2555/304/303 2605/254/253 2606/255/254 2556/305/304
f 2556/305/304 2606/255/254 2607/256/255 2557/306/305
f 2557/306/305 2607/256/255 2608/103/102 2558/101/100
f 54/307/306 55/257/256 2509/258/257 2459/308/307
f 2459/308/307 2509/258/257 2510/259/258 2460/309/308
f 2460/309/308 2510/259/258 2511/260/259 2461/310/309
f 2461/310/309 2511/260/259 2512/261/260 2462/311/310
f 2462/311/310 2512/261/260 2513/262/261 2463/312/311
f 2463/312/311 2513/262/261 2514/263/262 2464/313/312
f 2464/313/312 2514/263/262 2515/264/263 2465/314/313
f 2465/314/313 2515/264/263 2516/265/264 2466/315/314
f 2466/315/314 2516/265/264 2517/266/265 2467/316/315
f 2467/316/315 2517/266/265 2518/267/266 2468/317/316
f 2468/317/316 2518/267/266 2519/268/267 2469/318/317
f 2469/318/317 2519/268/267 2520/269/268 2470/319/318
f 2470/319/318 2520/269/268 2521/270/269 2471/320/319
f 2471/320/319 2521/270/269 2522/271/270 2472/321/320
f 2472/321/320 2522/271/270 2523/272/271 2473/322/321
f 2473/322/321 2523/272/271 2524/273/272 2474/323/322
f 2474/323/322 2524/273/272 2525/274/273 2475/324/323
f 2475/324/323 2525/274/273 2526/275/274 2476/325/324
f 2476/325/324 2526/275/274 2527/276/275 2477/326/325
f 2477/326/325 2527/276/275 2528/277/276 2478/327/326
f 2478/327/326 2528/277/276 2529/278/277 2479/328/327
f 2479/328/327 2529/278/277 2530/279/278 2480/329/328
f 2480/329/328 2530/279/278 2531/280/279 2481/330/329
f 2481/330/329 2531/280/279 2532/281/280 2482/331/330
f 2482/331/330 2532/281/280 2533/282/281 2483/332/331
f 2483/332/331 2533/282/281 2534/283/282 2484/333/332
f 2484/333/332 2534/283/282 2535/284/283 2485/334/333
f 2485/334/333 2535/284/283 2536/285/284 2486/335/334
f 2486/335/334 2536/285/284 2537/286/285 2487/336/335
f 2487/336/335 2537/286/285 2538/287/286 2488/337/336
f 2488/337/336 2538/287/286 2539/288/287 2489/338/337
f 2489/338/337 2539/288/287 2540/289/288 2490/339/338
f 2490/339/338 2540/289/288 2541/290/289 2491/340/339
f 2491/340/339 2541/290/289 2542/291/290 2492/341/340
f 2492/341/340 2542/291/290 2543/292/291 2493/342/341
f 2493/342/341 2543/292/291 2544/293/292 2494/343/342
f 2494/343/342 2544/293/292 2545/294/293 2495/344/343
f 2495/344/343 2545/294/293 2546/295/294 2496/345/344
f 2496/345/344 2546/295/294 2547/296/295 2497/346/345
f 2497/346/345 2547/296/295 2548/297/296 2498/347/346
f 2498/347/346 2548/297/296 2549/298/297 2499/348/347
f 2499/348/347 2549/298/297 2550/299/298 2500/349/348
f 2500/349/348 2550/299/298 2551/300/299 2501/350/349
f 2501/350/349 2551/300/299 2552/301/300 2502/351/350
f 2502/351/350 2552/301/300 2553/302/301 2503/352/351
f 2503/352/351 2553/302/301 2554/303/302 2504/353/352
f 2504/353/352 2554/303/302 2555/304/303 2505/354/353
f 2505/354/353 2555/304/303 2556/305/304 2506/355/354
f 2506/355/354 2556/305/304 2557/306/305 2507/356/355
f 2507/356/355 2557/306/305 2558/101/100 2508/99/98
f 53/357/356 54/307/306 2459/308/307 2409/358/357
f 2409/358/357 2459/308/307 2460/309/308 2410/359/358
f 2410/359/358 2460/309/308 2461/310/309 2411/360/359
f 2411/360/359 2461/310/309 2462/311/310 2412/361/360
f 2412/361/360 2462/311/310 2463/312/311 2413/362/361
f 2413/362/361 2463/312/311 2464/313/312 2414/363/362
f 2414/363/362 2464/313/312 2465/314/313 2415/364/363
f 2415/364/363 2465/314/313 2466/315/314 2416/365/364
f 2416/365/364 2466/315/314 2467/316/315 2417/366/365
f 2417/366/365 2467/316/315 2468/317/316 2418/367/366
f 2418/367/366 2468/317/316 2469/318/317 2419/368/367
f 2419/368/367 2469/318/317 2470/319/318 2420/369/368
f 2420/369/368 2470/319/318 2471/320/319 2421/370/369
f 2421/370/369 2471/320/319 2472/321/320 2422/371/370
f 2422/371/370 2472/321/320 2473/322/321 2423/372/371
f 2423/372/371 2473/322/321 2474/323/322 2424/373/372
f 2424/373/372 2474/323/322 2475/324/323 2425/374/373
f 2425/374/373 2475/324/323 2476/325/324 2426/375/374
f 2426/375/374 2476/325/324 2477/326/325 2427/376/375
f 2427/376/375 2477/326/325 2478/327/326 2428/377/376
f 2428/377/376 2478/327/326 2479/328/327 2429/378/377
f 2429/378/377 2479/328/327 2480/329/328 2430/379/378
f 2430/379/378 2480/329/328 2481/330/329 2431/380/379
f 2431/380/379 2481/330/329 2482/331/330 2432/381/380
f 2432/381/380 2482/331/330 2483/332/331 2433/382/381
f 2433/382/381 2483/332/331 2484/333/332 2434/383/382
f 2434/383/382 2484/333/332 2485/334/333 2435/384/383
f 2435/384/383 2485/334/333 2486/335/334 2436/385/384
f 2436/385/384 2486/335/334 2487/336/335 2437/386/385
f 2437/386/385 2487/336/335 2488/337/336 2438/387/386
f 2438/387/386 2488/337/336 2489/338/337 2439/388/387
f 2439/388/387 2489/338/337 2490/339/338 2440/389/388
f 2440/389/388 2490/339/338 2491/340/339 2441/390/389
f 2441/390/389 2491/340/339 2492/341/340 2442/391/390
f 2442/391/390 2492/341/340 2493/342/341 2443/392/391
f 2443/392/391 2493/342/341 2494/343/342 2444/393/392
f 2444/393/392 2494/343/342 2495/344/343 2445/394/393
f 2445/394/393 2495/344/343 2496/345/344 2446/395/394
f 2446/395/394 2496/345/344 2497/346/345 2447/396/395
f 2447/396/395 2497/346/345 2498/347/346 2448/397/396
f 2448/397/396 2498/347/346 2499/348/347 2449/398/397
f 2449/398/397 2499/348/347 2500/349/348 2450/399/398
f 2450/399/398 2500/349/348 2501/350/349 2451/400/399
f 2451/400/399 2501/350/349 2502/351/350 2452/401/400
f 2452/401/400 2502/351/350 2503/352/351 2453/402/401
f 2453/402/401 2503/352/351 2504/353/352 2454/403/402
f 2454/403/402 2504/353/352 2505/354/353 2455/404/403
f 2455/404/403 2505/354/353 2506/355/354 2456/405/404
f 2456/405/404 2506/355/354 2507/356/355 2457/406/405
f 2457/406/405 2507/356/355 2508/99/98 2458/97/96
f 52/407/406 53/357/356 2409/358/357 2359/408/407
f 2359/408/407 2409/358/357 2410/359/358 2360/409/408
f 2360/409/408 2410/359/358 2411/360/359 2361/410/409
f 2361/410/409 2411/360/359 2412/361/360 2362/411/410
f 2362/411/410 2412/361/360 2413/362/361 2363/412/411
f 2363/412/411 2413/362/361 2414/363/362 2364/413/412
f 2364/413/412 2414/363/362 2415/364/363 2365/414/413
f 2365/414/413 2415/364/363 2416/365/364 2366/415/414
f 2366/415/414 2416/365/364 2417/366/365 2367/416/415
f 2367/416/415 2417/366/365 2418/367/366 2368/417/416
f 2368/417/416 2418/367/366 2419/368/367 2369/418/417
f 2369/418/417 2419/368/367 2420/369/368 2370/419/418
f 2370/419/418 2420/369/368 2421/370/369 2371/420/419
f 2371/420/419 2421/370/369 2422/371/370 2372/421/420
f 2372/421/420 2422/371/370 2423/372/371 2373/422/421
f 2373/422/421 2423/372/371 2424/373/372 2374/423/422
f 2374/423/422 2424/373/372 2425/374/373 2375/424/423
f 2375/424/423 2425/374/373 2426/375/374 2376/425/424
f 2376/425/424 2426/375/374 2427/376/375 2377/426/425
f 2377/426/425 2427/376/375 2428/377/376 2378/427/426
f 2378/427/426 2428/377/376 2429/378/377 2379/428/427
f 2379/428/427 2429/378/377 2430/379/378 2380/429/428
f 2380/429/428 2430/379/378 2431/380/379 2381/430/429
f 2381/430/429 2431/380/379 2432/381/380 2382/431/430
f 2382/431/430 2432/381/380 2433/382/381 2383/432/431
f 2383/432/431 2433/382/381 2434/383/382 2384/433/432
f 2384/433/432 2434/383/382 2435/384/383 2385/434/433
f 2385/434/433 2435/384/383 2436/385/384 2386/435/434
f 2386/435/434 2436/385/384 2437/386/385 2387/436/435
f 2387/436/435 2437/386/385 2438/387/386 2388/437/436
f 2388/437/436 2438/387/386 2439/388/387 2389/438/437
f 2389/438/437 2439/388/387 2440/389/388 2390/439/438
f 2390/439/438 2440/389/388 2441/390/389 2391/440/439
f 2391/440/439 2441/390/389 2442/391/390 2392/441/440
f 2392/441/440 2442/391/390 2443/392/391 2393/442/441
f 2393/442/441 2443/392/391 2444/393/392 2394/443/442
f 2394/443/442 2444/393/392 2445/394/393 2395/444/443
f 2395/444/443 2445/394/393 2446/395/394 2396/445/444
f 2396/445/444 2446/395/394 2447/396/395 2397/446/445
f 2397/446/445 2447/396/395 2448/397/396 2398/447/446
f 2398/447/446 2448/397/396 2449/398/397 2399/448/447
f 2399/448/447 2449/398/397 2450/399/398 2400/449/448
f 2400/449/448 2450/399/398 2451/400/399 2401/450/449
f 2401/450/449 2451/400/399 2452/401/400 2402/451/450
f 2402/451/450 2452/401/400 2453/402/401 2403/452/451
f 2403/452/451 2453/402/401 2454/403/402 2404/453/452
f 2404/453/452 2454/403/402 2455/404/403 2405/454/453
f 2405/454/453 2455/404/403 2456/405/404 2406/455/454
f 2406/455/454 2456/405/404 2457/406/405 2407/456/455
f 2407/456/455 2457/406/405 2458/97/96 2408/95/94
f 51/457/456 52/407/406 2359/408/407 2309/458/457
f 2309/458/457 2359/408/407 2360/409/408 2310/459/458
f 2310/459/458 2360/409/408 2361/410/409 2311/460/459
f 2311/460/459 2361/410/409 2362/411/410 2312/461/460
f 2312/461/460 2362/411/410 2363/412/411 2313/462/461
f 2313/462/461 2363/412/411 2364/413/412 2314/463/462
f 2314/463/462 2364/413/412 2365/414/413 2315/464/463
f 2315/464/463 2365/414/413 2366/415/414 2316/465/464
f 2316/465/464 2366/415/414 2367/416/415 2317/466/465
f 2317/466/465 2367/416/415 2368/417/416 2318/467/466
f 2318/467/466 2368/417/416 2369/418/417 2319/468/467
f 2319/468/467 2369/418/417 2370/419/418 2320/469/468
f 2320/469/468 2370/419/418 2371/420/419 2321/470/469
f 2321/470/469 2371/420/419 2372/421/420 2322/471/470
f 2322/471/470 2372/421/420 2373/422/421 2323/472/471
f 2323/472/471 2373/422/421 2374/423/422 2324/473/472
f 2324/473/472 2374/423/422 2375/424/423 2325/474/473
f 2325/474/473 2375/424/423 2376/425/424 2326/475/474
f 2326/475/474 2376/425/424 2377/426/425 2327/476/475
f 2327/476/475 2377/426/425 2378/427/426 2328/477/476
f 2328/477/476 2378/427/426 2379/428/427 2329/478/477
f 2329/478/477 2379/428/427 2380/429/428 2330/479/478
f 2330/479/478 2380/429/428 2381/430/429 2331/480/479
f 2331/480/479 2381/430/429 2382/431/430 2332/481/480
f 2332/481/480 2382/431/430 2383/432/431 2333/482/481
f 2333/482/481 2383/432/431 2384/433/432 2334/483/482
f 2334/483/482 2384/433/432 2385/434/433 2335/484/483
f 2335/484/483 2385/434/433 2386/435/434 2336/485/484
f 2336/485/484 2386/435/434 2387/436/435 2337/486/485
f 2337/486/485 2387/436/435 2388/437/436 2338/487/486
f 2338/487/486 2388/437/436 2389/438/437 2339/488/487
f 2339/488/487 2389/438/437 2390/439/438 2340/489/488
f 2340/489/488 2390/439/438 2391/440/439 2341/490/489
f 2341/490/489 2391/440/439 2392/441/440 2342/491/490
f 2342/491/490 2392/441/440 2393/442/441 2343/492/491
f 2343/492/491 2393/442/441 2394/443/442 2344/493/492
f 2344/493/492 2394/443/442 2395/444/443 2345/494/493
f 2345/494/493 2395/444/443 2396/445/444 2346/495/494
f 2346/495/494 2396/445/444 2397/446/445 2347/496/495
f 2347/496/495 2397/446/445 2398/447/446 2348/497/496
f 2348/497/496 2398/447/446 2399/448/447 2349/498/497
f 2349/498/497 2399/448/447 2400/449/448 2350/499/498
f 2350/499/498 2400/449/448 2401/450/449 2351/500/499
f 2351/500/499 2401/450/449 2402/451/450 2352/501/500
f 2352/501/500 2402/451/450 2403/452/451 2353/502/501
f 2353/502/501 2403/452/451 2404/453/452 2354/503/502
f 2354/503/502 2404/453/452 2405/454/453 2355/504/503
f 2355/504/503 2405/454/453 2406/455/454 2356/505/504
f 2356/505/504 2406/455/454 2407/456/455 2357/506/505
f 2357/506/505 2407/456/455 2408/95/94 2358/93/92
f 50/507/506 51/457/456 2309/458/457 2259/508/507
f 2259/508/507 2309/458/457 2310/459/458 2260/509/508
f 2260/509/508 2310/459/458 2311/460/459 2261/510/509
f 2261/510/509 2311/460/459 2312/461/460 2262/511/510
f 2262/511/510 2312/461/460 2313/462/461 2263/512/511
f 2263/512/511 2313/462/461 2314/463/462 2264/513/512
f 2264/513/512 2314/463/462 2315/464/463 2265/514/513
f 2265/514/513 2315/464/463 2316/465/464 2266/515/514
f 2266/515/514 2316/465/464 2317/466/465 2267/516/515
f 2267/516/515 2317/466/465 2318/467/466 2268/517/516
f 2268/517/516 2318/467/466 2319/468/467 2269/518/517
f 2269/518/517 2319/468/467 2320/469/468 2270/519/518
f 2270/519/518 2320/469/468 2321/470/469 2271/520/519
f 2271/520/519 2321/470/469 2322/471/470 2272/521/520
f 2272/521/520 2322/471/470 2323/472/471 2273/522/521
f 2273/522/521 2323/472/471 2324/473/472 2274/523/522
f 2274/523/522 2324/473/472 2325/474/473 2275/524/523
f 2275/524/523 2325/474/473 2326/475/474 2276/525/524
f 2276/525/524 2326/475/474 2327/476/475 2277/526/525
f 2277/526/525 2327/476/475 2328/477/476 2278/527/526
f 2278/527/526 2328/477/476 2329/478/477 2279/528/527
f 2279/528/527 2329/478/477 2330/479/478 2280/529/528
f 2280/529/528 2330/479/478 2331/480/479 2281/530/529
f 2281/530/529 2331/480/479 2332/481/480 2282/531/530
f 2282/531/530 2332/481/480 2333/482/481 2283/532/531
f 2283/532/531 2333/482/481 2334/483/482 2284/533/532
f 2284/533/532 2334/483/482 2335/484/483 2285/534/533
f 2285/534/533 2335/484/483 2336/485/484 2286/535/534
f 2286/535/534 2336/485/484 2337/486/485 2287/536/535
f 2287/536/535 2337/486/485 2338/487/486 2288/537/536
f 2288/537/536 2338/487/486 2339/488/487 2289/538/537
f 2289/538/537 2339/488/487 2340/489/488 2290/539/538
f 2290/539/538 2340/489/488 2341/490/489 2291/540/539
f 2291/540/539 2341/490/489 2342/491/490 2292/541/540
f 2292/541/540 2342/491/490 2343/492/491 2293/542/541
f 2293/542/541 2343/492/491 2344/493/492 2294/543/542
f 2294/543/542 2344/493/492 2345/494/493 2295/544/543
f 2295/544/543 2345/494/493 2346/495/494 2296/545/544
f 2296/545/544 2346/495/494 2347/496/495 2297/546/545
f 2297/546/545 2347/496/495 2348/497/496 2298/547/546
f 2298/547/546 2348/497/496 2349/498/497 2299/548/547
f 2299/548/547 2349/498/497 2350/499/498 2300/549/548
f 2300/549/548 2350/499/498 2351/500/499 2301/550/549
f 2301/550/549 2351/500/499 2352/501/500 2302/551/550
f 2302/551/550 2352/501/500 2353/502/501 2303/552/551
f 2303/552/551 2353/502/501 2354/503/502 2304/553/552
f 2304/553/552 2354/503/502 2355/504/503 2305/554/553
f 2305/554/553 2355/504/503 2356/505/504 2306/555/554
f 2306/555/554 2356/505/504 2357/506/505 2307/556/555
f 2307/556/555 2357/506/505 2358/93/92 2308/91/90
f 49/557/556 50/507/506 2259/508/507 2209/558/557
f 2209/558/557 2259/508/507 2260/509/508 2210/559/558
f 2210/559/558 2260/509/508 2261/510/509 2211/560/559
f 2211/560/559 2261/510/509 2262/511/510 2212/561/560
f 2212/561/560 2262/511/510 2263/512/511 2213/562/561
f 2213/562/561 2263/512/511 2264/513/512 2214/563/562
f 2214/563/562 2264/513/512 2265/514/513 2215/564/563
f 2215/564/563 2265/514/513 2266/515/514 2216/565/564
f 2216/565/564 2266/515/514 2267/516/515 2217/566/565
f 2217/566/565 2267/516/515 2268/517/516 2218/567/566
f 2218/567/566 2268/517/516 2269/518/517 2219/568/567
f 2219/568/567 2269/518/517 2270/519/518 2220/569/568
f 2220/569/568 2270/519/518 2271/520/519 2221/570/569
f 2221/570/569 2271/520/519 2272/521/520 2222/571/570
f 2222/571/570 2272/521/520 2273/522/521 2223/572/571
f 2223/572/571 2273/522/521 2274/523/522 2224/573/572
f 2224/573/572 2274/523/522 2275/524/523 2225/574/573
f 2225/574/573 2275/524/523 2276/525/524 2226/575/574
f 2226/575/574 2276/525/524 2277/526/525 2227/576/575
f 2227/576/575 2277/526/525 2278/527/526 2228/577/576
f 2228/577/576 2278/527/526 2279/528/527 2229/578/577
f 2229/578/577 2279/528/527 2280/529/528 2230/579/578
f 2230/579/578 2280/529/528 2281/530/529 2231/580/579
f 2231/580/579 2281/530/529 2282/531/530 2232/581/580
f 2232/581/580 2282/531/530 2283/532/531 2233/582/581
f 2233/582/581 2283/532/531 2284/533/532 2234/583/582
f 2234/583/582 2284/533/532 2285/534/533 2235/584/583
f 2235/584/583 2285/534/533 2286/535/534 2236/585/584
f 2236/585/584 2286/535/534 2287/536/535 2237/586/585
f 2237/586/585 2287/536/535 2288/537/536 2238/587/586
f 2238/587/586 2288/537/536 2289/538/537 2239/588/587
f 2239/588/587 2289/538/537 2290/539/538 2240/589/588
f 2240/589/588 2290/539/538 2291/540/539 2241/590/589
f 2241/590/589 2291/540/539 2292/541/540 2242/591/590
f 2242/591/590 2292/541/540 2293/542/541 2243/592/591
f 2243/592/591 2293/542/541 2294/543/542 2244/593/592
f 2244/593/592 2294/543/542 2295/544/543 2245/594/593
f 2245/594/593 2295/544/543 2296/545/544 2246/595/594
f 2246/595/594 2296/545/544 2297/546/545 2247/596/595
f 2247/596/595 2297/546/545 2298/547/546 2248/597/596
f 2248/597/596 2298/547/546 2299/548/547 2249/598/597
f 2249/598/597 2299/548/547 2300/549/548 2250/599/598
f 2250/599/598 2300/549/548 2301/550/549 2251/600/599
f 2251/600/599 2301/550/549 2302/551/550 2252/601/600
f 2252/601/600 2302/551/550 2303/552/551 2253/602/601
f 2253/602/601 2303/552/551 2304/553/552 2254/603/602
f 2254/603/602 2304/553/552 2305/554/553 2255/604/603
f 2255/604/603 2305/554/553 2306/555/554 2256/605/604
f 2256/605/604 2306/555/554 2307/556/555 2257/606/605
f 2257/606/605 2307/556/555 2308/91/90 2258/89/88
f 48/607/606 49/557/556 2209/558/557 2159/608/607
f 2159/608/607 2209/558/557 2210/559/558 2160/609/608
f 2160/609/608 2210/559/558 2211/560/559 2161/610/609
f 2161/610/609 2211/560/559 2212/561/560 2162/611/610
f 2162/611/610 2212/561/560 2213/562/561 2163/612/611
f 2163/612/611 2213/562/561 2214/563/562 2164/613/612
f 2164/613/612 2214/563/562 2215/564/563 2165/614/613
f 2165/614/613 2215/564/563 2216/565/564 2166/615/614
f 2166/615/614 2216/565/564 2217/566/565 2167/616/615
f 2167/616/615 2217/566/565 2218/567/566 2168/617/616
f 2168/617/616 2218/567/566 2219/568/567 2169/618/617
f 2169/618/617 2219/568/567 2220/569/568 2170/619/618
f 2170/619/618 2220/569/568 2221/570/569 2171/620/619
f 2171/620/619 2221/570/569 2222/571/570 2172/621/620
f 2172/621/620 2222/571/570 2223/572/571 2173/622/621
f 2173/622/621 2223/572/571 2224/573/572 2174/623/622
f 2174/623/622 2224/573/572 2225/574/573 2175/624/623
f 2175/624/623 2225/574/573 2226/575/574 2176/625/624
f 2176/625/624 2226/575/574 2227/576/575 2177/626/625
f 2177/626/625 2227/576/575 2228/577/576 2178/627/626
f 2178/627/626 2228/577/576 2229/578/577 2179/628/627
f 2179/628/627 2229/578/577 2230/579/578 2180/629/628
f 2180/629/628 2230/579/578 2231/580/579 2181/630/629
f 2181/630/629 2231/580/579 2232/581/580 2182/631/630
f 2182/631/630 2232/581/580 2233/582/581 2183/632/631
f 2183/632/631 2233/582/581 2234/583/582 2184/633/632
f 2184/633/632 2234/583/582 2235/584/583 2185/634/633
f 2185/634/633 2235/584/583 2236/585/584 2186/635/634
f 2186/635/634 2236/585/584 2237/586/585 2187/636/635
f 2187/636/635 2237/586/585 2238/587/586 2188/637/636
f 2188/637/636 2238/587/586 2239/588/587 2189/638/637
f 2189/638/637 2239/588/587 2240/589/588 2190/639/638
f 2190/639/638 2240/589/588 2241/590/589 2191/640/639
f 2191/640/639 2241/590/589 2242/591/590 2192/641/640
f 2192/641/640 2242/591/590 2243/592/591 2193/642/641
f 2193/642/641 2243/592/591 2244/593/592 2194/643/642
f 2194/643/642 2244/593/592 2245/594/593 2195/644/643
f 2195/644/643 2245/594/593 2246/595/594 2196/645/644
f 2196/645/644 2246/595/594 2247/596/595 2197/646/645
f 2197/646/645 2247/596/595 2248/597/596 2198/647/646
f 2198/647/646 2248/597/596 2249/598/597 2199/648/647
f 2199/648/647 2249/598/597 2250/599/598 2200/649/648
f 2200/649/648 2250/599/598 2251/600/599 2201/650/649
f 2201/650/649 2251/600/599 2252/601/600 2202/651/650
f 2202/651/650 2252/601/600 2253/602/601 2203/652/651
f 2203/652/651 2253/602/601 2254/603/602 2204/653/652
f 2204/653/652 2254/603/602 2255/604/603 2205/654/653
f 2205/654/653 2255/604/603 2256/605/604 2206/655/654
f 2206/655/654 2256/605/604 2257/606/605 2207/656/655
f 2207/656/655 2257/606/605 2258/89/88 2208/87/86
f 47/657/656 48/607/606 2159/608/607 2109/658/657
f 2109/658/657 2159/608/607 2160/609/608 2110/659/658
f 2110/659/658 2160/609/608 2161/610/609 2111/660/659
f 2111/660/659 2161/610/609 2162/611/610 2112/661/660
f 2112/661/660 2162/611/610 2163/612/611 2113/662/661
f 2113/662/661 2163/612/611 2164/613/612 2114/663/662
f 2114/663/662 2164/613/612 2165/614/613 2115/664/663
f 2115/664/663 2165/614/613 2166/615/614 2116/665/664
f 2116/665/664 2166/615/614 2167/616/615 2117/666/665
f 2117/666/665 2167/616/615 2168/617/616 2118/667/666
f 2118/667/666 2168/617/616 2169/618/617 2119/668/667
f 2119/668/667 2169/618/617 2170/619/618 2120/669/668
f 2120/669/668 2170/619/618 2171/620/619 2121/670/669
f 2121/670/669 2171/620/619 2172/621/620 2122/671/670
f 2122/671/670 2172/621/620 2173/622/621 2123/672/671
f 2123/672/671 2173/622/621 2174/623/622 2124/673/672
f 2124/673/672 2174/623/622 2175/624/623 2125/674/673
f 2125/674/673 2175/624/623 2176/625/624 2126/675/674
f 2126/675/674 2176/625/624 2177/626/625 2127/676/675
f 2127/676/675 2177/626/625 2178/627/626 2128/677/676
f 2128/677/676 2178/627/626 2179/628/627 2129/678/677
f 2129/678/677 2179/628/627 2180/629/628 2130/679/678
f 2130/679/678 2180/629/628 2181/630/629 2131/680/679
f 2131/680/679 2181/630/629 2182/631/630 2132/681/680
f 2132/681/680 2182/631/630 2183/632/631 2133/682/681
f 2133/682/681 2183/632/631 2184/633/632 2134/683/682
f 2134/683/682 2184/633/632 2185/634/633 2135/684/683
f 2135/684/683 2185/634/633 2186/635/634 2136/685/684
f 2136/685/684 2186/635/634 2187/636/635 2137/686/685
f 2137/686/685 2187/636/635 2188/637/636 2138/687/686
f 2138/687/686 2188/637/636 2189/638/637 2139/688/687
f 2139/688/687 2189/638/637 2190/639/638 2140/689/688
f 2140/689/688 2190/639/638 2191/640/639 2141/690/689
f 2141/690/689 2191/640/639 2192/641/640 2142/691/690
f 2142/691/690 2192/641/640 2193/642/641 2143/692/691
f 2143/692/691 2193/642/641 2194/643/642 2144/693/692
f 2144/693/692 2194/643/642 2195/644/643 2145/694/693
f 2145/694/693 2195/644/643 2196/645/644 2146/695/694
f 2146/695/694 2196/645/644 2197/646/645 2147/696/695
f 2147/696/695 2197/646/645 2198/647/646 2148/697/696
f 2148/697/696 2198/647/646 2199/648/647 2149/698/697
f 2149/698/697 2199/648/647 2200/649/648 2150/699/698
f 2150/699/698 2200/649/648 2201/650/649 2151/700/699
f 2151/700/699 2201/650/649 2202/651/650 2152/701/700
f 2152/701/700 2202/651/650 2203/652/651 2153/702/701
f 2153/702/701 2203/652/651 2204/653/652 2154/703/702
f 2154/703/702 2204/653/652 2205/654/653 2155/704/703
f 2155/704/703 2205/654/653 2206/655/654 2156/705/704
f 2156/705/704 2206/655/654 2207/656/655 2157/706/705
f 2157/706/705 2207/656/655 2208/87/86 2158/85/84
f 46/707/706 47/657/656 2109/658/657 2059/708/707
f 2059/708/707 2109/658/657 2110/659/658 2060/709/708
f 2060/709/708 2110/659/658 2111/660/659 2061/710/709
f 2061/710/709 2111/660/659 2112/661/660 2062/711/710
f 2062/711/710 2112/661/660 2113/662/661 2063/712/711
f 2063/712/711 2113/662/661 2114/663/662 2064/713/712
f 2064/713/712 2114/663/662 2115/664/663 2065/714/713
f 2065/714/713 2115/664/663 2116/665/664 2066/715/714
f 2066/715/714 2116/665/664 2117/666/665 2067/716/715
f 2067/716/715 2117/666/665 2118/667/666 2068/717/716
f 2068/717/716 2118/667/666 2119/668/667 2069/718/717
f 2069/718/717 2119/668/667 2120/669/668 2070/719/718
f 2070/719/718 2120/669/668 2121/670/669 2071/720/719
f 2071/720/719 2121/670/669 2122/671/670 2072/721/720
f 2072/721/720 2122/671/670 2123/672/671 2073/722/721
f 2073/722/721 2123/672/671 2124/673/672 2074/723/722
f 2074/723/722 2124/673/672 2125/674/673 2075/724/723
f 2075/724/723 2125/674/673 2126/675/674 2076/725/724
f 2076/725/724 2126/675/674 2127/676/675 2077/726/725
f 2077/726/725 2127/676/675 2128/677/676 2078/727/726
f 2078/727/726 2128/677/676 2129/678/677 2079/728/727
f 2079/728/727 2129/678/677 2130/679/678 2080/729/728
f 2080/729/728 2130/679/678 2131/680/679 2081/730/729
f 2081/730/729 2131/680/679 2132/681/680 2082/731/730
f 2082/731/730 2132/681/680 2133/682/681 2083/732/731
f 2083/732/731 2133/682/681 2134/683/682 2084/733/732
f 2084/733/732 2134/683/682 2135/684/683 2085/734/733
f 2085/734/733 2135/684/683 2136/685/684 2086/735/734
f 2086/735/734 2136/685/684 2137/686/685 2087/736/735
f 2087/736/735 2137/686/685 2138/687/686 2088/737/736
f 2088/737/736 2138/687/686 2139/688/687 2089/738/737
f 2089/738/737 2139/688/687 2140/689/688 2090/739/738
f 2090/739/738 2140/689/688 2141/690/689 2091/740/739
f 2091/740/739 2141/690/689 2142/691/690 2092/741/740
f 2092/741/740 2142/691/690 2143/692/691 2093/742/741
f 2093/742/741 2143/692/691 2144/693/692 2094/743/742
f 2094/743/742 2144/693/692 2145/694/693 2095/744/743
f 2095/744/743 2145/694/693 2146/695/694 2096/745/744
f 2096/745/744 2146/695/694 2147/696/695 2097/746/745
f 2097/746/745 2147/696/695 2148/697/696 2098/747/746
f 2098/747/746 2148/697/696 2149/698/697 2099/748/747
f 2099/748/747 2149/698/697 2150/699/698 2100/749/748
f 2100/749/748 2150/699/698 2151/700/699 2101/750/749
f 2101/750/749 2151/700/699 2152/701/700 2102/751/750
f 2102/751/750 2152/701/700 2153/702/701 2103/752/751
f 2103/752/751 2153/702/701 2154/703/702 2104/753/752
f 2104/753/752 2154/703/702 2155/704/703 2105/754/753
f 2105/754/753 2155/704/703 2156/705/704 2106/755/754
f 2106/755/754 2156/705/704 2157/706/705 2107/756/755
f 2107/756/755 2157/706/705 2158/85/84 2108/83/82
f 45/757/756 46/707/706 2059/708/707 2009/758/757
f 2009/758/757 2059/708/707 2060/709/708 2010/759/758
f 2010/759/758 2060/709/708 2061/710/709 2011/760/759
f 2011/760/759 2061/710/709 2062/711/710 2012/761/760
f 2012/761/760 2062/711/710 2063/712/711 2013/762/761
f 2013/762/761 2063/712/711 2064/713/712 2014/763/762
f 2014/763/762 2064/713/712 2065/714/713 2015/764/763
f 2015/764/763 2065/714/713 2066/715/714 2016/765/764
f 2016/765/764 2066/715/714 2067/716/715 2017/766/765
f 2017/766/765 2067/716/715 2068/717/716 2018/767/766
f 2018/767/766 2068/717/716 2069/718/717 2019/768/767
f 2019/768/767 2069/718/717 2070/719/718 2020/769/768
f 2020/769/768 2070/719/718 2071/720/719 2021/770/769
f 2021/770/769 2071/720/719 2072/721/720 2022/771/770
f 2022/771/770 2072/721/720 2073/722/721 2023/772/771
f 2023/772/771 2073/722/721 2074/723/722 2024/773/772
f 2024/773/772 2074/723/722 2075/724/723 2025/774/773
f 2025/774/773 2075/724/723 2076/725/724 2026/775/774
f 2026/775/774 2076/725/724 2077/726/725 2027/776/775
f 2027/776/775 2077/726/725 2078/727/726 2028/777/776
f 2028/777/776 2078/727/726 2079/728/727 2029/778/777
f 2029/778/777 2079/728/727 2080/729/728 2030/779/778
f 2030/779/778 2080/729/728 2081/730/729 2031/780/779
f 2031/780/779 2081/730/729 2082/731/730 2032/781/780
f 2032/781/780 2082/731/730 2083/732/731 2033/782/781
f 2033/782/781 2083/732/731 2084/733/732 2034/783/782
f 2034/783/782 2084/733/732 2085/734/733 2035/784/783
f 2035/784/783 2085/734/733 2086/735/734 2036/785/784
f 2036/785/784 2086/735/734 2087/736/735 2037/786/785
f 2037/786/785 2087/736/735 2088/737/736 2038/787/786
f 2038/787/786 2088/737/736 2089/738/737 2039/788/787
f 2039/788/787 2089/738/737 2090/739/738 2040/789/788
f 2040/789/788 2090/739/738 2091/740/739 2041/790/789
f 2041/790/789 2091/740/739 2092/741/740 2042/791/790
f 2042/791/790 2092/741/740 2093/742/741 2043/792/791
f 2043/792/791 2093/742/741 2094/743/742 2044/793/792
f 2044/793/792 2094/743/742 2095/744/743 2045/794/793
f 2045/794/793 2095/744/743 2096/745/744 2046/795/794
f 2046/795/794 2096/745/744 2097/746/745 2047/796/795
f 2047/796/795 2097/746/745 2098/747/746 2048/797/796
f 2048/797/796 2098/747/746 2099/748/747 2049/798/797
f 2049/798/797 2099/748/747 2100/749/748 2050/799/798
f 2050/799/798 2100/749/748 2101/750/749 2051/800/799
f 2051/800/799 2101/750/749 2102/751/750 2052/801/800
f 2052/801/800 2102/751/750 2103/752/751 2053/802/801
f 2053/802/801 2103/752/751 2104/753/752 2054/803/802
f 2054/803/802 2104/753/752 2105/754/753 2055/804/803
f 2055/804/803 2105/754/753 2106/755/754 2056/805/804
f 2056/805/804 2106/755/754 2107/756/755 2057/806/805
f 2057/806/805 2107/756/755 2108/83/82 2058/81/80
f 44/807/806 45/757/756 2009/758/757 1959/808/807
f 1959/808/807 2009/758/757 2010/759/758 1960/809/808
f 1960/809/808 2010/759/758 2011/760/759 1961/810/809
f 1961/810/809 2011/760/759 2012/761/760 1962/811/810
f 1962/811/810 2012/761/760 2013/762/761 1963/812/811
f 1963/812/811 2013/762/761 2014/763/762 1964/813/812
f 1964/813/812 2014/763/762 2015/764/763 1965/814/813
f 1965/814/813 2015/764/763 2016/765/764 1966/815/814
f 1966/815/814 2016/765/764 2017/766/765 1967/816/815
f 1967/816/815 2017/766/765 2018/767/766 1968/817/816
f 1968/817/816 2018/767/766 2019/768/767 1969/818/817
f 1969/818/817 2019/768/767 2020/769/768 1970/819/818
f 1970/819/818 2020/769/768 2021/770/769 1971/820/819
f 1971/820/819 2021/770/769 2022/771/770 1972/821/820
f 1972/821/820 2022/771/770 2023/772/771 1973/822/821
f 1973/822/821 2023/772/771 2024/773/772 1974/823/822
f 1974/823/822 2024/773/772 2025/774/773 1975/824/823
f 1975/824/823 2025/774/773 2026/775/774 1976/825/824
f 1976/825/824 2026/775/774 2027/776/775 1977/826/825
f 1977/826/825 2027/776/775 2028/777/776 1978/827/826
f 1978/827/826 2028/777/776 2029/778/777 1979/828/827
f 1979/828/827 2029/778/777 2030/779/778 1980/829/828
f 1980/829/828 2030/779/778 2031/780/779 1981/830/829
f 1981/830/829 2031/780/779 2032/781/780 1982/831/830
f 1982/831/830 2032/781/780 2033/782/781 1983/832/831
f 1983/832/831 2033/782/781 2034/783/782 1984/833/832
f 1984/833/832 2034/783/782 2035/784/783 1985/834/833
f 1985/834/833 2035/784/783 2036/785/784 1986/835/834
f 1986/835/834 2036/785/784 2037/786/785 1987/836/835
f 1987/836/835 2037/786/785 2038/787/786 1988/837/836
f 1988/837/836 2038/787/786 2039/788/787 1989/838/837
f 1989/838/837 2039/788/787 2040/789/788 1990/839/838
f 1990/839/838 2040/789/788 2041/790/789 1991/840/839
f 1991/840/839 2041/790/789 2042/791/790 1992/841/840
f 1992/841/840 2042/791/790 2043/792/791 1993/842/841
f 1993/842/841 2043/792/791 2044/793/792 1994/843/842
f 1994/843/842 2044/793/792 2045/794/793 1995/844/843
f 1995/844/843 2045/794/793 2046/795/794 1996/845/844
f 1996/845/844 2046/795/794 2047/796/795 1997/846/845
f 1997/846/845 2047/796/795 2048/797/796 1998/847/846
f 1998/847/846 2048/797/796 2049/798/797 1999/848/847
f 1999/848/847 2049/798/797 2050/799/798 2000/849/848
f 2000/849/848 2050/799/798 2051/800/799 2001/850/849
f 2001/850/849 2051/800/799 2052/801/800 2002/851/850
f 2002/851/850 2052/801/800 2053/802/801 2003/852/851
f 2003/852/851 2053/802/801 2054/803/802 2004/853/852
f 2004/853/852 2054/803/802 2055/804/803 2005/854/853
f 2005/854/853 2055/804/803 2056/805/804 2006/855/854
f 2006/855/854 2056/805/804 2057/806/805 2007/856/855
f 2007/856/855 2057/806/805 2058/81/80 2008/79/78
f 43/857/856 44/807/806 1959/808/807 1909/858/857
f 1909/858/857 1959/808/807 1960/809/808 1910/859/858
f 1910/859/858 1960/809/808 1961/810/809 1911/860/859
f 1911/860/859 1961/810/809 1962/811/810 1912/861/860
f 1912/861/860 1962/811/810 1963/812/811 1913/862/861
f 1913/862/861 1963/812/811 1964/813/812 1914/863/862
f 1914/863/862 1964/813/812 1965/814/813 1915/864/863
f 1915/864/863 1965/814/813 1966/815/814 1916/865/864
f 1916/865/864 1966/815/814 1967/816/815 1917/866/865
f 1917/866/865 1967/816/815 1968/817/816 1918/867/866
f 1918/867/866 1968/817/816 1969/818/817 1919/868/867
f 1919/868/867 1969/818/817 1970/819/818 1920/869/868
f 1920/869/868 1970/819/818 1971/820/819 1921/870/869
f 1921/870/869 1971/820/819 1972/821/820 1922/871/870
f 1922/871/870 1972/821/820 1973/822/821 1923/872/871
f 1923/872/871 1973/822/821 1974/823/822 1924/873/872
f 1924/873/872 1974/823/822 1975/824/823 1925/874/873
f 1925/874/873 1975/824/823 1976/825/824 1926/875/874
f 1926/875/874 1976/825/824 1977/826/825 1927/876/875
f 1927/876/875 1977/826/825 1978/827/826 1928/877/876
f 1928/877/876 1978/827/826 1979/828/827 1929/878/877
f 1929/878/877 1979/828/827 1980/829/828 1930/879/878
f 1930/879/878 1980/829/828 1981/830/829 1931/880/879
f 1931/880/879 1981/830/829 1982/831/830 1932/881/880
f 1932/881/880 1982/831/830 1983/832/831 1933/882/881
f 1933/882/881 1983/832/831 1984/833/832 1934/883/882
f 1934/883/882 1984/833/832 1985/834/833 1935/884/883
f 1935/884/883 1985/834/833 1986/835/834 1936/885/884
f 1936/885/884 1986/835/834 1987/836/835 1937/886/885
f 1937/886/885 1987/836/835 1988/837/836 1938/887/886
f 1938/887/886 1988/837/836 1989/838/837 1939/888/887
f 1939/888/887 1989/838/837 1990/839/838 1940/889/888
f 1940/889/888 1990/839/838 1991/840/839 1941/890/889
f 1941/890/889 1991/840/839 1992/841/840 1942/891/890
f 1942/891/890 1992/841/840 1993/842/841 1943/892/891
f 1943/892/891 1993/842/841 1994/843/842 1944/893/892
f 1944/893/892 1994/843/842 1995/844/843 1945/894/893
f 1945/894/893 1995/844/843 1996/845/844 1946/895/894
f 1946/895/894 1996/845/844 1997/846/845 1947/896/895
f 1947/896/895 1997/846/845 1998/847/846 1948/897/896
f 1948/897/896 1998/847/846 1999/848/847 1949/898/897
f 1949/898/897 1999/848/847 2000/849/848 1950/899/898
f 1950/899/898 2000/849/848 2001/850/849 1951/900/899
f 1951/900/899 2001/850/849 2002/851/850 1952/901/900
f 1952/901/900 2002/851/850 2003/852/851 1953/902/901
f 1953/902/901 2003/852/851 2004/853/852 1954/903/902
f 1954/903/902 2004/853/852 2005/854/853 1955/904/903
f 1955/904/903 2005/854/853 2006/855/854 1956/905/904
f 1956/905/904 2006/855/854 2007/856/855 1957/906/905
f 1957/906/905 2007/856/855 2008/79/78 1958/77/76
f 42/907/906 43/857/856 1909/858/857 1859/908/907
f 1859/908/907 1909/858/857 1910/859/858 1860/909/908
f 1860/909/908 1910/859/858 1911/860/859 1861/910/909
f 1861/910/909 1911/860/859 1912/861/860 1862/911/910
f 1862/911/910 1912/861/860 1913/862/861 1863/912/911
f 1863/912/911 1913/862/861 1914/863/862 1864/913/912
f 1864/913/912 1914/863/862 1915/864/863 1865/914/913
f 1865/914/913 1915/864/863 1916/865/864 1866/915/914
f 1866/915/914 1916/865/864 1917/866/865 1867/916/915
f 1867/916/915 1917/866/865 1918/867/866 1868/917/916
f 1868/917/916 1918/867/866 1919/868/867 1869/918/917
f 1869/918/917 1919/868/867 1920/869/868 1870/919/918
f 1870/919/918 1920/869/868 1921/870/869 1871/920/919
f 1871/920/919 1921/870/869 1922/871/870 1872/921/920
f 1872/921/920 1922/871/870 1923/872/871 1873/922/921
f 1873/922/921 1923/872/871 1924/873/872 1874/923/922
f 1874/923/922 1924/873/872 1925/874/873 1875/924/923
f 1875/924/923 1925/874/873 1926/875/874 1876/925/924
f 1876/925/924 1926/875/874 1927/876/875 1877/926/925
f 1877/926/925 1927/876/875 1928/877/876 1878/927/926
f 1878/927/926 1928/877/876 1929/878/877 1879/928/927
f 1879/928/927 1929/878/877 1930/879/878 1880/929/928
f 1880/929/928 1930/879/878 1931/880/879 1881/930/929
f 1881/930/929 1931/880/879 1932/881/880 1882/931/930
f 1882/931/930 1932/881/880 1933/882/881 1883/932/931
f 1883/932/931 1933/882/881 1934/883/882 1884/933/932
f 1884/933/932 1934/883/882 1935/884/883 1885/934/933
f 1885/934/933 1935/884/883 1936/885/884 1886/935/934
f 1886/935/934 1936/885/884 1937/886/885 1887/936/935
f 1887/936/935 1937/886/885 1938/887/886 1888/937/936
f 1888/937/936 1938/887/886 1939/888/887 1889/938/937
f 1889/938/937 1939/888/887 1940/889/888 1890/939/938
f 1890/939/938 1940/889/888 1941/890/889 1891/940/939
f 1891/940/939 1941/890/889 1942/891/890 1892/941/940
f 1892/941/940 1942/891/890 1943/892/891 1893/942/941
f 1893/942/941 1943/892/891 1944/893/892 1894/943/942
f 1894/943/942 1944/893/892 1945/894/893 1895/944/943
f 1895/944/943 1945/894/893 1946/895/894 1896/945/944
f 1896/945/944 1946/895/894 1947/896/895 1897/946/945
f 1897/946/945 1947/896/895 1948/897/896 1898/947/946
f 1898/947/946 1948/897/896 1949/898/897 1899/948/947
f 1899/948/947 1949/898/897 1950/899/898 1900/949/948
f 1900/949/948 1950/899/898 1951/900/899 1901/950/949
f 1901/950/949 1951/900/899 1952/901/900 1902/951/950
f 1902/951/950 1952/901/900 1953/902/901 1903/952/951
f 1903/952/951 1953/902/901 1954/903/902 1904/953/952
f 1904/953/952 1954/903/902 1955/904/903 1905/954/953
f 1905/954/953 1955/904/903 1956/905/904 1906/955/954
f 1906/955/954 1956/905/904 1957/906/905 1907/956/955
f 1907/956/955 1957/906/905 1958/77/76 1908/75/74
f 41/957/956 42/907/906 1859/908/907 1809/958/957
f 1809/958/957 1859/908/907 1860/909/908 1810/959/958
f 1810/959/958 1860/909/908 1861/910/909 1811/960/959
f 1811/960/959 1861/910/909 1862/911/910 1812/961/960
f 1812/961/960 1862/911/910 1863/912/911 1813/962/961
f 1813/962/961 1863/912/911 1864/913/912 1814/963/962
f 1814/963/962 1864/913/912 1865/914/913 1815/964/963
f 1815/964/963 1865/914/913 1866/915/914 1816/965/964
f 1816/965/964 1866/915/914 1867/916/915 1817/966/965
f 1817/966/965 1867/916/915 1868/917/916 1818/967/966
f 1818/967/966 1868/917/916 1869/918/917 1819/968/967
f 1819/968/967 1869/918/917 1870/919/918 1820/969/968
f 1820/969/968 1870/919/918 1871/920/919 1821/970/969
f 1821/970/969 1871/920/919 1872/921/920 1822/971/970
f 1822/971/970 1872/921/920 1873/922/921 1823/972/971
f 1823/972/971 1873/922/921 1874/923/922 1824/973/972
f 1824/973/972 1874/923/922 1875/924/923 1825/974/973
f 1825/974/973 1875/924/923 1876/925/924 1826/975/974
f 1826/975/974 1876/925/924 1877/926/925 1827/976/975
f 1827/976/975 1877/926/925 1878/927/926 1828/977/976
f 1828/977/976 1878/927/926 1879/928/927 1829/978/977
f 1829/978/977 1879/928/927 1880/929/928 1830/979/978
f 1830/979/978 1880/929/928 1881/930/929 1831/980/979
f 1831/980/979 1881/930/929 1882/931/930 1832/981/980
f 1832/981/980 1882/931/930 1883/932/931 1833/982/981
f 1833/982/981 1883/932/931 1884/933/932 1834/983/982
f 1834/983/982 1884/933/932 1885/934/933 1835/984/983
f 1835/984/983 1885/934/933 1886/935/934 1836/985/984
f 1836/985/984 1886/935/934 1887/936/935 1837/986/985
f 1837/986/985 1887/936/935 1888/937/936 1838/987/986
f 1838/987/986 1888/937/936 1889/938/937 1839/988/987
f 1839/988/987 1889/938/937 1890/939/938 1840/989/988
f 1840/989/988 1890/939/938 1891/940/939 1841/990/989
f 1841/990/989 1891/940/939 1892/941/940 1842/991/990
f 1842/991/990 1892/941/940 1893/942/941 1843/992/991
f 1843/992/991 1893/942/941 1894/943/942 1844/993/992
f 1844/993/992 1894/943/942 1895/944/943 1845/994/993
f 1845/994/993 1895/944/943 1896/945/944 1846/995/994
f 1846/995/994 1896/945/944 1897/946/945 1847/996/995
f 1847/996/995 1897/946/945 1898/947/946 1848/997/996
f 1848/997/996 1898/947/946 1899/948/947 1849/998/997
f 1849/998/997 1899/948/947 1900/949/948 1850/999/998
f 1850/999/998 1900/949/948 1901/950/949 1851/1000/999
f 1851/1000/999 1901/950/949 1902/951/950 1852/1001/1000
f 1852/1001/1000 1902/951/950 1903/952/951 1853/1002/1001
f 1853/1002/1001 1903/952/951 1904/953/952 1854/1003/1002
f 1854/1003/1002 1904/953/952 1905/954/953 1855/1004/1003
f 1855/1004/1003 1905/954/953 1906/955/954 1856/1005/1004
f 1856/1005/1004 1906/955/954 1907/956/955 1857/1006/1005
f 1857/1006/1005 1907/956/955 1908/75/74 1858/73/72
f 40/1007/1006 41/957/956 1809/958/957 1759/1008/1007
f 1759/1008/1007 1809/958/957 1810/959/958 1760/1009/1008
f 1760/1009/1008 1810/959/958 1811/960/959 1761/1010/1009
f 1761/1010/1009 1811/960/959 1812/961/960 1762/1011/1010
f 1762/1011/1010 1812/961/960 1813/962/961 1763/1012/1011
f 1763/1012/1011 1813/962/961 1814/963/962 1764/1013/1012
f 1764/1013/1012 1814/963/962 1815/964/963 1765/1014/1013
f 1765/1014/1013 1815/964/963 1816/965/964 1766/1015/1014
f 1766/1015/1014 1816/965/964 1817/966/965 1767/1016/1015
f 1767/1016/1015 1817/966/965 1818/967/966 1768/1017/1016
f 1768/1017/1016 1818/967/966 1819/968/967 1769/1018/1017
f 1769/1018/1017 1819/968/967 1820/969/968 1770/1019/1018
f 1770/1019/1018 1820/969/968 1821/970/969 1771/1020/1019
f 1771/1020/1019 1821/970/969 1822/971/970 1772/1021/1020
f 1772/1021/1020 1822/971/970 1823/972/971 1773/1022/1021
f 1773/1022/1021 1823/972/971 1824/973/972 1774/1023/1022
f 1774/1023/1022 1824/973/972 1825/974/973 1775/1024/1023
f 1775/1024/1023 1825/974/973 1826/975/974 1776/1025/1024
f 1776/1025/1024 1826/975/974 1827/976/975 1777/1026/1025
f 1777/1026/1025 1827/976/975 1828/977/976 1778/1027/1026
f 1778/1027/1026 1828/977/976 1829/978/977 1779/1028/1027
f 1779/1028/1027 1829/978/977 1830/979/978 1780/1029/1028
f 1780/1029/1028 1830/979/978 1831/980/979 1781/1030/1029
f 1781/1030/1029 1831/980/979 1832/981/980 1782/1031/1030
f 1782/1031/1030 1832/981/980 1833/982/981 1783/1032/1031
f 1783/1032/1031 1833/982/981 1834/983/982 1784/1033/1032
f 1784/1033/1032 1834/983/982 1835/984/983 1785/1034/1033
f 1785/1034/1033 1835/984/983 1836/985/984 1786/1035/1034
f 1786/1035/1034 1836/985/984 1837/986/985 1787/1036/1035
f 1787/1036/1035 1837/986/985 1838/987/986 1788/1037/1036
f 1788/1037/1036 1838/987/986 1839/988/987 1789/1038/1037
f 1789/1038/1037 1839/988/987 1840/989/988 1790/1039/1038
f 1790/1039/1038 1840/989/988 1841/990/989 1791/1040/1039
f 1791/1040/1039 1841/990/989 1842/991/990 1792/1041/1040
f 1792/1041/1040 1842/991/990 1843/992/991 1793/1042/1041
f 1793/1042/1041 1843/992/991 1844/993/992 1794/1043/1042
f 1794/1043/1042 1844/993/992 1845/994/993 1795/1044/1043
f 1795/1044/1043 1845/994/993 1846/995/994 1796/1045/1044
f 1796/1045/1044 1846/995/994 1847/996/995 1797/1046/1045
f 1797/1046/1045 1847/996/995 1848/997/996 1798/1047/1046
f 1798/1047/1046 1848/997/996 1849/998/997 1799/1048/1047
f 1799/1048/1047 1849/998/997 1850/999/998 1800/1049/1048
f 1800/1049/1048 1850/999/998 1851/1000/999 1801/1050/1049
f 1801/1050/1049 1851/1000/999 1852/1001/1000 1802/1051/1050
f 1802/1051/1050 1852/1001/1000 1853/1002/1001 1803/1052/1051
f 1803/1052/1051 1853/1002/1001 1854/1003/1002 1804/1053/1052
f 1804/1053/1052 1854/1003/1002 1855/1004/1003 1805/1054/1053
f 1805/1054/1053 1855/1004/1003 1856/1005/1004 1806/1055/1054
f 1806/1055/1054 1856/1005/1004 1857/1006/1005 1807/1056/1055
f 1807/1056/1055 1857/1006/1005 1858/73/72 1808/71/70
f 39/1057/1056 40/1007/1006 1759/1008/1007 1709/1058/1057
f 1709/1058/1057 1759/1008/1007 1760/1009/1008 1710/1059/1058
f 1710/1059/1058 1760/1009/1008 1761/1010/1009 1711/1060/1059
f 1711/1060/1059 1761/1010/1009 1762/1011/1010 1712/1061/1060
f 1712/1061/1060 1762/1011/1010 1763/1012/1011 1713/1062/1061
f 1713/1062/1061 1763/1012/1011 1764/1013/1012 1714/1063/1062
f 1714/1063/1062 1764/1013/1012 1765/1014/1013 1715/1064/1063
f 1715/1064/1063 1765/1014/1013 1766/1015/1014 1716/1065/1064
f 1716/1065/1064 1766/1015/1014 1767/1016/1015 1717/1066/1065
f 1717/1066/1065 1767/1016/1015 1768/1017/1016 1718/1067/1066
f 1718/1067/1066 1768/1017/1016 1769/1018/1017 1719/1068/1067
f 1719/1068/1067 1769/1018/1017 1770/1019/1018 1720/1069/1068
f 1720/1069/1068 1770/1019/1018 1771/1020/1019 1721/1070/1069
f 1721/1070/1069 1771/1020/1019 1772/1021/1020 1722/1071/1070
f 1722/1071/1070 1772/1021/1020 1773/1022/1021 1723/1072/1071
f 1723/1072/1071 1773/1022/1021 1774/1023/1022 1724/1073/1072
f 1724/1073/1072 1774/1023/1022 1775/1024/1023 1725/1074/1073
f 1725/1074/1073 1775/1024/1023 1776/1025/1024 1726/1075/1074
f 1726/1075/1074 1776/1025/1024 1777/1026/1025 1727/1076/1075
f 1727/1076/1075 1777/1026/1025 1778/1027/1026 1728/1077/1076
f 1728/1077/1076 1778/1027/1026 1779/1028/1027 1729/1078/1077
f 1729/1078/1077 1779/1028/1027 1780/1029/1028 1730/1079/1078
f 1730/1079/1078 1780/1029/1028 1781/1030/1029 1731/1080/1079
f 1731/1080/1079 1781/1030/1029 1782/1031/1030 1732/1081/1080
f 1732/1081/1080 1782/1031/1030 1783/1032/1031 1733/1082/1081
f 1733/1082/1081 1783/1032/1031 1784/1033/1032 1734/1083/1082
f 1734/1083/1082 1784/1033/1032 1785/1034/1033 1735/1084/1083
f 1735/1084/1083 1785/1034/1033 1786/1035/1034 1736/1085/1084
f 1736/1085/1084 1786/1035/1034 1787/1036/1035 1737/1086/1085
f 1737/1086/1085 1787/1036/1035 1788/1037/1036 1738/1087/1086
f 1738/1087/1086 1788/1037/1036 1789/1038/1037 1739/1088/1087
f 1739/1088/1087 1789/1038/1037 1790/1039/1038 1740/1089/1088
f 1740/1089/1088 1790/1039/1038 1791/1040/1039 1741/1090/1089
f 1741/1090/1089 1791/1040/1039 1792/1041/1040 1742/1091/1090
f 1742/1091/1090 1792/1041/1040 1793/1042/1041 1743/1092/1091
f 1743/1092/1091 1793/1042/1041 1794/1043/1042 1744/1093/1092
f 1744/1093/1092 1794/1043/1042 1795/1044/1043 1745/1094/1093
f 1745/1094/1093 1795/1044/1043 1796/1045/1044 1746/1095/1094
f 1746/1095/1094 1796/1045/1044 1797/1046/1045 1747/1096/1095
f 1747/1096/1095 1797/1046/1045 1798/1047/1046 1748/1097/1096
f 1748/1097/1096 1798/1047/1046 1799/1048/1047 1749/1098/1097
f 1749/1098/1097 1799/1048/1047 1800/1049/1048 1750/1099/1098
f 1750/1099/1098 1800/1049/1048 1801/1050/1049 1751/1100/1099
f 1751/1100/1099 1801/1050/1049 1802/1051/1050 1752/1101/1100
f 1752/1101/1100 1802/1051/1050 1803/1052/1051 1753/1102/1101
f 1753/1102/1101 1803/1052/1051 1804/1053/1052 1754/1103/1102
f 1754/1103/1102 1804/1053/1052 1805/1054/1053 1755/1104/1103
f 1755/1104/1103 1805/1054/1053 1806/1055/1054 1756/1105/1104
f 1756/1105/1104 1806/1055/1054 1807/1056/1055 1757/1106/1105
f 1757/1106/1105 1807/1056/1055 1808/71/70 1758/69/68
f 38/1107/1106 39/1057/1056 1709/1058/1057 1659/1108/1107
f 1659/1108/1107 1709/1058/1057 1710/1059/1058 1660/1109/1108
f 1660/1109/1108 1710/1059/1058 1711/1060/1059 1661/1110/1109
f 1661/1110/1109 1711/1060/1059 1712/1061/1060 1662/1111/1110
f 1662/1111/1110 1712/1061/1060 1713/1062/1061 1663/1112/1111
f 1663/1112/1111 1713/1062/1061 1714/1063/1062 1664/1113/1112
f 1664/1113/1112 1714/1063/1062 1715/1064/1063 1665/1114/1113
f 1665/1114/1113 1715/1064/1063 1716/1065/1064 1666/1115/1114
f 1666/1115/1114 1716/1065/1064 1717/1066/1065 1667/1116/1115
f 1667/1116/1115 1717/1066/1065 1718/1067/1066 1668/1117/1116
f 1668/1117/1116 1718/1067/1066 1719/1068/1067 1669/1118/1117
f 1669/1118/1117 1719/1068/1067 1720/1069/1068 1670/1119/1118
f 1670/1119/1118 1720/1069/1068 1721/1070/1069 1671/1120/1119
f 1671/1120/1119 1721/1070/1069 1722/1071/1070 1672/1121/1120
f 1672/1121/1120 1722/1071/1070 1723/1072/1071 1673/1122/1121
f 1673/1122/1121 1723/1072/1071 1724/1073/1072 1674/1123/1122
f 1674/1123/1122 1724/1073/1072 1725/1074/1073 1675/1124/1123
f 1675/1124/1123 1725/1074/1073 1726/1075/1074 1676/1125/1124
f 1676/1125/1124 1726/1075/1074 1727/1076/1075 1677/1126/1125
f 1677/1126/1125 1727/1076/1075 1728/1077/1076 1678/1127/1126
f 1678/1127/1126 1728/1077/1076 1729/1078/1077 1679/1128/1127
f 1679/1128/1127 1729/1078/1077 1730/1079/1078 1680/1129/1128
f 1680/1129/1128 1730/1079/1078 1731/1080/1079 1681/1130/1129
f 1681/1130/1129 1731/1080/1079 1732/1081/1080 1682/1131/1130
f 1682/1131/1130 1732/1081/1080 1733/1082/1081 1683/1132/1131
f 1683/1132/1131 1733/1082/1081 1734/1083/1082 1684/1133/1132
f 1684/1133/1132 1734/1083/1082 1735/1084/1083 1685/1134/1133
f 1685/1134/1133 1735/1084/1083 1736/1085/1084 1686/1135/1134
f 1686/1135/1134 1736/1085/1084 1737/1086/1085 1687/1136/1135
f 1687/1136/1135 1737/1086/1085 1738/1087/1086 1688/1137/1136
f 1688/1137/1136 1738/1087/1086 1739/1088/1087 1689/1138/1137
f 1689/1138/1137 1739/1088/1087 1740/1089/1088 1690/1139/1138
f 1690/1139/1138 1740/1089/1088 1741/1090/1089 1691/1140/1139
f 1691/1140/1139 1741/1090/1089 1742/1091/1090 1692/1141/1140
f 1692/1141/1140 1742/1091/1090 1743/1092/1091 1693/1142/1141
f 1693/1142/1141 1743/1092/1091 1744/1093/1092 1694/1143/1142
f 1694/1143/1142 1744/1093/1092 1745/1094/1093 1695/1144/1143
f 1695/1144/1143 1745/1094/1093 1746/1095/1094 1696/1145/1144
f 1696/1145/1144 1746/1095/1094 1747/1096/1095 1697/1146/1145
f 1697/1146/1145 1747/1096/1095 1748/1097/1096 1698/1147/1146
f 1698/1147/1146 1748/1097/1096 1749/1098/1097 1699/1148/1147
f 1699/1148/1147 1749/1098/1097 1750/1099/1098 1700/1149/1148
f 1700/1149/1148 1750/1099/1098 1751/1100/1099 1701/1150/1149
f 1701/1150/1149 1751/1100/1099 1752/1101/1100 1702/1151/1150
f 1702/1151/1150 1752/1101/1100 1753/1102/1101 1703/1152/1151
f 1703/1152/1151 1753/1102/1101 1754/1103/1102 1704/1153/1152
f 1704/1153/1152 1754/1103/1102 1755/1104/1103 1705/1154/1153
f 1705/1154/1153 1755/1104/1103 1756/1105/1104 1706/1155/1154
f 1706/1155/1154 1756/1105/1104 1757/1106/1105 1707/1156/1155
f 1707/1156/1155 1757/1106/1105 1758/69/68 1708/67/66
f 37/1157/1156 38/1107/1106 1659/1108/1107 1609/1158/1157
f 1609/1158/1157 1659/1108/1107 1660/1109/1108 1610/1159/1158
f 1610/1159/1158 1660/1109/1108 1661/1110/1109 1611/1160/1159
f 1611/1160/1159 1661/1110/1109 1662/1111/1110 1612/1161/1160
f 1612/1161/1160 1662/1111/1110 1663/1112/1111 1613/1162/1161
f 1613/1162/1161 1663/1112/1111 1664/1113/1112 1614/1163/1162
f 1614/1163/1162 1664/1113/1112 1665/1114/1113 1615/1164/1163
f 1615/1164/1163 1665/1114/1113 1666/1115/1114 1616/1165/1164
f 1616/1165/1164 1666/1115/1114 1667/1116/1115 1617/1166/1165
f 1617/1166/1165 1667/1116/1115 1668/1117/1116 1618/1167/1166
f 1618/1167/1166 1668/1117/1116 1669/1118/1117 1619/1168/1167
f 1619/1168/1167 1669/1118/1117 1670/1119/1118 1620/1169/1168
f 1620/1169/1168 1670/1119/1118 1671/1120/1119 1621/1170/1169
f 1621/1170/1169 1671/1120/1119 1672/1121/1120 1622/1171/1170
f 1622/1171/1170 1672/1121/1120 1673/1122/1121 1623/1172/1171
f 1623/1172/1171 1673/1122/1121 1674/1123/1122 1624/1173/1172
f 1624/1173/1172 1674/1123/1122 1675/1124/1123 1625/1174/1173
f 1625/1174/1173 1675/1124/1123 1676/1125/1124 1626/1175/1174
f 1626/1175/1174 1676/1125/1124 1677/1126/1125 1627/1176/1175
f 1627/1176/1175 1677/1126/1125 1678/1127/1126 1628/1177/1176
f 1628/1177/1176 1678/1127/1126 1679/1128/1127 1629/1178/1177
f 1629/1178/1177 1679/1128/1127 1680/1129/1128 1630/1179/1178
f 1630/1179/1178 1680/1129/1128 1681/1130/1129 1631/1180/1179
f 1631/1180/1179 1681/1130/1129 1682/1131/1130 1632/1181/1180
f 1632/1181/1180 1682/1131/1130 1683/1132/1131 1633/1182/1181
f 1633/1182/1181 1683/1132/1131 1684/1133/1132 1634/1183/1182
f 1634/1183/1182 1684/1133/1132 1685/1134/1133 1635/1184/1183
f 1635/1184/1183 1685/1134/1133 1686/1135/1134 1636/1185/1184
f 1636/1185/1184 1686/1135/1134 1687/1136/1135 1637/1186/1185
f 1637/1186/1185 1687/1136/1135 1688/1137/1136 1638/1187/1186
f 1638/1187/1186 1688/1137/1136 1689/1138/1137 1639/1188/1187
f 1639/1188/1187 1689/1138/1137 1690/1139/1138 1640/1189/1188
f 1640/1189/1188 1690/1139/1138 1691/1140/1139 1641/1190/1189
f 1641/1190/1189 1691/1140/1139 1692/1141/1140 1642/1191/1190
f 1642/1191/1190 1692/1141/1140 1693/1142/1141 1643/1192/1191
f 1643/1192/1191 1693/1142/1141 1694/1143/1142 1644/1193/1192
f 1644/1193/1192 1694/1143/1142 1695/1144/1143 1645/1194/1193
f 1645/1194/1193 1695/1144/1143 1696/1145/1144 1646/1195/1194
f 1646/1195/1194 1696/1145/1144 1697/1146/1145 1647/1196/1195
f 1647/1196/1195 1697/1146/1145 1698/1147/1146 1648/1197/1196
f 1648/1197/1196 1698/1147/1146 1699/1148/1147 1649/1198/1197
f 1649/1198/1197 1699/1148/1147 1700/1149/1148 1650/1199/1198
f 1650/1199/1198 1700/1149/1148 1701/1150/1149 1651/1200/1199
f 1651/1200/1199 1701/1150/1149 1702/1151/1150 1652/1201/1200
f 1652/1201/1200 1702/1151/1150 1703/1152/1151 1653/1202/1201
f 1653/1202/1201 1703/1152/1151 1704/1153/1152 1654/1203/1202
f 1654/1203/1202 1704/1153/1152 1705/1154/1153 1655/1204/1203
f 1655/1204/1203 1705/1154/1153 1706/1155/1154 1656/1205/1204
f 1656/1205/1204 1706/1155/1154 1707/1156/1155 1657/1206/1205
f 1657/1206/1205 1707/1156/1155 1708/67/66 1658/65/64
f 36/1207/1206 37/1157/1156 1609/1158/1157 1559/1208/1207
f 1559/1208/1207 1609/1158/1157 1610/1159/1158 1560/1209/1208
f 1560/1209/1208 1610/1159/1158 1611/1160/1159 1561/1210/1209
f 1561/1210/1209 1611/1160/1159 1612/1161/1160 1562/1211/1210
f 1562/1211/1210 1612/1161/1160 1613/1162/1161 1563/1212/1211
f 1563/1212/1211 1613/1162/1161 1614/1163/1162 1564/1213/1212
f 1564/1213/1212 1614/1163/1162 1615/1164/1163 1565/1214/1213
f 1565/1214/1213 1615/1164/1163 1616/1165/1164 1566/1215/1214
f 1566/1215/1214 1616/1165/1164 1617/1166/1165 1567/1216/1215
f 1567/1216/1215 1617/1166/1165 1618/1167/1166 1568/1217/1216
f 1568/1217/1216 1618/1167/1166 1619/1168/1167 1569/1218/1217
f 1569/1218/1217 1619/1168/1167 1620/1169/1168 1570/1219/1218
f 1570/1219/1218 1620/1169/1168 1621/1170/1169 1571/1220/1219
f 1571/1220/1219 1621/1170/1169 1622/1171/1170 1572/1221/1220
f 1572/1221/1220 1622/1171/1170 1623/1172/1171 1573/1222/1221
f 1573/1222/1221 1623/1172/1171 1624/1173/1172 1574/1223/1222
f 1574/1223/1222 1624/1173/1172 1625/1174/1173 1575/1224/1223
f 1575/1224/1223 1625/1174/1173 1626/1175/1174 1576/1225/1224
f 1576/1225/1224 1626/1175/1174 1627/1176/1175 1577/1226/1225
f 1577/1226/1225 1627/1176/1175 1628/1177/1176 1578/1227/1226
f 1578/1227/1226 1628/1177/1176 1629/1178/1177 1579/1228/1227
f 1579/1228/1227 1629/1178/1177 1630/1179/1178 1580/1229/1228
f 1580/1229/1228 1630/1179/1178 1631/1180/1179 1581/1230/1229
f 1581/1230/1229 1631/1180/1179 1632/1181/1180 1582/1231/1230
f 1582/1231/1230 1632/1181/1180 1633/1182/1181 1583/1232/1231
f 1583/1232/1231 1633/1182/1181 1634/1183/1182 1584/1233/1232
f 1584/1233/1232 1634/1183/1182 1635/1184/1183 1585/1234/1233
f 1585/1234/1233 1635/1184/1183 1636/1185/1184 1586/1235/1234
f 1586/1235/1234 1636/1185/1184 1637/1186/1185 1587/1236/1235
f 1587/1236/1235 1637/1186/1185 1638/1187/1186 1588/1237/1236
f 1588/1237/1236 1638/1187/1186 1639/1188/1187 1589/1238/1237
f 1589/1238/1237 1639/1188/1187 1640/1189/1188 1590/1239/1238
f 1590/1239/1238 1640/1189/1188 1641/1190/1189 1591/1240/1239
f 1591/1240/1239 1641/1190/1189 1642/1191/1190 1592/1241/1240
f 1592/1241/1240 1642/1191/1190 1643/1192/1191 1593/1242/1241
f 1593/1242/1241 1643/1192/1191 1644/1193/1192 1594/1243/1242
f 1594/1243/1242 1644/1193/1192 1645/1194/1193 1595/1244/1243
f 1595/1244/1243 1645/1194/1193 1646/1195/1194 1596/1245/1244
f 1596/1245/1244 1646/1195/1194 1647/1196/1195 1597/1246/1245
f 1597/1246/1245 1647/1196/1195 1648/1197/1196 1598/1247/1246
f 1598/1247/1246 1648/1197/1196 1649/1198/1197 1599/1248/1247
f 1599/1248/1247 1649/1198/1197 1650/1199/1198 1600/1249/1248
f 1600/1249/1248 1650/1199/1198 1651/1200/1199 1601/1250/1249
f 1601/1250/1249 1651/1200/1199 1652/1201/1200 1602/1251/1250
f 1602/1251/1250 1652/1201/1200 1653/1202/1201 1603/1252/1251
f 1603/1252/1251 1653/1202/1201 1654/1203/1202 1604/1253/1252
f 1604/1253/1252 1654/1203/1202 1655/1204/1203 1605/1254/1253
f 1605/1254/1253 1655/1204/1203 1656/1205/1204 1606/1255/1254
f 1606/1255/1254 1656/1205/1204 1657/1206/1205 1607/1256/1255
f 1607/1256/1255 1657/1206/1205 1658/65/64 1608/63/62
f 35/1257/1256 36/1207/1206 1559/1208/1207 1509/1258/1257
f 1509/1258/1257 1559/1208/1207 1560/1209/1208 1510/1259/1258
f 1510/1259/1258 1560/1209/1208 1561/1210/1209 1511/1260/1259
f 1511/1260/1259 1561/1210/1209 1562/1211/1210 1512/1261/1260
f 1512/1261/1260 1562/1211/1210 1563/1212/1211 1513/1262/1261
f 1513/1262/1261 1563/1212/1211 1564/1213/1212 1514/1263/1262
f 1514/1263/1262 1564/1213/1212 1565/1214/1213 1515/1264/1263
f 1515/1264/1263 1565/1214/1213 1566/1215/1214 1516/1265/1264
f 1516/1265/1264 1566/1215/1214 1567/1216/1215 1517/1266/1265
f 1517/1266/1265 1567/1216/1215 1568/1217/1216 1518/1267/1266
f 1518/1267/1266 1568/1217/1216 1569/1218/1217 1519/1268/1267
f 1519/1268/1267 1569/1218/1217 1570/1219/1218 1520/1269/1268
f 1520/1269/1268 1570/1219/1218 1571/1220/1219 1521/1270/1269
f 1521/1270/1269 1571/1220/1219 1572/1221/1220 1522/1271/1270
f 1522/1271/1270 1572/1221/1220 1573/1222/1221 1523/1272/1271
f 1523/1272/1271 1573/1222/1221 1574/1223/1222 1524/1273/1272
f 1524/1273/1272 1574/1223/1222 1575/1224/1223 1525/1274/1273
f 1525/1274/1273 1575/1224/1223 1576/1225/1224 1526/1275/1274
f 1526/1275/1274 1576/1225/1224 1577/1226/1225 1527/1276/1275
f 1527/1276/1275 1577/1226/1225 1578/1227/1226 1528/1277/1276
f 1528/1277/1276 1578/1227/1226 1579/1228/1227 1529/1278/1277
f 1529/1278/1277 1579/1228/1227 1580/1229/1228 1530/1279/1278
f 1530/1279/1278 1580/1229/1228 1581/1230/1229 1531/1280/1279
f 1531/1280/1279 1581/1230/1229 1582/1231/1230 1532/1281/1280
f 1532/1281/1280 1582/1231/1230 1583/1232/1231 1533/1282/1281
f 1533/1282/1281 1583/1232/1231 1584/1233/1232 1534/1283/1282
f 1534/1283/1282 1584/1233/1232 1585/1234/1233 1535/1284/1283
f 1535/1284/1283 1585/1234/1233 1586/1235/1234 1536/1285/1284
f 1536/1285/1284 1586/1235/1234 1587/1236/1235 1537/1286/1285
f 1537/1286/1285 1587/1236/1235 1588/1237/1236 1538/1287/1286
f 1538/1287/1286 1588/1237/1236 1589/1238/1237 1539/1288/1287
f 1539/1288/1287 1589/1238/1237 1590/1239/1238 1540/1289/1288
f 1540/1289/1288 1590/1239/1238 1591/1240/1239 1541/1290/1289
f 1541/1290/1289 1591/1240/1239 1592/1241/1240 1542/1291/1290
f 1542/1291/1290 1592/1241/1240 1593/1242/1241 1543/1292/1291
f 1543/1292/1291 1593/1242/1241 1594/1243/1242 1544/1293/1292
f 1544/1293/1292 1594/1243/1242 1595/1244/1243 1545/1294/1293
f 1545/1294/1293 1595/1244/1243 1596/1245/1244 1546/1295/1294
f 1546/1295/1294 1596/1245/1244 1597/1246/1245 1547/1296/1295
f 1547/1296/1295 1597/1246/1245 1598/1247/1246 1548/1297/1296
f 1548/1297/1296 1598/1247/1246 1599/1248/1247 1549/1298/1297
f 1549/1298/1297 1599/1248/1247 1600/1249/1248 1550/1299/1298
f 1550/1299/1298 1600/1249/1248 1601/1250/1249 1551/1300/1299
f 1551/1300/1299 1601/1250/1249 1602/1251/1250 1552/1301/1300
f 1552/1301/1300 1602/1251/1250 1603/1252/1251 1553/1302/1301
f 1553/1302/1301 1603/1252/1251 1604/1253/1252 1554/1303/1302
f 1554/1303/1302 1604/1253/1252 1605/1254/1253 1555/1304/1303
f 1555/1304/1303 1605/1254/1253 1606/1255/1254 1556/1305/1304
f 1556/1305/1304 1606/1255/1254 1607/1256/1255 1557/1306/1305
f 1557/1306/1305 1607/1256/1255 1608/63/62 1558/61/60
f 34/1307/1306 35/1257/1256 1509/1258/1257 1459/1308/1307
f 1459/1308/1307 1509/1258/1257 1510/1259/1258 1460/1309/1308
f 1460/1309/1308 1510/1259/1258 1511/1260/1259 1461/1310/1309
f 1461/1310/1309 1511/1260/1259 1512/1261/1260 1462/1311/1310
f 1462/1311/1310 1512/1261/1260 1513/1262/1261 1463/1312/1311
f 1463/1312/1311 1513/1262/1261 1514/1263/1262 1464/1313/1312
f 1464/1313/1312 1514/1263/1262 1515/1264/1263 1465/1314/1313
f 1465/1314/1313 1515/1264/1263 1516/1265/1264 1466/1315/1314
f 1466/1315/1314 1516/1265/1264 1517/1266/1265 1467/1316/1315
f 1467/1316/1315 1517/1266/1265 1518/1267/1266 1468/1317/1316
f 1468/1317/1316 1518/1267/1266 1519/1268/1267 1469/1318/1317
f 1469/1318/1317 1519/1268/1267 1520/1269/1268 1470/1319/1318
f 1470/1319/1318 1520/1269/1268 1521/1270/1269 1471/1320/1319
f 1471/1320/1319 1521/1270/1269 1522/1271/1270 1472/1321/1320
f 1472/1321/1320 1522/1271/1270 1523/1272/1271 1473/1322/1321
f 1473/1322/1321 1523/1272/1271 1524/1273/1272 1474/1323/1322
f 1474/1323/1322 1524/1273/1272 1525/1274/1273 1475/1324/1323
f 1475/1324/1323 1525/1274/1273 1526/1275/1274 1476/1325/1324
f 1476/1325/1324 1526/1275/1274 1527/1276/1275 1477/1326/1325
f 1477/1326/1325 1527/1276/1275 1528/1277/1276 1478/1327/1326
f 1478/1327/1326 1528/1277/1276 1529/1278/1277 1479/1328/1327
f 1479/1328/1327 1529/1278/1277 1530/1279/1278 1480/1329/1328
f 1480/1329/1328 1530/1279/1278 1531/1280/1279 1481/1330/1329
f 1481/1330/1329 1531/1280/1279 1532/1281/1280 1482/1331/1330
f 1482/1331/1330 1532/1281/1280 1533/1282/1281 1483/1332/1331
f 1483/1332/1331 1533/1282/1281 1534/1283/1282 1484/1333/1332
f 1484/1333/1332 1534/1283/1282 1535/1284/1283 1485/1334/1333
f 1485/1334/1333 1535/1284/1283 1536/1285/1284 1486/1335/1334
f 1486/1335/1334 1536/1285/1284 1537/1286/1285 1487/1336/1335
f 1487/1336/1335 1537/1286/1285 1538/1287/1286 1488/1337/1336
f 1488/1337/1336 1538/1287/1286 1539/1288/1287 1489/1338/1337
f 1489/1338/1337 1539/1288/1287 1540/1289/1288 1490/1339/1338
f 1490/1339/1338 1540/1289/1288 1541/1290/1289 1491/1340/1339
f 1491/1340/1339 1541/1290/1289 1542/1291/1290 1492/1341/1340
f 1492/1341/1340 1542/1291/1290 1543/1292/1291 1493/1342/1341
f 1493/1342/1341 1543/1292/1291 1544/1293/1292 1494/1343/1342
f 1494/1343/1342 1544/1293/1292 1545/1294/1293 1495/1344/1343
f 1495/1344/1343 1545/1294/1293 1546/1295/1294 1496/1345/1344
f 1496/1345/1344 1546/1295/1294 1547/1296/1295 1497/1346/1345
f 1497/1346/1345 1547/1296/1295 1548/1297/1296 1498/1347/1346
f 1498/1347/1346 1548/1297/1296 1549/1298/1297 1499/1348/1347
f 1499/1348/1347 1549/1298/1297 1550/1299/1298 1500/1349/1348
f 1500/1349/1348 1550/1299/1298 1551/1300/1299 1501/1350/1349
f 1501/1350/1349 1551/1300/1299 1552/1301/1300 1502/1351/1350
f 1502/1351/1350 1552/1301/1300 1553/1302/1301 1503/1352/1351
f 1503/1352/1351 1553/1302/1301 1554/1303/1302 1504/1353/1352
f 1504/1353/1352 1554/1303/1302 1555/1304/1303 1505/1354/1353
f 1505/1354/1353 1555/1304/1303 1556/1305/1304 1506/1355/1354
f 1506/1355/1354 1556/1305/1304 1557/1306/1305 1507/1356/1355
f 1507/1356/1355 1557/1306/1305 1558/61/60 1508/59/58
f 33/1357/1356 34/1307/1306 1459/1308/1307 1409/1358/1357
f 1409/1358/1357 1459/1308/1307 1460/1309/1308 1410/1359/1358
f 1410/1359/1358 1460/1309/1308 1461/1310/1309 1411/1360/1359
f 1411/1360/1359 1461/1310/1309 1462/1311/1310 1412/1361/1360
f 1412/1361/1360 1462/1311/1310 1463/1312/1311 1413/1362/1361
f 1413/1362/1361 1463/1312/1311 1464/1313/1312 1414/1363/1362
f 1414/1363/1362 1464/1313/1312 1465/1314/1313 1415/1364/1363
f 1415/1364/1363 1465/1314/1313 1466/1315/1314 1416/1365/1364
f 1416/1365/1364 1466/1315/1314 1467/1316/1315 1417/1366/1365
f 1417/1366/1365 1467/1316/1315 1468/1317/1316 1418/1367/1366
f 1418/1367/1366 1468/1317/1316 1469/1318/1317 1419/1368/1367
f 1419/1368/1367 1469/1318/1317 1470/1319/1318 1420/1369/1368
f 1420/1369/1368 1470/1319/1318 1471/1320/1319 1421/1370/1369
f 1421/1370/1369 1471/1320/1319 1472/1321/1320 1422/1371/1370
f 1422/1371/1370 1472/1321/1320 1473/1322/1321 1423/1372/1371
f 1423/1372/1371 1473/1322/1321 1474/1323/1322 1424/1373/1372
f 1424/1373/1372 1474/1323/1322 1475/1324/1323 1425/1374/1373
f 1425/1374/1373 1475/1324/1323 1476/1325/1324 1426/1375/1374
f 1426/1375/1374 1476/1325/1324 1477/1326/1325 1427/1376/1375
f 1427/1376/1375 1477/1326/1325 1478/1327/1326 1428/1377/1376
f 1428/1377/1376 1478/1327/1326 1479/1328/1327 1429/1378/1377
f 1429/1378/1377 1479/1328/1327 1480/1329/1328 1430/1379/1378
f 1430/1379/1378 1480/1329/1328 1481/1330/1329 1431/1380/1379
f 1431/1380/1379 1481/1330/1329 1482/1331/1330 1432/1381/1380
f 1432/1381/1380 1482/1331/1330 1483/1332/1331 1433/1382/1381
f 1433/1382/1381 1483/1332/1331 1484/1333/1332 1434/1383/1382
f 1434/1383/1382 1484/1333/1332 1485/1334/1333 1435/1384/1383
f 1435/1384/1383 1485/1334/1333 1486/1335/1334 1436/1385/1384
f 1436/1385/1384 1486/1335/1334 1487/1336/1335 1437/1386/1385
f 1437/1386/1385 1487/1336/1335 1488/1337/1336 1438/1387/1386
f 1438/1387/1386 1488/1337/1336 1489/1338/1337 1439/1388/1387
f 1439/1388/1387 1489/1338/1337 1490/1339/1338 1440/1389/1388
f 1440/1389/1388 1490/1339/1338 1491/1340/1339 1441/1390/1389
f 1441/1390/1389 1491/1340/1339 1492/1341/1340 1442/1391/1390
f 1442/1391/1390 1492/1341/1340 1493/1342/1341 1443/1392/1391
f 1443/1392/1391 1493/1342/1341 1494/1343/1342 1444/1393/1392
f 1444/1393/1392 1494/1343/1342 1495/1344/1343 1445/1394/1393
f 1445/1394/1393 1495/1344/1343 1496/1345/1344 1446/1395/1394
f 1446/1395/1394 1496/1345/1344 1497/1346/1345 1447/1396/1395
f 1447/1396/1395 1497/1346/1345 1498/1347/1346 1448/1397/1396
f 1448/1397/1396 1498/1347/1346 1499/1348/1347 1449/1398/1397
f 1449/1398/1397 1499/1348/1347 1500/1349/1348 1450/1399/1398
f 1450/1399/1398 1500/1349/1348 1501/1350/1349 1451/1400/1399
f 1451/1400/1399 1501/1350/1349 1502/1351/1350 1452/1401/1400
f 1452/1401/1400 1502/1351/1350 1503/1352/1351 1453/1402/1401
f 1453/1402/1401 1503/1352/1351 1504/1353/1352 1454/1403/1402
f 1454/1403/1402 1504/1353/1352 1505/1354/1353 1455/1404/1403
f 1455/1404/1403 1505/1354/1353 1506/1355/1354 1456/1405/1404
f 1456/1405/1404 1506/1355/1354 1507/1356/1355 1457/1406/1405
f 1457/1406/1405 1507/1356/1355 1508/59/58 1458/57/56
f 32/1407/1406 33/1357/1356 1409/1358/1357 1359/1408/1407
f 1359/1408/1407 1409/1358/1357 1410/1359/1358 1360/1409/1408
f 1360/1409/1408 1410/1359/1358 1411/1360/1359 1361/1410/1409
f 1361/1410/1409 1411/1360/1359 1412/1361/1360 1362/1411/1410
f 1362/1411/1410 1412/1361/1360 1413/1362/1361 1363/1412/1411
f 1363/1412/1411 1413/1362/1361 1414/1363/1362 1364/1413/1412
f 1364/1413/1412 1414/1363/1362 1415/1364/1363 1365/1414/1413
f 1365/1414/1413 1415/1364/1363 1416/1365/1364 1366/1415/1414
f 1366/1415/1414 1416/1365/1364 1417/1366/1365 1367/1416/1415
f 1367/1416/1415 1417/1366/1365 1418/1367/1366 1368/1417/1416
f 1368/1417/1416 1418/1367/1366 1419/1368/1367 1369/1418/1417
f 1369/1418/1417 1419/1368/1367 1420/1369/1368 1370/1419/1418
f 1370/1419/1418 1420/1369/1368 1421/1370/1369 1371/1420/1419
f 1371/1420/1419 1421/1370/1369 1422/1371/1370 1372/1421/1420
f 1372/1421/1420 1422/1371/1370 1423/1372/1371 1373/1422/1421
f 1373/1422/1421 1423/1372/1371 1424/1373/1372 1374/1423/1422
f 1374/1423/1422 1424/1373/1372 1425/1374/1373 1375/1424/1423
f 1375/1424/1423 1425/1374/1373 1426/1375/1374 1376/1425/1424
f 1376/1425/1424 1426/1375/1374 1427/1376/1375 1377/1426/1425
f 1377/1426/1425 1427/1376/1375 1428/1377/1376 1378/1427/1426
f 1378/1427/1426 1428/1377/1376 1429/1378/1377 1379/1428/1427
f 1379/1428/1427 1429/1378/1377 1430/1379/1378 1380/1429/1428
f 1380/1429/1428 1430/1379/1378 1431/1380/1379 1381/1430/1429
f 1381/1430/1429 1431/1380/1379 1432/1381/1380 1382/1431/1430
f 1382/1431/1430 1432/1381/1380 1433/1382/1381 1383/1432/1431
f 1383/1432/1431 1433/1382/1381 1434/1383/1382 1384/1433/1432
f 1384/1433/1432 1434/1383/1382 1435/1384/1383 1385/1434/1433
f 1385/1434/1433 1435/1384/1383 1436/1385/1384 1386/1435/1434
f 1386/1435/1434 1436/1385/1384 1437/1386/1385 1387/1436/1435
f 1387/1436/1435 1437/1386/1385 1438/1387/1386 1388/1437/1436
f 1388/1437/1436 1438/1387/1386 1439/1388/1387 1389/1438/1437
f 1389/1438/1437 1439/1388/1387 1440/1389/1388 1390/1439/1438
f 1390/1439/1438 1440/1389/1388 1441/1390/1389 1391/1440/1439
f 1391/1440/1439 1441/1390/1389 1442/1391/1390 1392/1441/1440
f 1392/1441/1440 1442/1391/1390 1443/1392/1391 1393/1442/1441
f 1393/1442/1441 1443/1392/1391 1444/1393/1392 1394/1443/1442
f 1394/1443/1442 1444/1393/1392 1445/1394/1393 1395/1444/1443
f 1395/1444/1443 1445/1394/1393 1446/1395/1394 1396/1445/1444
f 1396/1445/1444 1446/1395/1394 1447/1396/1395 1397/1446/1445
f 1397/1446/1445 1447/1396/1395 1448/1397/1396 1398/1447/1446
f 1398/1447/1446 1448/1397/1396 1449/1398/1397 1399/1448/1447
f 1399/1448/1447 1449/1398/1397 1450/1399/1398 1400/1449/1448
f 1400/1449/1448 1450/1399/1398 1451/1400/1399 1401/1450/1449
f 1401/1450/1449 1451/1400/1399 1452/1401/1400 1402/1451/1450
f 1402/1451/1450 1452/1401/1400 1453/1402/1401 1403/1452/1451
f 1403/1452/1451 1453/1402/1401 1454/1403/1402 1404/1453/1452
f 1404/1453/1452 1454/1403/1402 1455/1404/1403 1405/1454/1453
f 1405/1454/1453 1455/1404/1403 1456/1405/1404 1406/1455/1454
f 1406/1455/1454 1456/1405/1404 1457/1406/1405 1407/1456/1455
f 1407/1456/1455 1457/1406/1405 1458/57/56 1408/55/54
f 31/1457/1456 32/1407/1406 1359/1408/1407 1309/1458/1457
f 1309/1458/1457 1359/1408/1407 1360/1409/1408 1310/1459/1458
f 1310/1459/1458 1360/1409/1408 1361/1410/1409 1311/1460/1459
f 1311/1460/1459 1361/1410/1409 1362/1411/1410 1312/1461/1460
f 1312/1461/1460 1362/1411/1410 1363/1412/1411 1313/1462/1461
f 1313/1462/1461 1363/1412/1411 1364/1413/1412 1314/1463/1462
f 1314/1463/1462 1364/1413/1412 1365/1414/1413 1315/1464/1463
f 1315/1464/1463 1365/1414/1413 1366/1415/1414 1316/1465/1464
f 1316/1465/1464 1366/1415/1414 1367/1416/1415 1317/1466/1465
f 1317/1466/1465 1367/1416/1415 1368/1417/1416 1318/1467/1466
f 1318/1467/1466 1368/1417/1416 1369/1418/1417 1319/1468/1467
f 1319/1468/1467 1369/1418/1417 1370/1419/1418 1320/1469/1468
f 1320/1469/1468 1370/1419/1418 1371/1420/1419 1321/1470/1469
f 1321/1470/1469 1371/1420/1419 1372/1421/1420 1322/1471/1470
f 1322/1471/1470 1372/1421/1420 1373/1422/1421 1323/1472/1471
f 1323/1472/1471 1373/1422/1421 1374/1423/1422 1324/1473/1472
f 1324/1473/1472 1374/1423/1422 1375/1424/1423 1325/1474/1473
f 1325/1474/1473 1375/1424/1423 1376/1425/1424 1326/1475/1474
f 1326/1475/1474 1376/1425/1424 1377/1426/1425 1327/1476/1475
f 1327/1476/1475 1377/1426/1425 1378/1427/1426 1328/1477/1476
f 1328/1477/1476 1378/1427/1426 1379/1428/1427 1329/1478/1477
f 1329/1478/1477 1379/1428/1427 1380/1429/1428 1330/1479/1478
f 1330/1479/1478 1380/1429/1428 1381/1430/1429 1331/1480/1479
f 1331/1480/1479 1381/1430/1429 1382/1431/1430 1332/1481/1480
f 1332/1481/1480 1382/1431/1430 1383/1432/1431 1333/1482/1481
f 1333/1482/1481 1383/1432/1431 1384/1433/1432 1334/1483/1482
f 1334/1483/1482 1384/1433/1432 1385/1434/1433 1335/1484/1483
f 1335/1484/1483 1385/1434/1433 1386/1435/1434 1336/1485/1484
f 1336/1485/1484 1386/1435/1434 1387/1436/1435 1337/1486/1485
f 1337/1486/1485 1387/1436/1435 1388/1437/1436 1338/1487/1486
f 1338/1487/1486 1388/1437/1436 1389/1438/1437 1339/1488/1487
f 1339/1488/1487 1389/1438/1437 1390/1439/1438 1340/1489/1488
f 1340/1489/1488 1390/1439/1438 1391/1440/1439 1341/1490/1489
f 1341/1490/1489 1391/1440/1439 1392/1441/1440 1342/1491/1490
f 1342/1491/1490 1392/1441/1440 1393/1442/1441 1343/1492/1491
f 1343/1492/1491 1393/1442/1441 1394/1443/1442 1344/1493/1492
f 1344/1493/1492 1394/1443/1442 1395/1444/1443 1345/1494/1493
f 1345/1494/1493 1395/1444/1443 1396/1445/1444 1346/1495/1494
f 1346/1495/1494 1396/1445/1444 1397/1446/1445 1347/1496/1495
f 1347/1496/1495 1397/1446/1445 1398/1447/1446 1348/1497/1496
f 1348/1497/1496 1398/1447/1446 1399/1448/1447 1349/1498/1497
f 1349/1498/1497 1399/1448/1447 1400/1449/1448 1350/1499/1498
f 1350/1499/1498 1400/1449/1448 1401/1450/1449 1351/1500/1499
f 1351/1500/1499 1401/1450/1449 1402/1451/1450 1352/1501/1500
f 1352/1501/1500 1402/1451/1450 1403/1452/1451 1353/1502/1501
f 1353/1502/1501 1403/1452/1451 1404/1453/1452 1354/1503/1502
f 1354/1503/1502 1404/1453/1452 1405/1454/1453 1355/1504/1503
f 1355/1504/1503 1405/1454/1453 1406/1455/1454 1356/1505/1504
f 1356/1505/1504 1406/1455/1454 1407/1456/1455 1357/1506/1505
f 1357/1506/1505 1407/1456/1455 1408/55/54 1358/53/52
f 30/1507/1506 31/1457/1456 1309/1458/1457 1259/1508/1507
f 1259/1508/1507 1309/1458/1457 1310/1459/1458 1260/1509/1508
f 1260/1509/1508 1310/1459/1458 1311/1460/1459 1261/1510/1509
f 1261/1510/1509 1311/1460/1459 1312/1461/1460 1262/1511/1510
f 1262/1511/1510 1312/1461/1460 1313/1462/1461 1263/1512/1511
f 1263/1512/1511 1313/1462/1461 1314/1463/1462 1264/1513/1512
f 1264/1513/1512 1314/1463/1462 1315/1464/1463 1265/1514/1513
f 1265/1514/1513 1315/1464/1463 1316/1465/1464 1266/1515/1514
f 1266/1515/1514 1316/1465/1464 1317/1466/1465 1267/1516/1515
f 1267/1516/1515 1317/1466/1465 1318/1467/1466 1268/1517/1516
f 1268/1517/1516 1318/1467/1466 1319/1468/1467 1269/1518/1517
f 1269/1518/1517 1319/1468/1467 1320/1469/1468 1270/1519/1518
f 1270/1519/1518 1320/1469/1468 1321/1470/1469 1271/1520/1519
f 1271/1520/1519 1321/1470/1469 1322/1471/1470 1272/1521/1520
f 1272/1521/1520 1322/1471/1470 1323/1472/1471 1273/1522/1521
f 1273/1522/1521 1323/1472/1471 1324/1473/1472 1274/1523/1522
f 1274/1523/1522 1324/1473/1472 1325/1474/1473 1275/1524/1523
f 1275/1524/1523 1325/1474/1473 1326/1475/1474 1276/1525/1524
f 1276/1525/1524 1326/1475/1474 1327/1476/1475 1277/1526/1525
f 1277/1526/1525 1327/1476/1475 1328/1477/1476 1278/1527/1526
f 1278/1527/1526 1328/1477/1476 1329/1478/1477 1279/1528/1527
f 1279/1528/1527 1329/1478/1477 1330/1479/1478 1280/1529/1528
f 1280/1529/1528 1330/1479/1478 1331/1480/1479 1281/1530/1529
f 1281/1530/1529 1331/1480/1479 1332/1481/1480 1282/1531/1530
f 1282/1531/1530 1332/1481/1480 1333/1482/1481 1283/1532/1531
f 1283/1532/1531 1333/1482/1481 1334/1483/1482 1284/1533/1532
f 1284/1533/1532 1334/1483/1482 1335/1484/1483 1285/1534/1533
f 1285/1534/1533 1335/1484/1483 1336/1485/1484 1286/1535/1534
f 1286/1535/1534 1336/1485/1484 1337/1486/1485 1287/1536/1535
f 1287/1536/1535 1337/1486/1485 1338/1487/1486 1288/1537/1536
f 1288/1537/1536 1338/1487/1486 1339/1488/1487 1289/1538/1537
f 1289/1538/1537 1339/1488/1487 1340/1489/1488 1290/1539/1538
f 1290/1539/1538 1340/1489/1488 1341/1490/1489 1291/1540/1539
f 1291/1540/1539 1341/1490/1489 1342/1491/1490 1292/1541/1540
f 1292/1541/1540 1342/1491/1490 1343/1492/1491 1293/1542/1541
f 1293/1542/1541 1343/1492/1491 1344/1493/1492 1294/1543/1542
f 1294/1543/1542 1344/1493/1492 1345/1494/1493 1295/1544/1543
f 1295/1544/1543 1345/1494/1493 1346/1495/1494 1296/1545/1544
f 1296/1545/1544 1346/1495/1494 1347/1496/1495 1297/1546/1545
f 1297/1546/1545 1347/1496/1495 1348/1497/1496 1298/1547/1546
f 1298/1547/1546 1348/1497/1496 1349/1498/1497 1299/1548/1547
f 1299/1548/1547 1349/1498/1497 1350/1499/1498 1300/1549/1548
f 1300/1549/1548 1350/1499/1498 1351/1500/1499 1301/1550/1549
f 1301/1550/1549 1351/1500/1499 1352/1501/1500 1302/1551/1550
f 1302/1551/1550 1352/1501/1500 1353/1502/1501 1303/1552/1551
f 1303/1552/1551 1353/1502/1501 1354/1503/1502 1304/1553/1552
f 1304/1553/1552 1354/1503/1502 1355/1504/1503 1305/1554/1553
f 1305/1554/1553 1355/1504/1503 1356/1505/1504 1306/1555/1554
f 1306/1555/1554 1356/1505/1504 1357/1506/1505 1307/1556/1555
f 1307/1556/1555 1357/1506/1505 1358/53/52 1308/51/50
f 29/1557/1556 30/1507/1506 1259/1508/1507 1209/1558/1557
f 1209/1558/1557 1259/1508/1507 1260/1509/1508 1210/1559/1558
f 1210/1559/1558 1260/1509/1508 1261/1510/1509 1211/1560/1559
f 1211/1560/1559 1261/1510/1509 1262/1511/1510 1212/1561/1560
f 1212/1561/1560 1262/1511/1510 1263/1512/1511 1213/1562/1561
f 1213/1562/1561 1263/1512/1511 1264/1513/1512 1214/1563/1562
f 1214/1563/1562 1264/1513/1512 1265/1514/1513 1215/1564/1563
f 1215/1564/1563 1265/1514/1513 1266/1515/1514 1216/1565/1564
f 1216/1565/1564 1266/1515/1514 1267/1516/1515 1217/1566/1565
f 1217/1566/1565 1267/1516/1515 1268/1517/1516 1218/1567/1566
f 1218/1567/1566 1268/1517/1516 1269/1518/1517 1219/1568/1567
f 1219/1568/1567 1269/1518/1517 1270/1519/1518 1220/1569/1568
f 1220/1569/1568 1270/1519/1518 1271/1520/1519 1221/1570/1569
f 1221/1570/1569 1271/1520/1519 1272/1521/1520 1222/1571/1570
f 1222/1571/1570 1272/1521/1520 1273/1522/1521 1223/1572/1571
f 1223/1572/1571 1273/1522/1521 1274/1523/1522 1224/1573/1572
f 1224/1573/1572 1274/1523/1522 1275/1524/1523 1225/1574/1573
f 1225/1574/1573 1275/1524/1523 1276/1525/1524 1226/1575/1574
f 1226/1575/1574 1276/1525/1524 1277/1526/1525 1227/1576/1575
f 1227/1576/1575 1277/1526/1525 1278/1527/1526 1228/1577/1576
f 1228/1577/1576 1278/1527/1526 1279/1528/1527 1229/1578/1577
f 1229/1578/1577 1279/1528/1527 1280/1529/1528 1230/1579/1578
f 1230/1579/1578 1280/1529/1528 1281/1530/1529 1231/1580/1579
f 1231/1580/1579 1281/1530/1529 1282/1531/1530 1232/1581/1580
f 1232/1581/1580 1282/1531/1530 1283/1532/1531 1233/1582/1581
f 1233/1582/1581 1283/1532/1531 1284/1533/1532 1234/1583/1582
f 1234/1583/1582 1284/1533/1532 1285/1534/1533 1235/1584/1583
f 1235/1584/1583 1285/1534/1533 1286/1535/1534 1236/1585/1584
f 1236/1585/1584 1286/1535/1534 1287/1536/1535 1237/1586/1585
f 1237/1586/1585 1287/1536/1535 1288/1537/1536 1238/1587/1586
f 1238/1587/1586 1288/1537/1536 1289/1538/1537 1239/1588/1587
f 1239/1588/1587 1289/1538/1537 1290/1539/1538 1240/1589/1588
f 1240/1589/1588 1290/1539/1538 1291/1540/1539 1241/1590/1589
f 1241/1590/1589 1291/1540/1539 1292/1541/1540 1242/1591/1590
f 1242/1591/1590 1292/1541/1540 1293/1542/1541 1243/1592/1591
f 1243/1592/1591 1293/1542/1541 1294/1543/1542 1244/1593/1592
f 1244/1593/1592 1294/1543/1542 1295/1544/1543 1245/1594/1593
f 1245/1594/1593 1295/1544/1543 1296/1545/1544 1246/1595/1594
f 1246/1595/1594 1296/1545/1544 1297/1546/1545 1247/1596/1595
f 1247/1596/1595 1297/1546/1545 1298/1547/1546 1248/1597/1596
f 1248/1597/1596 1298/1547/1546 1299/1548/1547 1249/1598/1597
f 1249/1598/1597 1299/1548/1547 1300/1549/1548 1250/1599/1598
f 1250/1599/1598 1300/1549/1548 1301/1550/1549 1251/1600/1599
f 1251/1600/1599 1301/1550/1549 1302/1551/1550 1252/1601/1600
f 1252/1601/1600 1302/1551/1550 1303/1552/1551 1253/1602/1601
f 1253/1602/1601 1303/1552/1551 1304/1553/1552 1254/1603/1602
f 1254/1603/1602 1304/1553/1552 1305/1554/1553 1255/1604/1603
f 1255/1604/1603 1305/1554/1553 1306/1555/1554 1256/1605/1604
f 1256/1605/1604 1306/1555/1554 1307/1556/1555 1257/1606/1605
f 1257/1606/1605 1307/1556/1555 1308/51/50 1258/49/48
f 28/1607/1606 29/1557/1556 1209/1558/1557 1159/1608/1607
f 1159/1608/1607 1209/1558/1557 1210/1559/1558 1160/1609/1608
f 1160/1609/1608 1210/1559/1558 1211/1560/1559 1161/1610/1609
f 1161/1610/1609 1211/1560/1559 1212/1561/1560 1162/1611/1610
f 1162/1611/1610 1212/1561/1560 1213/1562/1561 1163/1612/1611
f 1163/1612/1611 1213/1562/1561 1214/1563/1562 1164/1613/1612
f 1164/1613/1612 1214/1563/1562 1215/1564/1563 1165/1614/1613
f 1165/1614/1613 1215/1564/1563 1216/1565/1564 1166/1615/1614
f 1166/1615/1614 1216/1565/1564 1217/1566/1565 1167/1616/1615
f 1167/1616/1615 1217/1566/1565 1218/1567/1566 1168/1617/1616
f 1168/1617/1616 1218/1567/1566 1219/1568/1567 1169/1618/1617
f 1169/1618/1617 1219/1568/1567 1220/1569/1568 1170/1619/1618
f 1170/1619/1618 1220/1569/1568 1221/1570/1569 1171/1620/1619
f 1171/1620/1619 1221/1570/1569 1222/1571/1570 1172/1621/1620
f 1172/1621/1620 1222/1571/1570 1223/1572/1571 1173/1622/1621
f 1173/1622/1621 1223/1572/1571 1224/1573/1572 1174/1623/1622
f 1174/1623/1622 1224/1573/1572 1225/1574/1573 1175/1624/1623
f 1175/1624/1623 1225/1574/1573 1226/1575/1574 1176/1625/1624
f 1176/1625/1624 1226/1575/1574 1227/1576/1575 1177/1626/1625
f 1177/1626/1625 1227/1576/1575 1228/1577/1576 1178/1627/1626
f 1178/1627/1626 1228/1577/1576 1229/1578/1577 1179/1628/1627
f 1179/1628/1627 1229/1578/1577 1230/1579/1578 1180/1629/1628
f 1180/1629/1628 1230/1579/1578 1231/1580/1579 1181/1630/1629
f 1181/1630/1629 1231/1580/1579 1232/1581/1580 1182/1631/1630
f 1182/1631/1630 1232/1581/1580 1233/1582/1581 1183/1632/1631
f 1183/1632/1631 1233/1582/1581 1234/1583/1582 1184/1633/1632
f 1184/1633/1632 1234/1583/1582 1235/1584/1583 1185/1634/1633
f 1185/1634/1633 1235/1584/1583 1236/1585/1584 1186/1635/1634
f 1186/1635/1634 1236/1585/1584 1237/1586/1585 1187/1636/1635
f 1187/1636/1635 1237/1586/1585 1238/1587/1586 1188/1637/1636
f 1188/1637/1636 1238/1587/1586 1239/1588/1587 1189/1638/1637
f 1189/1638/1637 1239/1588/1587 1240/1589/1588 1190/1639/1638
f 1190/1639/1638 1240/1589/1588 1241/1590/1589 1191/1640/1639
f 1191/1640/1639 1241/1590/1589 1242/1591/1590 1192/1641/1640
f 1192/1641/1640 1242/1591/1590 1243/1592/1591 1193/1642/1641
f 1193/1642/1641 1243/1592/1591 1244/1593/1592 1194/1643/1642
f 1194/1643/1642 1244/1593/1592 1245/1594/1593 1195/1644/1643
f 1195/1644/1643 1245/1594/1593 1246/1595/1594 1196/1645/1644
f 1196/1645/1644 1246/1595/1594 1247/1596/1595 1197/1646/1645
f 1197/1646/1645 1247/1596/1595 1248/1597/1596 1198/1647/1646
f 1198/1647/1646 1248/1597/1596 1249/1598/1597 1199/1648/1647
f 1199/1648/1647 1249/1598/1597 1250/1599/1598 1200/1649/1648
f 1200/1649/1648 1250/1599/1598 1251/1600/1599 1201/1650/1649
f 1201/1650/1649 1251/1600/1599 1252/1601/1600 1202/1651/1650
f 1202/1651/1650 1252/1601/1600 1253/1602/1601 1203/1652/1651
f 1203/1652/1651 1253/1602/1601 1254/1603/1602 1204/1653/1652
f 1204/1653/1652 1254/1603/1602 1255/1604/1603 1205/1654/1653
f 1205/1654/1653 1255/1604/1603 1256/1605/1604 1206/1655/1654
f 1206/1655/1654 1256/1605/1604 1257/1606/1605 1207/1656/1655
f 1207/1656/1655 1257/1606/1605 1258/49/48 1208/47/46
f 27/1657/1656 28/1607/1606 1159/1608/1607 1109/1658/1657
f 1109/1658/1657 1159/1608/1607 1160/1609/1608 1110/1659/1658
f 1110/1659/1658 1160/1609/1608 1161/1610/1609 1111/1660/1659
f 1111/1660/1659 1161/1610/1609 1162/1611/1610 1112/1661/1660
f 1112/1661/1660 1162/1611/1610 1163/1612/1611 1113/1662/1661
f 1113/1662/1661 1163/1612/1611 1164/1613/1612 1114/1663/1662
f 1114/1663/1662 1164/1613/1612 1165/1614/1613 1115/1664/1663
f 1115/1664/1663 1165/1614/1613 1166/1615/1614 1116/1665/1664
f 1116/1665/1664 1166/1615/1614 1167/1616/1615 1117/1666/1665
f 1117/1666/1665 1167/1616/1615 1168/1617/1616 1118/1667/1666
f 1118/1667/1666 1168/1617/1616 1169/1618/1617 1119/1668/1667
f 1119/1668/1667 1169/1618/1617 1170/1619/1618 1120/1669/1668
f 1120/1669/1668 1170/1619/1618 1171/1620/1619 1121/1670/1669
f 1121/1670/1669 1171/1620/1619 1172/1621/1620 1122/1671/1670
f 1122/1671/1670 1172/1621/1620 1173/1622/1621 1123/1672/1671
f 1123/1672/1671 1173/1622/1621 1174/1623/1622 1124/1673/1672
f 1124/1673/1672 1174/1623/1622 1175/1624/1623 1125/1674/1673
f 1125/1674/1673 1175/1624/1623 1176/1625/1624 1126/1675/1674
f 1126/1675/1674 1176/1625/1624 1177/1626/1625 1127/1676/1675
f 1127/1676/1675 1177/1626/1625 1178/1627/1626 1128/1677/1676
f 1128/1677/1676 1178/1627/1626 1179/1628/1627 1129/1678/1677
f 1129/1678/1677 1179/1628/1627 1180/1629/1628 1130/1679/61
f 1130/1679/61 1180/1629/1628 1181/1630/1629 1131/1680/1678
f 1131/1680/1678 1181/1630/1629 1182/1631/1630 1132/1681/1679
f 1132/1681/1679 1182/1631/1630 1183/1632/1631 1133/1682/1680
f 1133/1682/1680 1183/1632/1631 1184/1633/1632 1134/1683/1681
f 1134/1683/1681 1184/1633/1632 1185/1634/1633 1135/1684/1682
f 1135/1684/1682 1185/1634/1633 1186/1635/1634 1136/1685/1683
f 1136/1685/1683 1186/1635/1634 1187/1636/1635 1137/1686/1684
f 1137/1686/1684 1187/1636/1635 1188/1637/1636 1138/1687/1685
f 1138/1687/1685 1188/1637/1636 1189/1638/1637 1139/1688/1686
f 1139/1688/1686 1189/1638/1637 1190/1639/1638 1140/1689/1687
f 1140/1689/1687 1190/1639/1638 1191/1640/1639 1141/1690/1688
f 1141/1690/1688 1191/1640/1639 1192/1641/1640 1142/1691/1689
f 1142/1691/1689 1192/1641/1640 1193/1642/1641 1143/1692/1690
f 1143/1692/1690 1193/1642/1641 1194/1643/1642 1144/1693/1691
f 1144/1693/1691 1194/1643/1642 1195/1644/1643 1145/1694/1692
f 1145/1694/1692 1195/1644/1643 1196/1645/1644 1146/1695/1693
f 1146/1695/1693 1196/1645/1644 1197/1646/1645 1147/1696/1694
f 1147/1696/1694 1197/1646/1645 1198/1647/1646 1148/1697/1695
f 1148/1697/1695 1198/1647/1646 1199/1648/1647 1149/1698/1696
f 1149/1698/1696 1199/1648/1647 1200/1649/1648 1150/1699/1697
f 1150/1699/1697 1200/1649/1648 1201/1650/1649 1151/1700/1698
f 1151/1700/1698 1201/1650/1649 1202/1651/1650 1152/1701/1699
f 1152/1701/1699 1202/1651/1650 1203/1652/1651 1153/1702/1700
f 1153/1702/1700 1203/1652/1651 1204/1653/1652 1154/1703/1701
f 1154/1703/1701 1204/1653/1652 1205/1654/1653 1155/1704/1702
f 1155/1704/1702 1205/1654/1653 1206/1655/1654 1156/1705/1703
f 1156/1705/1703 1206/1655/1654 1207/1656/1655 1157/1706/1704
f 1157/1706/1704 1207/1656/1655 1208/47/46 1158/45/44
f 26/1707/1705 27/1657/1656 1109/1658/1657 1059/1708/1706
f 1059/1708/1706 1109/1658/1657 1110/1659/1658 1060/1709/1707
f 1060/1709/1707 1110/1659/1658 1111/1660/1659 1061/1710/1708
f 1061/1710/1708 1111/1660/1659 1112/1661/1660 1062/1711/1709
f 1062/1711/1709 1112/1661/1660 1113/1662/1661 1063/1712/1710
f 1063/1712/1710 1113/1662/1661 1114/1663/1662 1064/1713/1711
f 1064/1713/1711 1114/1663/1662 1115/1664/1663 1065/1714/1712
f 1065/1714/1712 1115/1664/1663 1116/1665/1664 1066/1715/1713
f 1066/1715/1713 1116/1665/1664 1117/1666/1665 1067/1716/1714
f 1067/1716/1714 1117/1666/1665 1118/1667/1666 1068/1717/1715
f 1068/1717/1715 1118/1667/1666 1119/1668/1667 1069/1718/1716
f 1069/1718/1716 1119/1668/1667 1120/1669/1668 1070/1719/1717
f 1070/1719/1717 1120/1669/1668 1121/1670/1669 1071/1720/1718
f 1071/1720/1718 1121/1670/1669 1122/1671/1670 1072/1721/1719
f 1072/1721/1719 1122/1671/1670 1123/1672/1671 1073/1722/1720
f 1073/1722/1720 1123/1672/1671 1124/1673/1672 1074/1723/1721
f 1074/1723/1721 1124/1673/1672 1125/1674/1673 1075/1724/1722
f 1075/1724/1722 1125/1674/1673 1126/1675/1674 1076/1725/1723
f 1076/1725/1723 1126/1675/1674 1127/1676/1675 1077/1726/1724
f 1077/1726/1724 1127/1676/1675 1128/1677/1676 1078/1727/1725
f 1078/1727/1725 1128/1677/1676 1129/1678/1677 1079/1728/1726
f 1079/1728/1726 1129/1678/1677 1130/1679/61 1080/1729/1727
f 1080/1729/1727 1130/1679/61 1131/1680/1678 1081/1730/1728
f 1081/1730/1728 1131/1680/1678 1132/1681/1679 1082/1731/1729
f 1082/1731/1729 1132/1681/1679 1133/1682/1680 1083/1732/1730
f 1083/1732/1730 1133/1682/1680 1134/1683/1681 1084/1733/1731
f 1084/1733/1731 1134/1683/1681 1135/1684/1682 1085/1734/1732
f 1085/1734/1732 1135/1684/1682 1136/1685/1683 1086/1735/1733
f 1086/1735/1733 1136/1685/1683 1137/1686/1684 1087/1736/1734
f 1087/1736/1734 1137/1686/1684 1138/1687/1685 1088/1737/1735
f 1088/1737/1735 1138/1687/1685 1139/1688/1686 1089/1738/1736
f 1089/1738/1736 1139/1688/1686 1140/1689/1687 1090/1739/1737
f 1090/1739/1737 1140/1689/1687 1141/1690/1688 1091/1740/1738
f 1091/1740/1738 1141/1690/1688 1142/1691/1689 1092/1741/1739
f 1092/1741/1739 1142/1691/1689 1143/1692/1690 1093/1742/1740
f 1093/1742/1740 1143/1692/1690 1144/1693/1691 1094/1743/1741
f 1094/1743/1741 1144/1693/1691 1145/1694/1692 1095/1744/1742
f 1095/1744/1742 1145/1694/1692 1146/1695/1693 1096/1745/1743
f 1096/1745/1743 1146/1695/1693 1147/1696/1694 1097/1746/1744
f 1097/1746/1744 1147/1696/1694 1148/1697/1695 1098/1747/1745
f 1098/1747/1745 1148/1697/1695 1149/1698/1696 1099/1748/1746
f 1099/1748/1746 1149/1698/1696 1150/1699/1697 1100/1749/1747
f 1100/1749/1747 1150/1699/1697 1151/1700/1698 1101/1750/1748
f 1101/1750/1748 1151/1700/1698 1152/1701/1699 1102/1751/1749
f 1102/1751/1749 1152/1701/1699 1153/1702/1700 1103/1752/1750
f 1103/1752/1750 1153/1702/1700 1154/1703/1701 1104/1753/1751
f 1104/1753/1751 1154/1703/1701 1155/1704/1702 1105/1754/1752
f 1105/1754/1752 1155/1704/1702 1156/1705/1703 1106/1755/1753
f 1106/1755/1753 1156/1705/1703 1157/1706/1704 1107/1756/1754
f 1107/1756/1754 1157/1706/1704 1158/45/44 1108/43/42
f 25/1757/1755 26/1707/1705 1059/1708/1706 1009/1758/1756
f 1009/1758/1756 1059/1708/1706 1060/1709/1707 1010/1759/1757
f 1010/1759/1757 1060/1709/1707 1061/1710/1708 1011/1760/1758
f 1011/1760/1758 1061/1710/1708 1062/1711/1709 1012/1761/1759
f 1012/1761/1759 1062/1711/1709 1063/1712/1710 1013/1762/1760
f 1013/1762/1760 1063/1712/1710 1064/1713/1711 1014/1763/1761
f 1014/1763/1761 1064/1713/1711 1065/1714/1712 1015/1764/1762
f 1015/1764/1762 1065/1714/1712 1066/1715/1713 1016/1765/1763
f 1016/1765/1763 1066/1715/1713 1067/1716/1714 1017/1766/1764
f 1017/1766/1764 1067/1716/1714 1068/1717/1715 1018/1767/1765
f 1018/1767/1765 1068/1717/1715 1069/1718/1716 1019/1768/1766
f 1019/1768/1766 1069/1718/1716 1070/1719/1717 1020/1769/1767
f 1020/1769/1767 1070/1719/1717 1071/1720/1718 1021/1770/1768
f 1021/1770/1768 1071/1720/1718 1072/1721/1719 1022/1771/1769
f 1022/1771/1769 1072/1721/1719 1073/1722/1720 1023/1772/1770
f 1023/1772/1770 1073/1722/1720 1074/1723/1721 1024/1773/1771
f 1024/1773/1771 1074/1723/1721 1075/1724/1722 1025/1774/1772
f 1025/1774/1772 1075/1724/1722 1076/1725/1723 1026/1775/1773
f 1026/1775/1773 1076/1725/1723 1077/1726/1724 1027/1776/1774
f 1027/1776/1774 1077/1726/1724 1078/1727/1725 1028/1777/1775
f 1028/1777/1775 1078/1727/1725 1079/1728/1726 1029/1778/1776
f 1029/1778/1776 1079/1728/1726 1080/1729/1727 1030/1779/1777
f 1030/1779/1777 1080/1729/1727 1081/1730/1728 1031/1780/1778
f 1031/1780/1778 1081/1730/1728 1082/1731/1729 1032/1781/1779
f 1032/1781/1779 1082/1731/1729 1083/1732/1730 1033/1782/1780
f 1033/1782/1780 1083/1732/1730 1084/1733/1731 1034/1783/1781
f 1034/1783/1781 1084/1733/1731 1085/1734/1732 1035/1784/1782
f 1035/1784/1782 1085/1734/1732 1086/1735/1733 1036/1785/1783
f 1036/1785/1783 1086/1735/1733 1087/1736/1734 1037/1786/1784
f 1037/1786/1784 1087/1736/1734 1088/1737/1735 1038/1787/1785
f 1038/1787/1785 1088/1737/1735 1089/1738/1736 1039/1788/1786
f 1039/1788/1786 1089/1738/1736 1090/1739/1737 1040/1789/1787
f 1040/1789/1787 1090/1739/1737 1091/1740/1738 1041/1790/1788
f 1041/1790/1788 1091/1740/1738 1092/1741/1739 1042/1791/1789
f 1042/1791/1789 1092/1741/1739 1093/1742/1740 1043/1792/1790
f 1043/1792/1790 1093/1742/1740 1094/1743/1741 1044/1793/1791
f 1044/1793/1791 1094/1743/1741 1095/1744/1742 1045/1794/1792
f 1045/1794/1792 1095/1744/1742 1096/1745/1743 1046/1795/1793
f 1046/1795/1793 1096/1745/1743 1097/1746/1744 1047/1796/1794
f 1047/1796/1794 1097/1746/1744 1098/1747/1745 1048/1797/1795
f 1048/1797/1795 1098/1747/1745 1099/1748/1746 1049/1798/1796
f 1049/1798/1796 1099/1748/1746 1100/1749/1747 1050/1799/1797
f 1050/1799/1797 1100/1749/1747 1101/1750/1748 1051/1800/1798
f 1051/1800/1798 1101/1750/1748 1102/1751/1749 1052/1801/1799
f 1052/1801/1799 1102/1751/1749 1103/1752/1750 1053/1802/1800
f 1053/1802/1800 1103/1752/1750 1104/1753/1751 1054/1803/1801
f 1054/1803/1801 1104/1753/1751 1105/1754/1752 1055/1804/1802
f 1055/1804/1802 1105/1754/1752 1106/1755/1753 1056/1805/1803
f 1056/1805/1803 1106/1755/1753 1107/1756/1754 1057/1806/1804
f 1057/1806/1804 1107/1756/1754 1108/43/42 1058/41/40
f 24/1807/1805 25/1757/1755 1009/1758/1756 959/1808/1806
f 959/1808/1806 1009/1758/1756 1010/1759/1757 960/1809/1807
f 960/1809/1807 1010/1759/1757 1011/1760/1758 961/1810/1808
f 961/1810/1808 1011/1760/1758 1012/1761/1759 962/1811/1809
f 962/1811/1809 1012/1761/1759 1013/1762/1760 963/1812/1810
f 963/1812/1810 1013/1762/1760 1014/1763/1761 964/1813/1811
f 964/1813/1811 1014/1763/1761 1015/1764/1762 965/1814/1812
f 965/1814/1812 1015/1764/1762 1016/1765/1763 966/1815/1813
f 966/1815/1813 1016/1765/1763 1017/1766/1764 967/1816/1814
f 967/1816/1814 1017/1766/1764 1018/1767/1765 968/1817/1815
f 968/1817/1815 1018/1767/1765 1019/1768/1766 969/1818/1816
f 969/1818/1816 1019/1768/1766 1020/1769/1767 970/1819/1817
f 970/1819/1817 1020/1769/1767 1021/1770/1768 971/1820/1818
f 971/1820/1818 1021/1770/1768 1022/1771/1769 972/1821/1819
f 972/1821/1819 1022/1771/1769 1023/1772/1770 973/1822/1820
f 973/1822/1820 1023/1772/1770 1024/1773/1771 974/1823/1821
f 974/1823/1821 1024/1773/1771 1025/1774/1772 975/1824/1822
f 975/1824/1822 1025/1774/1772 1026/1775/1773 976/1825/1823
f 976/1825/1823 1026/1775/1773 1027/1776/1774 977/1826/1824
f 977/1826/1824 1027/1776/1774 1028/1777/1775 978/1827/1825
f 978/1827/1825 1028/1777/1775 1029/1778/1776 979/1828/1826
f 979/1828/1826 1029/1778/1776 1030/1779/1777 980/1829/1827
f 980/1829/1827 1030/1779/1777 1031/1780/1778 981/1830/1828
f 981/1830/1828 1031/1780/1778 1032/1781/1779 982/1831/1829
f 982/1831/1829 1032/1781/1779 1033/1782/1780 983/1832/1830
f 983/1832/1830 1033/1782/1780 1034/1783/1781 984/1833/1831
f 984/1833/1831 1034/1783/1781 1035/1784/1782 985/1834/1832
f 985/1834/1832 1035/1784/1782 1036/1785/1783 986/1835/1833
f 986/1835/1833 1036/1785/1783 1037/1786/1784 987/1836/1834
f 987/1836/1834 1037/1786/1784 1038/1787/1785 988/1837/1835
f 988/1837/1835 1038/1787/1785 1039/1788/1786 989/1838/1836
f 989/1838/1836 1039/1788/1786 1040/1789/1787 990/1839/1837
f 990/1839/1837 1040/1789/1787 1041/1790/1788 991/1840/1838
f 991/1840/1838 1041/1790/1788 1042/1791/1789 992/1841/1839
f 992/1841/1839 1042/1791/1789 1043/1792/1790 993/1842/1840
f 993/1842/1840 1043/1792/1790 1044/1793/1791 994/1843/1841
f 994/1843/1841 1044/1793/1791 1045/1794/1792 995/1844/1842
f 995/1844/1842 1045/1794/1792 1046/1795/1793 996/1845/1843
f 996/1845/1843 1046/1795/1793 1047/1796/1794 997/1846/1844
f 997/1846/1844 1047/1796/1794 1048/1797/1795 998/1847/1845
f 998/1847/1845 1048/1797/1795 1049/1798/1796 999/1848/1846
f 999/1848/1846 1049/1798/1796 1050/1799/1797 1000/1849/1847
f 1000/1849/1847 1050/1799/1797 1051/1800/1798 1001/1850/1848
f 1001/1850/1848 1051/1800/1798 1052/1801/1799 1002/1851/1849
f 1002/1851/1849 1052/1801/1799 1053/1802/1800 1003/1852/1850
f 1003/1852/1850 1053/1802/1800 1054/1803/1801 1004/1853/1851
f 1004/1853/1851 1054/1803/1801 1055/1804/1802 1005/1854/1852
f 1005/1854/1852 1055/1804/1802 1056/1805/1803 1006/1855/1853
f 1006/1855/1853 1056/1805/1803 1057/1806/1804 1007/1856/1854
f 1007/1856/1854 1057/1806/1804 1058/41/40 1008/39/38
f 23/1857/1855 24/1807/1805 959/1808/1806 909/1858/1856
f 909/1858/1856 959/1808/1806 960/1809/1807 910/1859/1857
f 910/1859/1857 960/1809/1807 961/1810/1808 911/1860/1858
f 911/1860/1858 961/1810/1808 962/1811/1809 912/1861/1859
f 912/1861/1859 962/1811/1809 963/1812/1810 913/1862/1860
f 913/1862/1860 963/1812/1810 964/1813/1811 914/1863/1861
f 914/1863/1861 964/1813/1811 965/1814/1812 915/1864/1862
f 915/1864/1862 965/1814/1812 966/1815/1813 916/1865/1863
f 916/1865/1863 966/1815/1813 967/1816/1814 917/1866/1864
f 917/1866/1864 967/1816/1814 968/1817/1815 918/1867/1865
f 918/1867/1865 968/1817/1815 969/1818/1816 919/1868/1866
f 919/1868/1866 969/1818/1816 970/1819/1817 920/1869/1867
f 920/1869/1867 970/1819/1817 971/1820/1818 921/1870/1868
f 921/1870/1868 971/1820/1818 972/1821/1819 922/1871/1869
f 922/1871/1869 972/1821/1819 973/1822/1820 923/1872/1870
f 923/1872/1870 973/1822/1820 974/1823/1821 924/1873/1871
f 924/1873/1871 974/1823/1821 975/1824/1822 925/1874/1872
f 925/1874/1872 975/1824/1822 976/1825/1823 926/1875/1873
f 926/1875/1873 976/1825/1823 977/1826/1824 927/1876/1874
f 927/1876/1874 977/1826/1824 978/1827/1825 928/1877/1875
f 928/1877/1875 978/1827/1825 979/1828/1826 929/1878/1876
f 929/1878/1876 979/1828/1826 980/1829/1827 930/1879/1877
f 930/1879/1877 980/1829/1827 981/1830/1828 931/1880/1878
f 931/1880/1878 981/1830/1828 982/1831/1829 932/1881/1879
f 932/1881/1879 982/1831/1829 983/1832/1830 933/1882/1880
f 933/1882/1880 983/1832/1830 984/1833/1831 934/1883/1881
f 934/1883/1881 984/1833/1831 985/1834/1832 935/1884/1882
f 935/1884/1882 985/1834/1832 986/1835/1833 936/1885/1883
f 936/1885/1883 986/1835/1833 987/1836/1834 937/1886/1884
f 937/1886/1884 987/1836/1834 988/1837/1835 938/1887/1885
f 938/1887/1885 988/1837/1835 989/1838/1836 939/1888/1886
f 939/1888/1886 989/1838/1836 990/1839/1837 940/1889/1887
f 940/1889/1887 990/1839/1837 991/1840/1838 941/1890/1888
f 941/1890/1888 991/1840/1838 992/1841/1839 942/1891/1889
f 942/1891/1889 992/1841/1839 993/1842/1840 943/1892/1890
f 943/1892/1890 993/1842/1840 994/1843/1841 944/1893/1891
f 944/1893/1891 994/1843/1841 995/1844/1842 945/1894/1892
f 945/1894/1892 995/1844/1842 996/1845/1843 946/1895/1893
f 946/1895/1893 996/1845/1843 997/1846/1844 947/1896/1894
f 947/1896/1894 997/1846/1844 998/1847/1845 948/1897/1895
f 948/1897/1895 998/1847/1845 999/1848/1846 949/1898/1896
f 949/1898/1896 999/1848/1846 1000/1849/1847 950/1899/1897
f 950/1899/1897 1000/1849/1847 1001/1850/1848 951/1900/1898
f 951/1900/1898 1001/1850/1848 1002/1851/1849 952/1901/1899
f 952/1901/1899 1002/1851/1849 1003/1852/1850 953/1902/1900
f 953/1902/1900 1003/1852/1850 1004/1853/1851 954/1903/1901
f 954/1903/1901 1004/1853/1851 1005/1854/1852 955/1904/1902
f 955/1904/1902 1005/1854/1852 1006/1855/1853 956/1905/1903
f 956/1905/1903 1006/1855/1853 1007/1856/1854 957/1906/1904
f 957/1906/1904 1007/1856/1854 1008/39/38 958/37/36
f 22/1907/1905 23/1857/1855 909/1858/1856 859/1908/1906
f 859/1908/1906 909/1858/1856 910/1859/1857 860/1909/1907
f 860/1909/1907 910/1859/1857 911/1860/1858 861/1910/1908
f 861/1910/1908 911/1860/1858 912/1861/1859 862/1911/1909
f 862/1911/1909 912/1861/1859 913/1862/1860 863/1912/1910
f 863/1912/1910 913/1862/1860 914/1863/1861 864/1913/1911
f 864/1913/1911 914/1863/1861 915/1864/1862 865/1914/1912
f 865/1914/1912 915/1864/1862 916/1865/1863 866/1915/1913
f 866/1915/1913 916/1865/1863 917/1866/1864 867/1916/1914
f 867/1916/1914 917/1866/1864 918/1867/1865 868/1917/1915
f 868/1917/1915 918/1867/1865 919/1868/1866 869/1918/1916
f 869/1918/1916 919/1868/1866 920/1869/1867 870/1919/1917
f 870/1919/1917 920/1869/1867 921/1870/1868 871/1920/1918
f 871/1920/1918 921/1870/1868 922/1871/1869 872/1921/1919
f 872/1921/1919 922/1871/1869 923/1872/1870 873/1922/1920
f 873/1922/1920 923/1872/1870 924/1873/1871 874/1923/1921
f 874/1923/1921 924/1873/1871 925/1874/1872 875/1924/1922
f 875/1924/1922 925/1874/1872 926/1875/1873 876/1925/1923
f 876/1925/1923 926/1875/1873 927/1876/1874 877/1926/1924
f 877/1926/1924 927/1876/1874 928/1877/1875 878/1927/1925
f 878/1927/1925 928/1877/1875 929/1878/1876 879/1928/1926
f 879/1928/1926 929/1878/1876 930/1879/1877 880/1929/1927
f 880/1929/1927 930/1879/1877 931/1880/1878 881/1930/1928
f 881/1930/1928 931/1880/1878 932/1881/1879 882/1931/1929
f 882/1931/1929 932/1881/1879 933/1882/1880 883/1932/1930
f 883/1932/1930 933/1882/1880 934/1883/1881 884/1933/1931
f 884/1933/1931 934/1883/1881 935/1884/1882 885/1934/1932
f 885/1934/1932 935/1884/1882 936/1885/1883 886/1935/1933
f 886/1935/1933 936/1885/1883 937/1886/1884 887/1936/1934
f 887/1936/1934 937/1886/1884 938/1887/1885 888/1937/1935
f 888/1937/1935 938/1887/1885 939/1888/1886 889/1938/1936
f 889/1938/1936 939/1888/1886 940/1889/1887 890/1939/1937
f 890/1939/1937 940/1889/1887 941/1890/1888 891/1940/1938
f 891/1940/1938 941/1890/1888 942/1891/1889 892/1941/1939
f 892/1941/1939 942/1891/1889 943/1892/1890 893/1942/1940
f 893/1942/1940 943/1892/1890 944/1893/1891 894/1943/1941
f 894/1943/1941 944/1893/1891 945/1894/1892 895/1944/1942
f 895/1944/1942 945/1894/1892 946/1895/1893 896/1945/1943
f 896/1945/1943 946/1895/1893 947/1896/1894 897/1946/1944
f 897/1946/1944 947/1896/1894 948/1897/1895 898/1947/1945
f 898/1947/1945 948/1897/1895 949/1898/1896 899/1948/1946
f 899/1948/1946 949/1898/1896 950/1899/1897 900/1949/1947
f 900/1949/1947 950/1899/1897 951/1900/1898 901/1950/1948
f 901/1950/1948 951/1900/1898 952/1901/1899 902/1951/1949
f 902/1951/1949 952/1901/1899 953/1902/1900 903/1952/1950
f 903/1952/1950 953/1902/1900 954/1903/1901 904/1953/1951
f 904/1953/1951 954/1903/1901 955/1904/1902 905/1954/1952
f 905/1954/1952 955/1904/1902 956/1905/1903 906/1955/1953
f 906/1955/1953 956/1905/1903 957/1906/1904 907/1956/1954
f 907/1956/1954 957/1906/1904 958/37/36 908/35/34
f 21/1957/1955 22/1907/1905 859/1908/1906 809/1958/1956
f 809/1958/1956 859/1908/1906 860/1909/1907 810/1959/1957
f 810/1959/1957 860/1909/1907 861/1910/1908 811/1960/1958
f 811/1960/1958 861/1910/1908 862/1911/1909 812/1961/1959
f 812/1961/1959 862/1911/1909 863/1912/1910 813/1962/1960
f 813/1962/1960 863/1912/1910 864/1913/1911 814/1963/1961
f 814/1963/1961 864/1913/1911 865/1914/1912 815/1964/1962
f 815/1964/1962 865/1914/1912 866/1915/1913 816/1965/1963
f 816/1965/1963 866/1915/1913 867/1916/1914 817/1966/1964
f 817/1966/1964 867/1916/1914 868/1917/1915 818/1967/1965
f 818/1967/1965 868/1917/1915 869/1918/1916 819/1968/1966
f 819/1968/1966 869/1918/1916 870/1919/1917 820/1969/1967
f 820/1969/1967 870/1919/1917 871/1920/1918 821/1970/1968
f 821/1970/1968 871/1920/1918 872/1921/1919 822/1971/1969
f 822/1971/1969 872/1921/1919 873/1922/1920 823/1972/1970
f 823/1972/1970 873/1922/1920 874/1923/1921 824/1973/1971
f 824/1973/1971 874/1923/1921 875/1924/1922 825/1974/1972
f 825/1974/1972 875/1924/1922 876/1925/1923 826/1975/1973
f 826/1975/1973 876/1925/1923 877/1926/1924 827/1976/1974
f 827/1976/1974 877/1926/1924 878/1927/1925 828/1977/1975
f 828/1977/1975 878/1927/1925 879/1928/1926 829/1978/1976
f 829/1978/1976 879/1928/1926 880/1929/1927 830/1979/1977
f 830/1979/1977 880/1929/1927 881/1930/1928 831/1980/1978
f 831/1980/1978 881/1930/1928 882/1931/1929 832/1981/1979
f 832/1981/1979 882/1931/1929 883/1932/1930 833/1982/1980
f 833/1982/1980 883/1932/1930 884/1933/1931 834/1983/1981
f 834/1983/1981 884/1933/1931 885/1934/1932 835/1984/1982
f 835/1984/1982 885/1934/1932 886/1935/1933 836/1985/1983
f 836/1985/1983 886/1935/1933 887/1936/1934 837/1986/1984
f 837/1986/1984 887/1936/1934 888/1937/1935 838/1987/1985
f 838/1987/1985 888/1937/1935 889/1938/1936 839/1988/1986
f 839/1988/1986 889/1938/1936 890/1939/1937 840/1989/1987
f 840/1989/1987 890/1939/1937 891/1940/1938 841/1990/1988
f 841/1990/1988 891/1940/1938 892/1941/1939 842/1991/1989
f 842/1991/1989 892/1941/1939 893/1942/1940 843/1992/1990
f 843/1992/1990 893/1942/1940 894/1943/1941 844/1993/1991
f 844/1993/1991 894/1943/1941 895/1944/1942 845/1994/1992
f 845/1994/1992 895/1944/1942 896/1945/1943 846/1995/1993
f 846/1995/1993 896/1945/1943 897/1946/1944 847/1996/1994
f 847/1996/1994 897/1946/1944 898/1947/1945 848/1997/1995
f 848/1997/1995 898/1947/1945 899/1948/1946 849/1998/1996
f 849/1998/1996 899/1948/1946 900/1949/1947 850/1999/1997
f 850/1999/1997 900/1949/1947 901/1950/1948 851/2000/1998
f 851/2000/1998 901/1950/1948 902/1951/1949 852/2001/1999
f 852/2001/1999 902/1951/1949 903/1952/1950 853/2002/2000
f 853/2002/2000 903/1952/1950 904/1953/1951 854/2003/2001
f 854/2003/2001 904/1953/1951 905/1954/1952 855/2004/2002
f 855/2004/2002 905/1954/1952 906/1955/1953 856/2005/2003
f 856/2005/2003 906/1955/1953 907/1956/1954 857/2006/2004
f 857/2006/2004 907/1956/1954 908/35/34 858/33/32
f 20/2007/2005 21/1957/1955 809/1958/1956 759/2008/2006
f 759/2008/2006 809/1958/1956 810/1959/1957 760/2009/2007
f 760/2009/2007 810/1959/1957 811/1960/1958 761/2010/2008
f 761/2010/2008 811/1960/1958 812/1961/1959 762/2011/2009
f 762/2011/2009 812/1961/1959 813/1962/1960 763/2012/2010
f 763/2012/2010 813/1962/1960 814/1963/1961 764/2013/2011
f 764/2013/2011 814/1963/1961 815/1964/1962 765/2014/2012
f 765/2014/2012 815/1964/1962 816/1965/1963 766/2015/2013
f 766/2015/2013 816/1965/1963 817/1966/1964 767/2016/2014
f 767/2016/2014 817/1966/1964 818/1967/1965 768/2017/2015
f 768/2017/2015 818/1967/1965 819/1968/1966 769/2018/2016
f 769/2018/2016 819/1968/1966 820/1969/1967 770/2019/2017
f 770/2019/2017 820/1969/1967 821/1970/1968 771/2020/2018
f 771/2020/2018 821/1970/1968 822/1971/1969 772/2021/2019
f 772/2021/2019 822/1971/1969 823/1972/1970 773/2022/2020
f 773/2022/2020 823/1972/1970 824/1973/1971 774/2023/2021
f 774/2023/2021 824/1973/1971 825/1974/1972 775/2024/2022
f 775/2024/2022 825/1974/1972 826/1975/1973 776/2025/2023
f 776/2025/2023 826/1975/1973 827/1976/1974 777/2026/2024
f 777/2026/2024 827/1976/1974 828/1977/1975 778/2027/2025
f 778/2027/2025 828/1977/1975 829/1978/1976 779/2028/2026
f 779/2028/2026 829/1978/1976 830/1979/1977 780/2029/2027
f 780/2029/2027 830/1979/1977 831/1980/1978 781/2030/2028
f 781/2030/2028 831/1980/1978 832/1981/1979 782/2031/2029
f 782/2031/2029 832/1981/1979 833/1982/1980 783/2032/2030
f 783/2032/2030 833/1982/1980 834/1983/1981 784/2033/2031
f 784/2033/2031 834/1983/1981 835/1984/1982 785/2034/2032
f 785/2034/2032 835/1984/1982 836/1985/1983 786/2035/2033
f 786/2035/2033 836/1985/1983 837/1986/1984 787/2036/2034
f 787/2036/2034 837/1986/1984 838/1987/1985 788/2037/2035
f 788/2037/2035 838/1987/1985 839/1988/1986 789/2038/2036
f 789/2038/2036 839/1988/1986 840/1989/1987 790/2039/2037
f 790/2039/2037 840/1989/1987 841/1990/1988 791/2040/2038
f 791/2040/2038 841/1990/1988 842/1991/1989 792/2041/2039
f 792/2041/2039 842/1991/1989 843/1992/1990 793/2042/2040
f 793/2042/2040 843/1992/1990 844/1993/1991 794/2043/2041
f 794/2043/2041 844/1993/1991 845/1994/1992 795/2044/2042
f 795/2044/2042 845/1994/1992 846/1995/1993 796/2045/2043
f 796/2045/2043 846/1995/1993 847/1996/1994 797/2046/2044
f 797/2046/2044 847/1996/1994 848/1997/1995 798/2047/2045
f 798/2047/2045 848/1997/1995 849/1998/1996 799/2048/2046
f 799/2048/2046 849/1998/1996 850/1999/1997 800/2049/2047
f 800/2049/2047 850/1999/1997 851/2000/1998 801/2050/2048
f 801/2050/2048 851/2000/1998 852/2001/1999 802/2051/2049
f 802/2051/2049 852/2001/1999 853/2002/2000 803/2052/2050
f 803/2052/2050 853/2002/2000 854/2003/2001 804/2053/2051
f 804/2053/2051 854/2003/2001 855/2004/2002 805/2054/2052
f 805/2054/2052 855/2004/2002 856/2005/2003 806/2055/2053
f 806/2055/2053 856/2005/2003 857/2006/2004 807/2056/2054
f 807/2056/2054 857/2006/2004 858/33/32 808/31/30
f 19/2057/2055 20/2007/2005 759/2008/2006 709/2058/2056
f 709/2058/2056 759/2008/2006 760/2009/2007 710/2059/2057
f 710/2059/2057 760/2009/2007 761/2010/2008 711/2060/2058
f 711/2060/2058 761/2010/2008 762/2011/2009 712/2061/2059
f 712/2061/2059 762/2011/2009 763/2012/2010 713/2062/2060
f 713/2062/2060 763/2012/2010 764/2013/2011 714/2063/2061
f 714/2063/2061 764/2013/2011 765/2014/2012 715/2064/2062
f 715/2064/2062 765/2014/2012 766/2015/2013 716/2065/2063
f 716/2065/2063 766/2015/2013 767/2016/2014 717/2066/2064
f 717/2066/2064 767/2016/2014 768/2017/2015 718/2067/2065
f 718/2067/2065 768/2017/2015 769/2018/2016 719/2068/2066
f 719/2068/2066 769/2018/2016 770/2019/2017 720/2069/2067
f 720/2069/2067 770/2019/2017 771/2020/2018 721/2070/2068
f 721/2070/2068 771/2020/2018 772/2021/2019 722/2071/2069
f 722/2071/2069 772/2021/2019 773/2022/2020 723/2072/2070
f 723/2072/2070 773/2022/2020 774/2023/2021 724/2073/2071
f 724/2073/2071 774/2023/2021 775/2024/2022 725/2074/2072
f 725/2074/2072 775/2024/2022 776/2025/2023 726/2075/2073
f 726/2075/2073 776/2025/2023 777/2026/2024 727/2076/2074
f 727/2076/2074 777/2026/2024 778/2027/2025 728/2077/2075
f 728/2077/2075 778/2027/2025 779/2028/2026 729/2078/2076
f 729/2078/2076 779/2028/2026 780/2029/2027 730/2079/2077
f 730/2079/2077 780/2029/2027 781/2030/2028 731/2080/2078
f 731/2080/2078 781/2030/2028 782/2031/2029 732/2081/2079
f 732/2081/2079 782/2031/2029 783/2032/2030 733/2082/2080
f 733/2082/2080 783/2032/2030 784/2033/2031 734/2083/2081
f 734/2083/2081 784/2033/2031 785/2034/2032 735/2084/2082
f 735/2084/2082 785/2034/2032 786/2035/2033 736/2085/2083
f 736/2085/2083 786/2035/2033 787/2036/2034 737/2086/2084
f 737/2086/2084 787/2036/2034 788/2037/2035 738/2087/2085
f 738/2087/2085 788/2037/2035 789/2038/2036 739/2088/2086
f 739/2088/2086 789/2038/2036 790/2039/2037 740/2089/2087
f 740/2089/2087 790/2039/2037 791/2040/2038 741/2090/2088
f 741/2090/2088 791/2040/2038 792/2041/2039 742/2091/2089
f 742/2091/2089 792/2041/2039 793/2042/2040 743/2092/2090
f 743/2092/2090 793/2042/2040 794/2043/2041 744/2093/2091
f 744/2093/2091 794/2043/2041 795/2044/2042 745/2094/2092
f 745/2094/2092 795/2044/2042 796/2045/2043 746/2095/2093
f 746/2095/2093 796/2045/2043 797/2046/2044 747/2096/2094
f 747/2096/2094 797/2046/2044 798/2047/2045 748/2097/2095
f 748/2097/2095 798/2047/2045 799/2048/2046 749/2098/2096
f 749/2098/2096 799/2048/2046 800/2049/2047 750/2099/2097
f 750/2099/2097 800/2049/2047 801/2050/2048 751/2100/2098
f 751/2100/2098 801/2050/2048 802/2051/2049 752/2101/2099
f 752/2101/2099 802/2051/2049 803/2052/2050 753/2102/2100
f 753/2102/2100 803/2052/2050 804/2053/2051 754/2103/2101
f 754/2103/2101 804/2053/2051 805/2054/2052 755/2104/2102
f 755/2104/2102 805/2054/2052 806/2055/2053 756/2105/2103
f 756/2105/2103 806/2055/2053 807/2056/2054 757/2106/2104
f 757/2106/2104 807/2056/2054 808/31/30 758/29/28
f 18/2107/2105 19/2057/2055 709/2058/2056 659/2108/2106
f 659/2108/2106 709/2058/2056 710/2059/2057 660/2109/2107
f 660/2109/2107 710/2059/2057 711/2060/2058 661/2110/2108
f 661/2110/2108 711/2060/2058 712/2061/2059 662/2111/2109
f 662/2111/2109 712/2061/2059 713/2062/2060 663/2112/2110
f 663/2112/2110 713/2062/2060 714/2063/2061 664/2113/2111
f 664/2113/2111 714/2063/2061 715/2064/2062 665/2114/2112
f 665/2114/2112 715/2064/2062 716/2065/2063 666/2115/2113
f 666/2115/2113 716/2065/2063 717/2066/2064 667/2116/2114
f 667/2116/2114 717/2066/2064 718/2067/2065 668/2117/2115
f 668/2117/2115 718/2067/2065 719/2068/2066 669/2118/2116
f 669/2118/2116 719/2068/2066 720/2069/2067 670/2119/2117
f 670/2119/2117 720/2069/2067 721/2070/2068 671/2120/2118
f 671/2120/2118 721/2070/2068 722/2071/2069 672/2121/2119
f 672/2121/2119 722/2071/2069 723/2072/2070 673/2122/2120
f 673/2122/2120 723/2072/2070 724/2073/2071 674/2123/2121
f 674/2123/2121 724/2073/2071 725/2074/2072 675/2124/2122
f 675/2124/2122 725/2074/2072 726/2075/2073 676/2125/2123
f 676/2125/2123 726/2075/2073 727/2076/2074 677/2126/2124
f 677/2126/2124 727/2076/2074 728/2077/2075 678/2127/2125
f 678/2127/2125 728/2077/2075 729/2078/2076 679/2128/2126
f 679/2128/2126 729/2078/2076 730/2079/2077 680/2129/2127
f 680/2129/2127 730/2079/2077 731/2080/2078 681/2130/2128
f 681/2130/2128 731/2080/2078 732/2081/2079 682/2131/2129
f 682/2131/2129 732/2081/2079 733/2082/2080 683/2132/2130
f 683/2132/2130 733/2082/2080 734/2083/2081 684/2133/2131
f 684/2133/2131 734/2083/2081 735/2084/2082 685/2134/2132
f 685/2134/2132 735/2084/2082 736/2085/2083 686/2135/2133
f 686/2135/2133 736/2085/2083 737/2086/2084 687/2136/2134
f 687/2136/2134 737/2086/2084 738/2087/2085 688/2137/2135
f 688/2137/2135 738/2087/2085 739/2088/2086 689/2138/2136
f 689/2138/2136 739/2088/2086 740/2089/2087 690/2139/2137
f 690/2139/2137 740/2089/2087 741/2090/2088 691/2140/2138
f 691/2140/2138 741/2090/2088 742/2091/2089 692/2141/2139
f 692/2141/2139 742/2091/2089 743/2092/2090 693/2142/2140
f 693/2142/2140 743/2092/2090 744/2093/2091 694/2143/2141
f 694/2143/2141 744/2093/2091 745/2094/2092 695/2144/2142
f 695/2144/2142 745/2094/2092 746/2095/2093 696/2145/2143
f 696/2145/2143 746/2095/2093 747/2096/2094 697/2146/2144
f 697/2146/2144 747/2096/2094 748/2097/2095 698/2147/2145
f 698/2147/2145 748/2097/2095 749/2098/2096 699/2148/2146
f 699/2148/2146 749/2098/2096 750/2099/2097 700/2149/2147
f 700/2149/2147 750/2099/2097 751/2100/2098 701/2150/2148
f 701/2150/2148 751/2100/2098 752/2101/2099 702/2151/2149
f 702/2151/2149 752/2101/2099 753/2102/2100 703/2152/2150
f 703/2152/2150 753/2102/2100 754/2103/2101 704/2153/2151
f 704/2153/2151 754/2103/2101 755/2104/2102 705/2154/2152
f 705/2154/2152 755/2104/2102 756/2105/2103 706/2155/2153
f 706/2155/2153 756/2105/2103 757/2106/2104 707/2156/2154
f 707/2156/2154 757/2106/2104 758/29/28 708/27/26
f 17/2157/2155 18/2107/2105 659/2108/2106 609/2158/2156
f 609/2158/2156 659/2108/2106 660/2109/2107 610/2159/2157
f 610/2159/2157 660/2109/2107 661/2110/2108 611/2160/2158
f 611/2160/2158 661/2110/2108 662/2111/2109 612/2161/2159
f 612/2161/2159 662/2111/2109 663/2112/2110 613/2162/2160
f 613/2162/2160 663/2112/2110 664/2113/2111 614/2163/2161
f 614/2163/2161 664/2113/2111 665/2114/2112 615/2164/2162
f 615/2164/2162 665/2114/2112 666/2115/2113 616/2165/2163
f 616/2165/2163 666/2115/2113 667/2116/2114 617/2166/2164
f 617/2166/2164 667/2116/2114 668/2117/2115 618/2167/2165
f 618/2167/2165 668/2117/2115 669/2118/2116 619/2168/2166
f 619/2168/2166 669/2118/2116 670/2119/2117 620/2169/2167
f 620/2169/2167 670/2119/2117 671/2120/2118 621/2170/2168
f 621/2170/2168 671/2120/2118 672/2121/2119 622/2171/2169
f 622/2171/2169 672/2121/2119 673/2122/2120 623/2172/2170
f 623/2172/2170 673/2122/2120 674/2123/2121 624/2173/2171
f 624/2173/2171 674/2123/2121 675/2124/2122 625/2174/2172
f 625/2174/2172 675/2124/2122 676/2125/2123 626/2175/2173
f 626/2175/2173 676/2125/2123 677/2126/2124 627/2176/2174
f 627/2176/2174 677/2126/2124 678/2127/2125 628/2177/2175
f 628/2177/2175 678/2127/2125 679/2128/2126 629/2178/2176
f 629/2178/2176 679/2128/2126 680/2129/2127 630/2179/2177
f 630/2179/2177 680/2129/2127 681/2130/2128 631/2180/2178
f 631/2180/2178 681/2130/2128 682/2131/2129 632/2181/2179
f 632/2181/2179 682/2131/2129 683/2132/2130 633/2182/2180
f 633/2182/2180 683/2132/2130 684/2133/2131 634/2183/2181
f 634/2183/2181 684/2133/2131 685/2134/2132 635/2184/2182
f 635/2184/2182 685/2134/2132 686/2135/2133 636/2185/2183
f 636/2185/2183 686/2135/2133 687/2136/2134 637/2186/2184
f 637/2186/2184 687/2136/2134 688/2137/2135 638/2187/2185
f 638/2187/2185 688/2137/2135 689/2138/2136 639/2188/2186
f 639/2188/2186 689/2138/2136 690/2139/2137 640/2189/2187
f 640/2189/2187 690/2139/2137 691/2140/2138 641/2190/2188
f 641/2190/2188 691/2140/2138 692/2141/2139 642/2191/2189
f 642/2191/2189 692/2141/2139 693/2142/2140 643/2192/2190
f 643/2192/2190 693/2142/2140 694/2143/2141 644/2193/2191
f 644/2193/2191 694/2143/2141 695/2144/2142 645/2194/2192
f 645/2194/2192 695/2144/2142 696/2145/2143 646/2195/2193
f 646/2195/2193 696/2145/2143 697/2146/2144 647/2196/2194
f 647/2196/2194 697/2146/2144 698/2147/2145 648/2197/2195
f 648/2197/2195 698/2147/2145 699/2148/2146 649/2198/2196
f 649/2198/2196 699/2148/2146 700/2149/2147 650/2199/2197
f 650/2199/2197 700/2149/2147 701/2150/2148 651/2200/2198
f 651/2200/2198 701/2150/2148 702/2151/2149 652/2201/2199
f 652/2201/2199 702/2151/2149 703/2152/2150 653/2202/2200
f 653/2202/2200 703/2152/2150 704/2153/2151 654/2203/2201
f 654/2203/2201 704/2153/2151 705/2154/2152 655/2204/2202
f 655/2204/2202 705/2154/2152 706/2155/2153 656/2205/2203
f 656/2205/2203 706/2155/2153 707/2156/2154 657/2206/2204
f 657/2206/2204 707/2156/2154 708/27/26 658/25/24
f 16/2207/2205 17/2157/2155 609/2158/2156 559/2208/2206
f 559/2208/2206 609/2158/2156 610/2159/2157 560/2209/2207
f 560/2209/2207 610/2159/2157 611/2160/2158 561/2210/2208
f 561/2210/2208 611/2160/2158 612/2161/2159 562/2211/2209
f 562/2211/2209 612/2161/2159 613/2162/2160 563/2212/2210
f 563/2212/2210 613/2162/2160 614/2163/2161 564/2213/2211
f 564/2213/2211 614/2163/2161 615/2164/2162 565/2214/2212
f 565/2214/2212 615/2164/2162 616/2165/2163 566/2215/2213
f 566/2215/2213 616/2165/2163 617/2166/2164 567/2216/2214
f 567/2216/2214 617/2166/2164 618/2167/2165 568/2217/2215
f 568/2217/2215 618/2167/2165 619/2168/2166 569/2218/2216
f 569/2218/2216 619/2168/2166 620/2169/2167 570/2219/2217
f 570/2219/2217 620/2169/2167 621/2170/2168 571/2220/2218
f 571/2220/2218 621/2170/2168 622/2171/2169 572/2221/2219
f 572/2221/2219 622/2171/2169 623/2172/2170 573/2222/2220
f 573/2222/2220 623/2172/2170 624/2173/2171 574/2223/2221
f 574/2223/2221 624/2173/2171 625/2174/2172 575/2224/2222
f 575/2224/2222 625/2174/2172 626/2175/2173 576/2225/2223
f 576/2225/2223 626/2175/2173 627/2176/2174 577/2226/2224
f 577/2226/2224 627/2176/2174 628/2177/2175 578/2227/2225
f 578/2227/2225 628/2177/2175 629/2178/2176 579/2228/2226
f 579/2228/2226 629/2178/2176 630/2179/2177 580/2229/2227
f 580/2229/2227 630/2179/2177 631/2180/2178 581/2230/2228
f 581/2230/2228 631/2180/2178 632/2181/2179 582/2231/2229
f 582/2231/2229 632/2181/2179 633/2182/2180 583/2232/2230
f 583/2232/2230 633/2182/2180 634/2183/2181 584/2233/2231
f 584/2233/2231 634/2183/2181 635/2184/2182 585/2234/2232
f 585/2234/2232 635/2184/2182 636/2185/2183 586/2235/2233
f 586/2235/2233 636/2185/2183 637/2186/2184 587/2236/2234
f 587/2236/2234 637/2186/2184 638/2187/2185 588/2237/2235
f 588/2237/2235 638/2187/2185 639/2188/2186 589/2238/2236
f 589/2238/2236 639/2188/2186 640/2189/2187 590/2239/2237
f 590/2239/2237 640/2189/2187 641/2190/2188 591/2240/2238
f 591/2240/2238 641/2190/2188 642/2191/2189 592/2241/2239
f 592/2241/2239 642/2191/2189 643/2192/2190 593/2242/2240
f 593/2242/2240 643/2192/2190 644/2193/2191 594/2243/2241
f 594/2243/2241 644/2193/2191 645/2194/2192 595/2244/2242
f 595/2244/2242 645/2194/2192 646/2195/2193 596/2245/2243
f 596/2245/2243 646/2195/2193 647/2196/2194 597/2246/2244
f 597/2246/2244 647/2196/2194 648/2197/2195 598/2247/2245
f 598/2247/2245 648/2197/2195 649/2198/2196 599/2248/2246
f 599/2248/2246 649/2198/2196 650/2199/2197 600/2249/2247
f 600/2249/2247 650/2199/2197 651/2200/2198 601/2250/2248
f 601/2250/2248 651/2200/2198 652/2201/2199 602/2251/2249
f 602/2251/2249 652/2201/2199 653/2202/2200 603/2252/2250
f 603/2252/2250 653/2202/2200 654/2203/2201 604/2253/2251
f 604/2253/2251 654/2203/2201 655/2204/2202 605/2254/2252
f 605/2254/2252 655/2204/2202 656/2205/2203 606/2255/2253
f 606/2255/2253 656/2205/2203 657/2206/2204 607/2256/2254
f 607/2256/2254 657/2206/2204 658/25/24 608/23/22
f 15/2257/2255 16/2207/2205 559/2208/2206 509/2258/2256
f 509/2258/2256 559/2208/2206 560/2209/2207 510/2259/2257
f 510/2259/2257 560/2209/2207 561/2210/2208 511/2260/2258
f 511/2260/2258 561/2210/2208 562/2211/2209 512/2261/2259
f 512/2261/2259 562/2211/2209 563/2212/2210 513/2262/2260
f 513/2262/2260 563/2212/2210 564/2213/2211 514/2263/2261
f 514/2263/2261 564/2213/2211 565/2214/2212 515/2264/2262
f 515/2264/2262 565/2214/2212 566/2215/2213 516/2265/2263
f 516/2265/2263 566/2215/2213 567/2216/2214 517/2266/2264
f 517/2266/2264 567/2216/2214 568/2217/2215 518/2267/2265
f 518/2267/2265 568/2217/2215 569/2218/2216 519/2268/2266
f 519/2268/2266 569/2218/2216 570/2219/2217 520/2269/2267
f 520/2269/2267 570/2219/2217 571/2220/2218 521/2270/2268
f 521/2270/2268 571/2220/2218 572/2221/2219 522/2271/2269
f 522/2271/2269 572/2221/2219 573/2222/2220 523/2272/2270
f 523/2272/2270 573/2222/2220 574/2223/2221 524/2273/2271
f 524/2273/2271 574/2223/2221 575/2224/2222 525/2274/2272
f 525/2274/2272 575/2224/2222 576/2225/2223 526/2275/2273
f 526/2275/2273 576/2225/2223 577/2226/2224 527/2276/2274
f 527/2276/2274 577/2226/2224 578/2227/2225 528/2277/2275
f 528/2277/2275 578/2227/2225 579/2228/2226 529/2278/2276
f 529/2278/2276 579/2228/2226 580/2229/2227 530/2279/2277
f 530/2279/2277 580/2229/2227 581/2230/2228 531/2280/2278
f 531/2280/2278 581/2230/2228 582/2231/2229 532/2281/2279
f 532/2281/2279 582/2231/2229 583/2232/2230 533/2282/2280
f 533/2282/2280 583/2232/2230 584/2233/2231 534/2283/2281
f 534/2283/2281 584/2233/2231 585/2234/2232 535/2284/2282
f 535/2284/2282 585/2234/2232 586/2235/2233 536/2285/2283
f 536/2285/2283 586/2235/2233 587/2236/2234 537/2286/2284
f 537/2286/2284 587/2236/2234 588/2237/2235 538/2287/2285
f 538/2287/2285 588/2237/2235 589/2238/2236 539/2288/2286
f 539/2288/2286 589/2238/2236 590/2239/2237 540/2289/2287
f 540/2289/2287 590/2239/2237 591/2240/2238 541/2290/2288
f 541/2290/2288 591/2240/2238 592/2241/2239 542/2291/2289
f 542/2291/2289 592/2241/2239 593/2242/2240 543/2292/2290
f 543/2292/2290 593/2242/2240 594/2243/2241 544/2293/2291
f 544/2293/2291 594/2243/2241 595/2244/2242 545/2294/2292
f 545/2294/2292 595/2244/2242 596/2245/2243 546/2295/2293
f 546/2295/2293 596/2245/2243 597/2246/2244 547/2296/2294
f 547/2296/2294 597/2246/2244 598/2247/2245 548/2297/2295
f 548/2297/2295 598/2247/2245 599/2248/2246 549/2298/2296
f 549/2298/2296 599/2248/2246 600/2249/2247 550/2299/2297
f 550/2299/2297 600/2249/2247 601/2250/2248 551/2300/2298
f 551/2300/2298 601/2250/2248 602/2251/2249 552/2301/2299
f 552/2301/2299 602/2251/2249 603/2252/2250 553/2302/2300
f 553/2302/2300 603/2252/2250 604/2253/2251 554/2303/2301
f 554/2303/2301 604/2253/2251 605/2254/2252 555/2304/2302
f 555/2304/2302 605/2254/2252 606/2255/2253 556/2305/2303
f 556/2305/2303 606/2255/2253 607/2256/2254 557/2306/2304
f 557/2306/2304 607/2256/2254 608/23/22 558/21/20
f 14/2307/2305 15/2257/2255 509/2258/2256 459/2308/2306
f 459/2308/2306 509/2258/2256 510/2259/2257 460/2309/2307
f 460/2309/2307 510/2259/2257 511/2260/2258 461/2310/2308
f 461/2310/2308 511/2260/2258 512/2261/2259 462/2311/2309
f 462/2311/2309 512/2261/2259 513/2262/2260 463/2312/2310
f 463/2312/2310 513/2262/2260 514/2263/2261 464/2313/2311
f 464/2313/2311 514/2263/2261 515/2264/2262 465/2314/2312
f 465/2314/2312 515/2264/2262 516/2265/2263 466/2315/2313
f 466/2315/2313 516/2265/2263 517/2266/2264 467/2316/2314
f 467/2316/2314 517/2266/2264 518/2267/2265 468/2317/2315
f 468/2317/2315 518/2267/2265 519/2268/2266 469/2318/2316
f 469/2318/2316 519/2268/2266 520/2269/2267 470/2319/2317
f 470/2319/2317 520/2269/2267 521/2270/2268 471/2320/2318
f 471/2320/2318 521/2270/2268 522/2271/2269 472/2321/2319
f 472/2321/2319 522/2271/2269 523/2272/2270 473/2322/2320
f 473/2322/2320 523/2272/2270 524/2273/2271 474/2323/2321
f 474/2323/2321 524/2273/2271 525/2274/2272 475/2324/2322
f 475/2324/2322 525/2274/2272 526/2275/2273 476/2325/2323
f 476/2325/2323 526/2275/2273 527/2276/2274 477/2326/2324
f 477/2326/2324 527/2276/2274 528/2277/2275 478/2327/2325
f 478/2327/2325 528/2277/2275 529/2278/2276 479/2328/2326
f 479/2328/2326 529/2278/2276 530/2279/2277 480/2329/2327
f 480/2329/2327 530/2279/2277 531/2280/2278 481/2330/2328
f 481/2330/2328 531/2280/2278 532/2281/2279 482/2331/2329
f 482/2331/2329 532/2281/2279 533/2282/2280 483/2332/2330
f 483/2332/2330 533/2282/2280 534/2283/2281 484/2333/2331
f 484/2333/2331 534/2283/2281 535/2284/2282 485/2334/2332
f 485/2334/2332 535/2284/2282 536/2285/2283 486/2335/2333
f 486/2335/2333 536/2285/2283 537/2286/2284 487/2336/2334
f 487/2336/2334 537/2286/2284 538/2287/2285 488/2337/2335
f 488/2337/2335 538/2287/2285 539/2288/2286 489/2338/2336
f 489/2338/2336 539/2288/2286 540/2289/2287 490/2339/2337
f 490/2339/2337 540/2289/2287 541/2290/2288 491/2340/2338
f 491/2340/2338 541/2290/2288 542/2291/2289 492/2341/2339
f 492/2341/2339 542/2291/2289 543/2292/2290 493/2342/2340
f 493/2342/2340 543/2292/2290 544/2293/2291 494/2343/2341
f 494/2343/2341 544/2293/2291 545/2294/2292 495/2344/2342
f 495/2344/2342 545/2294/2292 546/2295/2293 496/2345/2343
f 496/2345/2343 546/2295/2293 547/2296/2294 497/2346/2344
f 497/2346/2344 547/2296/2294 548/2297/2295 498/2347/2345
f 498/2347/2345 548/2297/2295 549/2298/2296 499/2348/2346
f 499/2348/2346 549/2298/2296 550/2299/2297 500/2349/2347
f 500/2349/2347 550/2299/2297 551/2300/2298 501/2350/2348
f 501/2350/2348 551/2300/2298 552/2301/2299 502/2351/2349
f 502/2351/2349 552/2301/2299 553/2302/2300 503/2352/2350
f 503/2352/2350 553/2302/2300 554/2303/2301 504/2353/2351
f 504/2353/2351 554/2303/2301 555/2304/2302 505/2354/2352
f 505/2354/2352 555/2304/2302 556/2305/2303 506/2355/2353
f 506/2355/2353 556/2305/2303 557/2306/2304 507/2356/2354
f 507/2356/2354 557/2306/2304 558/21/20 508/19/18
f 13/2357/2355 14/2307/2305 459/2308/2306 409/2358/2356
f 409/2358/2356 459/2308/2306 460/2309/2307 410/2359/2357
f 410/2359/2357 460/2309/2307 461/2310/2308 411/2360/2358
f 411/2360/2358 461/2310/2308 462/2311/2309 412/2361/2359
f 412/2361/2359 462/2311/2309 463/2312/2310 413/2362/2360
f 413/2362/2360 463/2312/2310 464/2313/2311 414/2363/2361
f 414/2363/2361 464/2313/2311 465/2314/2312 415/2364/2362
f 415/2364/2362 465/2314/2312 466/2315/2313 416/2365/2363
f 416/2365/2363 466/2315/2313 467/2316/2314 417/2366/2364
f 417/2366/2364 467/2316/2314 468/2317/2315 418/2367/2365
f 418/2367/2365 468/2317/2315 469/2318/2316 419/2368/2366
f 419/2368/2366 469/2318/2316 470/2319/2317 420/2369/2367
f 420/2369/2367 470/2319/2317 471/2320/2318 421/2370/2368
f 421/2370/2368 471/2320/2318 472/2321/2319 422/2371/2369
f 422/2371/2369 472/2321/2319 473/2322/2320 423/2372/2370
f 423/2372/2370 473/2322/2320 474/2323/2321 424/2373/2371
f 424/2373/2371 474/2323/2321 475/2324/2322 425/2374/2372
f 425/2374/2372 475/2324/2322 476/2325/2323 426/2375/2373
f 426/2375/2373 476/2325/2323 477/2326/2324 427/2376/2374
f 427/2376/2374 477/2326/2324 478/2327/2325 428/2377/2375
f 428/2377/2375 478/2327/2325 479/2328/2326 429/2378/2376
f 429/2378/2376 479/2328/2326 480/2329/2327 430/2379/2377
f 430/2379/2377 480/2329/2327 481/2330/2328 431/2380/2378
f 431/2380/2378 481/2330/2328 482/2331/2329 432/2381/2379
f 432/2381/2379 482/2331/2329 483/2332/2330 433/2382/2380
f 433/2382/2380 483/2332/2330 484/2333/2331 434/2383/2381
f 434/2383/2381 484/2333/2331 485/2334/2332 435/2384/2382
f 435/2384/2382 485/2334/2332 486/2335/2333 436/2385/2383
f 436/2385/2383 486/2335/2333 487/2336/2334 437/2386/2384
f 437/2386/2384 487/2336/2334 488/2337/2335 438/2387/2385
f 438/2387/2385 488/2337/2335 489/2338/2336 439/2388/2386
f 439/2388/2386 489/2338/2336 490/2339/2337 440/2389/2387
f 440/2389/2387 490/2339/2337 491/2340/2338 441/2390/2388
f 441/2390/2388 491/2340/2338 492/2341/2339 442/2391/2389
f 442/2391/2389 492/2341/2339 493/2342/2340 443/2392/2390
f 443/2392/2390 493/2342/2340 494/2343/2341 444/2393/2391
f 444/2393/2391 494/2343/2341 495/2344/2342 445/2394/2392
f 445/2394/2392 495/2344/2342 496/2345/2343 446/2395/2393
f 446/2395/2393 496/2345/2343 497/2346/2344 447/2396/2394
f 447/2396/2394 497/2346/2344 498/2347/2345 448/2397/2395
f 448/2397/2395 498/2347/2345 499/2348/2346 449/2398/2396
f 449/2398/2396 499/2348/2346 500/2349/2347 450/2399/2397
f 450/2399/2397 500/2349/2347 501/2350/2348 451/2400/2398
f 451/2400/2398 501/2350/2348 502/2351/2349 452/2401/2399
f 452/2401/2399 502/2351/2349 503/2352/2350 453/2402/2400
f 453/2402/2400 503/2352/2350 504/2353/2351 454/2403/2401
f 454/2403/2401 504/2353/2351 505/2354/2352 455/2404/2402
f 455/2404/2402 505/2354/2352 506/2355/2353 456/2405/2403
f 456/2405/2403 506/2355/2353 507/2356/2354 457/2406/2404
f 457/2406/2404 507/2356/2354 508/19/18 458/17/16
f 12/2407/2405 13/2357/2355 409/2358/2356 359/2408/2406
f 359/2408/2406 409/2358/2356 410/2359/2357 360/2409/2407
f 360/2409/2407 410/2359/2357 411/2360/2358 361/2410/2408
f 361/2410/2408 411/2360/2358 412/2361/2359 362/2411/2409
f 362/2411/2409 412/2361/2359 413/2362/2360 363/2412/2410
f 363/2412/2410 413/2362/2360 414/2363/2361 364/2413/2411
f 364/2413/2411 414/2363/2361 415/2364/2362 365/2414/2412
f 365/2414/2412 415/2364/2362 416/2365/2363 366/2415/2413
f 366/2415/2413 416/2365/2363 417/2366/2364 367/2416/2414
f 367/2416/2414 417/2366/2364 418/2367/2365 368/2417/2415
f 368/2417/2415 418/2367/2365 419/2368/2366 369/2418/2416
f 369/2418/2416 419/2368/2366 420/2369/2367 370/2419/2417
f 370/2419/2417 420/2369/2367 421/2370/2368 371/2420/2418
f 371/2420/2418 421/2370/2368 422/2371/2369 372/2421/2419
f 372/2421/2419 422/2371/2369 423/2372/2370 373/2422/2420
f 373/2422/2420 423/2372/2370 424/2373/2371 374/2423/2421
f 374/2423/2421 424/2373/2371 425/2374/2372 375/2424/2422
f 375/2424/2422 425/2374/2372 426/2375/2373 376/2425/2423
f 376/2425/2423 426/2375/2373 427/2376/2374 377/2426/2424
f 377/2426/2424 427/2376/2374 428/2377/2375 378/2427/2425
f 378/2427/2425 428/2377/2375 429/2378/2376 379/2428/2426
f 379/2428/2426 429/2378/2376 430/2379/2377 380/2429/2427
f 380/2429/2427 430/2379/2377 431/2380/2378 381/2430/2428
f 381/2430/2428 431/2380/2378 432/2381/2379 382/2431/2429
f 382/2431/2429 432/2381/2379 433/2382/2380 383/2432/2430
f 383/2432/2430 433/2382/2380 434/2383/2381 384/2433/2431
f 384/2433/2431 434/2383/2381 435/2384/2382 385/2434/2432
f 385/2434/2432 435/2384/2382 436/2385/2383 386/2435/2433
f 386/2435/2433 436/2385/2383 437/2386/2384 387/2436/2434
f 387/2436/2434 437/2386/2384 438/2387/2385 388/2437/2435
f 388/2437/2435 438/2387/2385 439/2388/2386 389/2438/2436
f 389/2438/2436 439/2388/2386 440/2389/2387 390/2439/2437
f 390/2439/2437 440/2389/2387 441/2390/2388 391/2440/2438
f 391/2440/2438 441/2390/2388 442/2391/2389 392/2441/2439
f 392/2441/2439 442/2391/2389 443/2392/2390 393/2442/2440
f 393/2442/2440 443/2392/2390 444/2393/2391 394/2443/2441
f 394/2443/2441 444/2393/2391 445/2394/2392 395/2444/2442
f 395/2444/2442 445/2394/2392 446/2395/2393 396/2445/2443
f 396/2445/2443 446/2395/2393 447/2396/2394 397/2446/2444
f 397/2446/2444 447/2396/2394 448/2397/2395 398/2447/2445
f 398/2447/2445 448/2397/2395 449/2398/2396 399/2448/2446
f 399/2448/2446 449/2398/2396 450/2399/2397 400/2449/2447
f 400/2449/2447 450/2399/2397 451/2400/2398 401/2450/2448
f 401/2450/2448 451/2400/2398 452/2401/2399 402/2451/2449
f 402/2451/2449 452/2401/2399 453/2402/2400 403/2452/2450
f 403/2452/2450 453/2402/2400 454/2403/2401 404/2453/2451
f 404/2453/2451 454/2403/2401 455/2404/2402 405/2454/2452
f 405/2454/2452 455/2404/2402 456/2405/2403 406/2455/2453
f 406/2455/2453 456/2405/2403 457/2406/2404 407/2456/2454
f 407/2456/2454 457/2406/2404 458/17/16 408/15/14
f 11/2457/2455 12/2407/2405 359/2408/2406 309/2458/2456
f 309/2458/2456 359/2408/2406 360/2409/2407 310/2459/2457
f 310/2459/2457 360/2409/2407 361/2410/2408 311/2460/2458
f 311/2460/2458 361/2410/2408 362/2411/2409 312/2461/2459
f 312/2461/2459 362/2411/2409 363/2412/2410 313/2462/2460
f 313/2462/2460 363/2412/2410 364/2413/2411 314/2463/2461
f 314/2463/2461 364/2413/2411 365/2414/2412 315/2464/2462
f 315/2464/2462 365/2414/2412 366/2415/2413 316/2465/2463
f 316/2465/2463 366/2415/2413 367/2416/2414 317/2466/2464
f 317/2466/2464 367/2416/2414 368/2417/2415 318/2467/2465
f 318/2467/2465 368/2417/2415 369/2418/2416 319/2468/2466
f 319/2468/2466 369/2418/2416 370/2419/2417 320/2469/2467
f 320/2469/2467 370/2419/2417 371/2420/2418 321/2470/2468
f 321/2470/2468 371/2420/2418 372/2421/2419 322/2471/2469
f 322/2471/2469 372/2421/2419 373/2422/2420 323/2472/2470
f 323/2472/2470 373/2422/2420 374/2423/2421 324/2473/2471
f 324/2473/2471 374/2423/2421 375/2424/2422 325/2474/2472
f 325/2474/2472 375/2424/2422 376/2425/2423 326/2475/2473
f 326/2475/2473 376/2425/2423 377/2426/2424 327/2476/2474
f 327/2476/2474 377/2426/2424 378/2427/2425 328/2477/2475
f 328/2477/2475 378/2427/2425 379/2428/2426 329/2478/2476
f 329/2478/2476 379/2428/2426 380/2429/2427 330/2479/2477
f 330/2479/2477 380/2429/2427 381/2430/2428 331/2480/2478
f 331/2480/2478 381/2430/2428 382/2431/2429 332/2481/2479
f 332/2481/2479 382/2431/2429 383/2432/2430 333/2482/2480
f 333/2482/2480 383/2432/2430 384/2433/2431 334/2483/2481
f 334/2483/2481 384/2433/2431 385/2434/2432 335/2484/2482
f 335/2484/2482 385/2434/2432 386/2435/2433 336/2485/2483
f 336/2485/2483 386/2435/2433 387/2436/2434 337/2486/2484
f 337/2486/2484 387/2436/2434 388/2437/2435 338/2487/2485
f 338/2487/2485 388/2437/2435 389/2438/2436 339/2488/302
f 339/2488/302 389/2438/2436 390/2439/2437 340/2489/2486
f 340/2489/2486 390/2439/2437 391/2440/2438 341/2490/2487
f 341/2490/2487 391/2440/2438 392/2441/2439 342/2491/2488
f 342/2491/2488 392/2441/2439 393/2442/2440 343/2492/2489
f 343/2492/2489 393/2442/2440 394/2443/2441 344/2493/2490
f 344/2493/2490 394/2443/2441 395/2444/2442 345/2494/2491
f 345/2494/2491 395/2444/2442 396/2445/2443 346/2495/2492
f 346/2495/2492 396/2445/2443 397/2446/2444 347/2496/2493
f 347/2496/2493 397/2446/2444 398/2447/2445 348/2497/2494
f 348/2497/2494 398/2447/2445 399/2448/2446 349/2498/2495
f 349/2498/2495 399/2448/2446 400/2449/2447 350/2499/2496
f 350/2499/2496 400/2449/2447 401/2450/2448 351/2500/2497
f 351/2500/2497 401/2450/2448 402/2451/2449 352/2501/2498
f 352/2501/2498 402/2451/2449 403/2452/2450 353/2502/2499
f 353/2502/2499 403/2452/2450 404/2453/2451 354/2503/2500
f 354/2503/2500 404/2453/2451 405/2454/2452 355/2504/2501
f 355/2504/2501 405/2454/2452 406/2455/2453 356/2505/2502
f 356/2505/2502 406/2455/2453 407/2456/2454 357/2506/2503
f 357/2506/2503 407/2456/2454 408/15/14 358/13/12
f 10/2507/2504 11/2457/2455 309/2458/2456 259/2508/2505
f 259/2508/2505 309/2458/2456 310/2459/2457 260/2509/2506
f 260/2509/2506 310/2459/2457 311/2460/2458 261/2510/2507
f 261/2510/2507 311/2460/2458 312/2461/2459 262/2511/2508
f 262/2511/2508 312/2461/2459 313/2462/2460 263/2512/2509
f 263/2512/2509 313/2462/2460 314/2463/2461 264/2513/2510
f 264/2513/2510 314/2463/2461 315/2464/2462 265/2514/2511
f 265/2514/2511 315/2464/2462 316/2465/2463 266/2515/2512
f 266/2515/2512 316/2465/2463 317/2466/2464 267/2516/2513
f 267/2516/2513 317/2466/2464 318/2467/2465 268/2517/2514
f 268/2517/2514 318/2467/2465 319/2468/2466 269/2518/2515
f 269/2518/2515 319/2468/2466 320/2469/2467 270/2519/2516
f 270/2519/2516 320/2469/2467 321/2470/2468 271/2520/2517
f 271/2520/2517 321/2470/2468 322/2471/2469 272/2521/2518
f 272/2521/2518 322/2471/2469 323/2472/2470 273/2522/2519
f 273/2522/2519 323/2472/2470 324/2473/2471 274/2523/2520
f 274/2523/2520 324/2473/2471 325/2474/2472 275/2524/2521
f 275/2524/2521 325/2474/2472 326/2475/2473 276/2525/2522
f 276/2525/2522 326/2475/2473 327/2476/2474 277/2526/2523
f 277/2526/2523 327/2476/2474 328/2477/2475 278/2527/2524
f 278/2527/2524 328/2477/2475 329/2478/2476 279/2528/2525
f 279/2528/2525 329/2478/2476 330/2479/2477 280/2529/2526
f 280/2529/2526 330/2479/2477 331/2480/2478 281/2530/2527
f 281/2530/2527 331/2480/2478 332/2481/2479 282/2531/2528
f 282/2531/2528 332/2481/2479 333/2482/2480 283/2532/2529
f 283/2532/2529 333/2482/2480 334/2483/2481 284/2533/2530
f 284/2533/2530 334/2483/2481 335/2484/2482 285/2534/2531
f 285/2534/2531 335/2484/2482 336/2485/2483 286/2535/2532
f 286/2535/2532 336/2485/2483 337/2486/2484 287/2536/2533
f 287/2536/2533 337/2486/2484 338/2487/2485 288/2537/2534
f 288/2537/2534 338/2487/2485 339/2488/302 289/2538/2535
f 289/2538/2535 339/2488/302 340/2489/2486 290/2539/2536
f 290/2539/2536 340/2489/2486 341/2490/2487 291/2540/2537
f 291/2540/2537 341/2490/2487 342/2491/2488 292/2541/2538
f 292/2541/2538 342/2491/2488 343/2492/2489 293/2542/2539
f 293/2542/2539 343/2492/2489 344/2493/2490 294/2543/2540
f 294/2543/2540 344/2493/2490 345/2494/2491 295/2544/2541
f 295/2544/2541 345/2494/2491 346/2495/2492 296/2545/2542
f 296/2545/2542 346/2495/2492 347/2496/2493 297/2546/2543
f 297/2546/2543 347/2496/2493 348/2497/2494 298/2547/2544
f 298/2547/2544 348/2497/2494 349/2498/2495 299/2548/2545
f 299/2548/2545 349/2498/2495 350/2499/2496 300/2549/2546
f 300/2549/2546 350/2499/2496 351/2500/2497 301/2550/2547
f 301/2550/2547 351/2500/2497 352/2501/2498 302/2551/2548
f 302/2551/2548 352/2501/2498 353/2502/2499 303/2552/2549
f 303/2552/2549 353/2502/2499 354/2503/2500 304/2553/2550
f 304/2553/2550 354/2503/2500 355/2504/2501 305/2554/2551
f 305/2554/2551 355/2504/2501 356/2505/2502 306/2555/2552
f 306/2555/2552 356/2505/2502 357/2506/2503 307/2556/2553
f 307/2556/2553 357/2506/2503 358/13/12 308/11/10
f 9/2557/2554 10/2507/2504 259/2508/2505 209/2558/2555
f 209/2558/2555 259/2508/2505 260/2509/2506 210/2559/2556
f 210/2559/2556 260/2509/2506 261/2510/2507 211/2560/2557
f 211/2560/2557 261/2510/2507 262/2511/2508 212/2561/2558
f 212/2561/2558 262/2511/2508 263/2512/2509 213/2562/2559
f 213/2562/2559 263/2512/2509 264/2513/2510 214/2563/2560
f 214/2563/2560 264/2513/2510 265/2514/2511 215/2564/2561
f 215/2564/2561 265/2514/2511 266/2515/2512 216/2565/2562
f 216/2565/2562 266/2515/2512 267/2516/2513 217/2566/2563
f 217/2566/2563 267/2516/2513 268/2517/2514 218/2567/2564
f 218/2567/2564 268/2517/2514 269/2518/2515 219/2568/2565
f 219/2568/2565 269/2518/2515 270/2519/2516 220/2569/2566
f 220/2569/2566 270/2519/2516 271/2520/2517 221/2570/2567
f 221/2570/2567 271/2520/2517 272/2521/2518 222/2571/2568
f 222/2571/2568 272/2521/2518 273/2522/2519 223/2572/2569
f 223/2572/2569 273/2522/2519 274/2523/2520 224/2573/2570
f 224/2573/2570 274/2523/2520 275/2524/2521 225/2574/2571
f 225/2574/2571 275/2524/2521 276/2525/2522 226/2575/2572
f 226/2575/2572 276/2525/2522 277/2526/2523 227/2576/2573
f 227/2576/2573 277/2526/2523 278/2527/2524 228/2577/2574
f 228/2577/2574 278/2527/2524 279/2528/2525 229/2578/2575
f 229/2578/2575 279/2528/2525 280/2529/2526 230/2579/2576
f 230/2579/2576 280/2529/2526 281/2530/2527 231/2580/2577
f 231/2580/2577 281/2530/2527 282/2531/2528 232/2581/2578
f 232/2581/2578 282/2531/2528 283/2532/2529 233/2582/2579
f 233/2582/2579 283/2532/2529 284/2533/2530 234/2583/2580
f 234/2583/2580 284/2533/2530 285/2534/2531 235/2584/2581
f 235/2584/2581 285/2534/2531 286/2535/2532 236/2585/2582
f 236/2585/2582 286/2535/2532 287/2536/2533 237/2586/2583
f 237/2586/2583 287/2536/2533 288/2537/2534 238/2587/2584
f 238/2587/2584 288/2537/2534 289/2538/2535 239/2588/2585
f 239/2588/2585 289/2538/2535 290/2539/2536 240/2589/2586
f 240/2589/2586 290/2539/2536 291/2540/2537 241/2590/2587
f 241/2590/2587 291/2540/2537 292/2541/2538 242/2591/2588
f 242/2591/2588 292/2541/2538 293/2542/2539 243/2592/2589
f 243/2592/2589 293/2542/2539 294/2543/2540 244/2593/2590
f 244/2593/2590 294/2543/2540 295/2544/2541 245/2594/2591
f 245/2594/2591 295/2544/2541 296/2545/2542 246/2595/2592
f 246/2595/2592 296/2545/2542 297/2546/2543 247/2596/2593
f 247/2596/2593 297/2546/2543 298/2547/2544 248/2597/2594
f 248/2597/2594 298/2547/2544 299/2548/2545 249/2598/2595
f 249/2598/2595 299/2548/2545 300/2549/2546 250/2599/2596
f 250/2599/2596 300/2549/2546 301/2550/2547 251/2600/2597
f 251/2600/2597 301/2550/2547 302/2551/2548 252/2601/2598
f 252/2601/2598 302/2551/2548 303/2552/2549 253/2602/2599
f 253/2602/2599 303/2552/2549 304/2553/2550 254/2603/2600
f 254/2603/2600 304/2553/2550 305/2554/2551 255/2604/2601
f 255/2604/2601 305/2554/2551 306/2555/2552 256/2605/2602
f 256/2605/2602 306/2555/2552 307/2556/2553 257/2606/2603
f 257/2606/2603 307/2556/2553 308/11/10 258/9/7
f 5/1/2604 9/2557/2554 209/2558/2555 109/2607/2605
f 109/2607/2605 209/2558/2555 210/2559/2556 110/2608/2606
f 110/2608/2606 210/2559/2556 211/2560/2557 111/2609/2607
f 111/2609/2607 211/2560/2557 212/2561/2558 112/2610/2608
f 112/2610/2608 212/2561/2558 213/2562/2559 113/2611/2609
f 113/2611/2609 213/2562/2559 214/2563/2560 114/2612/2610
f 114/2612/2610 214/2563/2560 215/2564/2561 115/2613/2611
f 115/2613/2611 215/2564/2561 216/2565/2562 116/2614/2612
f 116/2614/2612 216/2565/2562 217/2566/2563 117/2615/2613
f 117/2615/2613 217/2566/2563 218/2567/2564 118/2616/2614
f 118/2616/2614 218/2567/2564 219/2568/2565 119/2617/2615
f 119/2617/2615 219/2568/2565 220/2569/2566 120/2618/2616
f 120/2618/2616 220/2569/2566 221/2570/2567 121/2619/2617
f 121/2619/2617 221/2570/2567 222/2571/2568 122/2620/2618
f 122/2620/2618 222/2571/2568 223/2572/2569 123/2621/2619
f 123/2621/2619 223/2572/2569 224/2573/2570 124/2622/2620
f 124/2622/2620 224/2573/2570 225/2574/2571 125/2623/2621
f 125/2623/2621 225/2574/2571 226/2575/2572 126/2624/2622
f 126/2624/2622 226/2575/2572 227/2576/2573 127/2625/2623
f 127/2625/2623 227/2576/2573 228/2577/2574 128/2626/2624
f 128/2626/2624 228/2577/2574 229/2578/2575 129/2627/2625
f 129/2627/2625 229/2578/2575 230/2579/2576 130/2628/2626
f 130/2628/2626 230/2579/2576 231/2580/2577 131/2629/2627
f 131/2629/2627 231/2580/2577 232/2581/2578 132/2630/2628
f 132/2630/2628 232/2581/2578 233/2582/2579 133/2631/2629
f 133/2631/2629 233/2582/2579 234/2583/2580 134/2632/2630
f 134/2632/2630 234/2583/2580 235/2584/2581 135/2633/2631
f 135/2633/2631 235/2584/2581 236/2585/2582 136/2634/2632
f 136/2634/2632 236/2585/2582 237/2586/2583 137/2635/2633
f 137/2635/2633 237/2586/2583 238/2587/2584 138/2636/2634
f 138/2636/2634 238/2587/2584 239/2588/2585 139/2637/2635
f 139/2637/2635 239/2588/2585 240/2589/2586 140/2638/2636
f 140/2638/2636 240/2589/2586 241/2590/2587 141/2639/2637
f 141/2639/2637 241/2590/2587 242/2591/2588 142/2640/2638
f 142/2640/2638 242/2591/2588 243/2592/2589 143/2641/2639
f 143/2641/2639 243/2592/2589 244/2593/2590 144/2642/2640
f 144/2642/2640 244/2593/2590 245/2594/2591 145/2643/2641
f 145/2643/2641 245/2594/2591 246/2595/2592 146/2644/2642
f 146/2644/2642 246/2595/2592 247/2596/2593 147/2645/2643
f 147/2645/2643 247/2596/2593 248/2597/2594 148/2646/2644
f 148/2646/2644 248/2597/2594 249/2598/2595 149/2647/2645
f 149/2647/2645 249/2598/2595 250/2599/2596 150/2648/2646
f 150/2648/2646 250/2599/2596 251/2600/2597 151/2649/2647
f 151/2649/2647 251/2600/2597 252/2601/2598 152/2650/2648
f 152/2650/2648 252/2601/2598 253/2602/2599 153/2651/2649
f 153/2651/2649 253/2602/2599 254/2603/2600 154/2652/2650
f 154/2652/2650 254/2603/2600 255/2604/2601 155/2653/2651
f 155/2653/2651 255/2604/2601 256/2605/2602 156/2654/2652
f 156/2654/2652 256/2605/2602 257/2606/2603 157/2655/2653
f 157/2655/2653 257/2606/2603 258/9/7 158/8/6
f 58/108/107 6/2/2654 159/2656/2655 2659/109/108
f 2659/109/108 159/2656/2655 160/2657/2656 2660/111/110
f 2660/111/110 160/2657/2656 161/2658/2657 2661/113/112
f 2661/113/112 161/2658/2657 162/2659/2658 2662/115/114
f 2662/115/114 162/2659/2658 163/2660/2659 2663/117/116
f 2663/117/116 163/2660/2659 164/2661/2660 2664/119/118
f 2664/119/118 164/2661/2660 165/2662/2661 2665/121/120
f 2665/121/120 165/2662/2661 166/2663/2662 2666/123/122
f 2666/123/122 166/2663/2662 167/2664/2663 2667/125/124
f 2667/125/124 167/2664/2663 168/2665/2664 2668/127/126
f 2668/127/126 168/2665/2664 169/2666/2665 2669/129/128
f 2669/129/128 169/2666/2665 170/2667/2666 2670/131/130
f 2670/131/130 170/2667/2666 171/2668/2667 2671/133/132
f 2671/133/132 171/2668/2667 172/2669/2668 2672/135/134
f 2672/135/134 172/2669/2668 173/2670/2669 2673/137/136
f 2673/137/136 173/2670/2669 174/2671/2670 2674/139/138
f 2674/139/138 174/2671/2670 175/2672/2671 2675/141/140
f 2675/141/140 175/2672/2671 176/2673/2672 2676/143/142
f 2676/143/142 176/2673/2672 177/2674/2673 2677/145/144
f 2677/145/144 177/2674/2673 178/2675/2674 2678/147/146
f 2678/147/146 178/2675/2674 179/2676/2675 2679/149/148
f 2679/149/148 179/2676/2675 180/2677/2676 2680/151/150
f 2680/151/150 180/2677/2676 181/2678/2677 2681/153/152
f 2681/153/152 181/2678/2677 182/2679/2678 2682/155/154
f 2682/155/154 182/2679/2678 183/2680/2679 2683/157/156
f 2683/157/156 183/2680/2679 184/2681/2680 2684/159/158
f 2684/159/158 184/2681/2680 185/2682/2681 2685/161/160
f 2685/161/160 185/2682/2681 186/2683/2682 2686/163/162
f 2686/163/162 186/2683/2682 187/2684/2683 2687/165/164
f 2687/165/164 187/2684/2683 188/2685/2684 2688/167/166
f 2688/167/166 188/2685/2684 189/2686/2685 2689/169/168
f 2689/169/168 189/2686/2685 190/2687/2686 2690/171/170
f 2690/171/170 190/2687/2686 191/2688/2687 2691/173/172
f 2691/173/172 191/2688/2687 192/2689/2688 2692/175/174
f 2692/175/174 192/2689/2688 193/2690/2689 2693/177/176
f 2693/177/176 193/2690/2689 194/2691/2690 2694/179/178
f 2694/179/178 194/2691/2690 195/2692/2691 2695/181/180
f 2695/181/180 195/2692/2691 196/2693/2692 2696/183/182
f 2696/183/182 196/2693/2692 197/2694/2693 2697/185/184
f 2697/185/184 197/2694/2693 198/2695/2694 2698/187/186
f 2698/187/186 198/2695/2694 199/2696/2695 2699/189/188
f 2699/189/188 199/2696/2695 200/2697/2696 2700/191/190
f 2700/191/190 200/2697/2696 201/2698/2697 2701/193/192
f 2701/193/192 201/2698/2697 202/2699/2698 2702/195/194
f 2702/195/194 202/2699/2698 203/2700/2699 2703/197/196
f 2703/197/196 203/2700/2699 204/2701/2700 2704/199/198
f 2704/199/198 204/2701/2700 205/2702/2701 2705/201/200
f 2705/201/200 205/2702/2701 206/2703/2702 2706/203/202
f 2706/203/202 206/2703/2702 207/2704/2703 2707/205/204
f 2707/205/204 207/2704/2703 208/6/3 2708/5/2
